치매센터명,치매센터유형,소재지도로명주소,소재지지번주소,위도,경도,설립년월,건축물면적,부대시설정보,의사인원수,간호사인원수,사회복지사인원수,기타인원현황,운영기관명,운영기관대표자명,운영기관전화번호,운영위탁일자,주요치매관리프로그램소개,관리기관전화번호,관리기관명,데이터기준일자,제공기관코드,제공기관명
의령군보건소 치매안심센터,치매안심센터,경상남도 의령군 의병로 8길 16-1,경상남도 의령군 의령읍 서동리 534,35.3178189176,128.2547694863,2019-07,838.18,"사무실, 상담실, 검진실, 진료실, 쉼터, 프로그램실",1,10,1,3,의령군보건소,성미자,055-570-4072,,"치매안심센터 운영, 치매조기 검진사업, 치매 등록관리, 치매 치료관리비 지원사업, 인지재활 프로그램 운영 등",055-570-4072,의령군보건소,2020-04-08,5390000,경상남도 의령군
거제시 치매안심센터,치매안심센터,경상남도 거제시 거제중앙로 13길 25,"경상남도 거제시 고현동 159-11, 12",34.8821847210,128.6236992013,2018-12,959.22,,1,18,2,1,거제시보건소,정기만,055-639-6226,,치매환자 등록 및 관리/ 치매조기검진 / 치매예방교육 및 인식개선/ 치매가족교육 및 자조모임/쉼터프로그램운영,055-639-6200,경상남도 거제시 보건소,2019-12-27,5370000,경상남도 거제시
양평군치매안심센터,치매안심센터,경기도 양평군 양평읍 중앙로111번길 34,경기도 양평군 양평읍 공흥리 310-1,37.4965276996,127.5047029501,2011-02,251,사무실(1)+상담실(1)+프로그램실(1)+교육실(1)+기타(1),1,5,5,작업치료사(3)+운전기사(4),한양대학교 산학협력단,노성원,031-771-5773,2011-02-01,"치매예방관리사업,치매등록관리사업,치매지역사회기반강화",031-770-3534,경기도 양평군보건소,2020-02-14,4170000,경기도 양평군
금산군치매안심센터,치매안심센터,충청남도 금산군 금산읍 비범1길5,충청남도 금산군 금산읍 중도리 214-3,36.1095223,127.4934473,2017-12,419,"치매인지프로그램실, 프로그램실, 검진실, 상담실 등",2,8,5,2,금산군보건소,이화영,041-750-4174,,"치매조기검진, 예방등록관리, 치매인식개선, 지역사회역량강화",041-750-4171,금산군,2020-04-30,6440000,충청남도
부여군치매안심센터,치매안심센터,충청남도 부여군 부여읍 성왕로 205,충청남도 부여군 부여읍 구아리 136,36.28305222,126.909337,2018-06,500,"사무실, 치매인지프로그램실 3, 검진실, 상담실, 가족카페 등",1,10,3,2,부여군보건소,김갑수,041-830-8727,,"치매조기검진, 예방등록관리, 치매인식개선, 지역사회역량강화",041-830-8600,부여군,2020-04-30,6440000,충청남도
서천군치매안심센터,치매안심센터,충청남도 서천군 서천읍 사곡길 20-2,충청남도 서천군 서천읍 군사리 803,36.0817134,126.6887404,2019-12,906,"강당, 프로그램실, 가족카페, 상담실, 인지강화실 등",2,10,2,3,서천군보건소,김재연,041-950-6732,,"치매조기검진, 예방등록관리, 치매인식개선, 지역사회역량강화",041-950-6732,서천군,2020-04-30,6440000,충청남도
청양군치매안심센터,치매안심센터,충청남도 청양군 청양읍 칠갑산로 7길54,충청남도 청양군 청양읍 읍내리 261-1,36.45501978,126.8049372,2017-12,995,"프로그램실,회의실 상담실, 검진실,쉼터, 휴게실(카페) 등",1,6,2,2,청양군보건의료원,김상경,041-940-4550,,"치매조기검진, 예방등록관리, 치매인식개선, 지역사회역량강화",041-940-4550,청양군,2020-04-30,6440000,충청남도
홍성군매안심센터,치매안심센터,충청남도 홍성군 홍성읍 문화로 106,충청남도 홍성군 홍성읍 오관리 474-7,36.59664192,126.6630613,2018-10,498,"치매인지프로그램실, 교육실, 검진실, 상담실 등",1,18,2,7,홍성군보건소,조용희,041-630-9076,,"치매조기검진, 예방등록관리, 치매인식개선, 지역사회역량강화",041-630-9076,홍성군,2020-04-30,6440000,충청남도
예산군치매안심센터,치매안심센터,"충청남도 예산군 예산읍 군청로22, 예산군보건소 5층",충청남도 예산군 예산읍 예산리 777,36.68088054,126.8448507,2018-11,427.55,"가족카페, 교육실, 치매프로그램실, 검진실, 상담실 등",2,12,1,4,예산군보건소,최승묵,041-339-6121,,"치매조기검진, 예방등록관리, 치매인식개선, 지역사회역량강화",041-339-7114,예산군,2020-04-30,6440000,충청남도
태안군치매안심센터,치매안심센터,충청남도 태안군 태안읍 서해로1952-16,충청남도 태안군 태안읍 평천리 681,36.7518786,126.3231987,2017-12,330,"인지프로그램실, 상담실, 검진실 , 카페, 쉼터 등",1,11,2,3,태안군보건소,허종일,341-371-5262,,"치매조기검진, 예방등록관리, 치매인식개선, 지역사회역량강화",041-000-0000,태안군,2020-04-30,6440000,충청남도
의정부시보건소 치매상담센터,치매안심센터,경기도 의정부시 범골로 128 다다원빌딩 3층,경기도 의정부시 의정부동 551-1 다다원빌딩 3층 치매상담센터,37.7354963,127.0396299,2007-08,,,0,3,2,,의정부시보건소,전광용,031-828-4862,,"무료치매선별검사, 치매상담,치매에방교육, 재가치매환자 조호물품 지원, 치매치료관리비 지원, 인지재활 프로그램운영, 치매 극복의 날 기념행사 등",,의정부시보건소,2019-10-03,3820000,경기도 의정부시
영통구치매안심센터,치매안심센터,"경기도 수원시 영통구 영통로 396, 영통구보건소 5층",경기도 수원시 영통구 영통동 961-18,37.2568819035,127.0697092377,2018-01,440.78,사무실(2)+프로그램실(3)+상담실(4)+휴게실(1),0,11,4,3,영통구보건소,심평수,031-228-8447,,"무료치매검진, 치매치료관리비지원, 인지프로그램운영, 치매가족지지프로그램 운영, 치매인식개선 및 홍보 등",031-228-8792,수원시 영통구보건소,2020-04-16,3740000,경기도 수원시
장안구치매안심센터,치매안심센터,"경기도 수원시 장안구 송원로 101, (조원동)",경기도 수원시 장안구 조원동 888,37.3033812651,127.0096236295,2018-10,482,사무실(2)+프로그램실(4)+상담검진실(3)+진료실(1)+가족카페(1),0,13,3,2,장안구보건소,최혜옥,031-228-5952,,"치매조기검진, 치매치료관리비지원, 인지프로그램운영, 치매가족지지프로그램 운영 등",031-228-5952,수원시 장안구보건소,2020-04-16,3740000,경기도 수원시
권선구치매안심센터,치매안심센터,경기도 수원시 권선구 호매실로 22-50(탑동),경기도 수원시 권선구 탑동 910,37.2587442401,126.9711281201,2019-07,498,사무실(1)+프로그램실(3)+상담검진실(3)+가족카페(1),0,11,3,3,권선구보건소,권용찬,031-228-6957,,"무료치매검진, 치매치료관리비지원, 인지프로그램운영, 치매가족지지프로그램 운영, 치매인식개선 및 홍보 등",031-228-6957,수원시 권선구보건소,2020-04-16,3740000,경기도 수원시
팔달구치매안심센터,치매안심센터,경기도 수원시 팔달구 팔달산로 6 (교동),경기도 수원시 팔달구 교동 56-1,37.2714330,127.0125194216,2017-12,388,검진실(1)+프로그램실(1)+가족카페(1),0,13,3,2,팔달구보건소,김순애,031-228-7579,,"무료치매검진, 치매치료관리비지원, 인지프로그램운영, 치매가족지지프로그램 운영 등",031-228-7579,수원시 팔달구보건소,2020-04-16,3740000,경기도 수원시
부산진구치매안심센터,치매안심센터,부산광역시 부산진구 새싹로253,부산광역시 부산진구 초읍동 278-8,35.178777,129.0475494346,2018-12,548.48,,1,12,6,2,부산진구청,서은숙,051-605-6107,,"치매조기검진, 치매대상자 등록관리, 치매치료관리비지원, 치매인식개선 및 홍보 등",051-605-6107,부산진구보건소,2020-04-09,3290000,부산광역시 부산진구
파주시 치매안심센터,치매안심센터,경기도 파주시 조리읍 봉천로 68(건강증진센터 3층),경기도 파주시 조리읍 봉일천리 188-9,37.745044,126.805009715,2018-05,356.42,"사무실(1), 프로그램실(1), 다목적홀(1), 상담실(2), 센터장실(진단검사실)(1), 가족카페(1)",1,9,4,"작업치료사 (3), 기타(2)",파주시 보건소,파주시보건소장(김규일),031-940-5740,,"치매조기검진사업, 치매인식개선 및 예방사업, 치매환자가족(헤아림)교육 및 지지프로그램 운영, 쉼터 운영사업,치매치료비지원사업, 치매파트너 모집, 치매환자 배회인식표제공, 지문등록, 치매안심공동체 운영, 사례관리,치매환자 인지재활 프로그램",031-940-5740,파주시 보건소,2019-03-11,4060000,경기도 파주시
안성시 치매안심센터,치매안심센터,경기도 안성시 강변로 74번길 18,"경기도 안성시 도기동 68-1, 안성시보건소",37.0001476,127.2698156,2018-12,792.07,"사무실(1), 상담교육실(1), 치매쉼터(4), 가족카페(4), 프로그램실(2)",0,7,5,9,안성시 보건소,박창양,031-678-3003,,"치매조기검진 및 환자등록, 맞춤형 사례관리, 치매쉼터 운영, 치매예방교실, 가족교육, 치매치료관리비지원, 실종예방 지문인식 및 배회인식표발급,  등",031-678-3002,경기도 안성시,2020-03-19,4080000,경기도 안성시
연제구치매상담센터,치매안심센터,부산광역시 연제구 거제시장로22번길 70(거제동),부산광역시 연제구 거제동 558-3,35.1840299,129.0730754962,2018-11,469.63,"상담실, 보담실, 소담실, 검진실, 쉼터",0,11,2,5,연제구보건소,사공필용,051-665-4832,,"치매조기검진, 치매환자등록관리, 치매치료관리비 지원, 환자,가족프로그램 운영",051-665-4830,연제구보건소,2020-02-14,3370000,부산광역시 연제구
인제군치매안심센터,치매안심센터,강원도 인제군 인제읍 인제로140번길 34,강원도 인제군 인제읍 남북리 789-1,38.0632770593,128.1685854173,2019-12,719.3,"사무실(2)+치매환자쉼터(1)+가족카페(1)+교육실(2)+검진,상담실(1), 창고",1,4,4,행정(3)+작업치료사(1),직영,유석민,033-460-2405,,"무료치매검사,경증치매환자단기쉼터운영, 인지재활프로그램, 65세이상 치매예방교실, 치매인식개선, 기타 치매환자 조호물품, 치매치료관리지지원등",,강원도 인제군청,2020-06-23,4330000,강원도 인제군
경주시 치매상담센터,치매안심센터,경상북도 경주시 봉황로 178,경상북도 경주시 성건동 620-83,35.85535748,129.2105107435,2017-12,633,"상담실1,검진실1,치매카페,다목적실,교육장,체력측정실,자원봉사자실,사무실",0,16,2,6,경주시보건소,경주시보건소장(김장희),054-760-2950,,"치매조기검진, 치매치료비지원, 치매쉼터운영, 치매가족프로그램 운영, 치매예방교육 및 상담",054-779-8659,경상북도 경주시청,2020-06-24,5050000,경상북도 경주시
거창군치매안심센터,치매안심센터,경상남도 거창군 거창읍 거함대로 3079,경상남도 거창군 거창읍 송정리 332-3,35.6809363016,127.8987273799,2018-12,,,1,8,4,1,경상남도 거창군보건소,조춘화,055-940-7912,,"치매환자 등록 관리, 치매치료비 지원, 치매환자 조호물품지원, 노인성질환자 위생용품 지원, 치매 실종예방 배회감지기 지원, 치매조기검진, 치매안심프로그램 운영, 치매파트너 양성, 치매극복선도기관 지정, 치매예방교육 등",055-940-7912,경상남도 거창군보건소,2019-08-23,5470000,경상남도 거창군
부안군 치매센터,치매안심센터,전라북도 부안군 부안읍 오리정로 124,,35.72283463,126.7355916,2019-06,214.98,사무실(1)+프로그램실(1)+쉼터(1)+검진실(2)+상담실(1),0,7,3,심리상담사(1)+작업치료사(1),부안군 보건소,박현자,063-580-3066,,"무료치매검사, 진단검사 치매극복의 날 기념행사, 쉼터 운영등",,부안군청,2020-06-25,4790000,전라북도 부안군
태안군치매안심센터,치매안심센터,충청남도 태안군 태안읍 서해로 1952-16,충청남도 태안군 태안읍 평천리 698-6,36.7518786038,126.3231987083,2018-06,330,"프로그램실, 가족카페, 사무실, 검진실,대기실",1,4,2,1,태안군,허종일,041-671-5228,2018-06-01,"치매환자 등록관리, 조호물품 지원, 치료관리비 지원,쉼터프로그램 운영, 조기검진, 치매예방 교육 등",041-671-5262,태안군 보건의료원,2020-06-23,4620000,충청남도 태안군
대전광역시 대덕구 치매안심센터,치매안심센터,"대전광역시 대덕구 동춘당로 187, 3층","대전광역시 대덕구 법동 192-1, 3층",36.367296,127.430828,2018-07,,"로비, 사무실, 교육·상담실, 검진실, 프로그램실(2), 가족카페",1,10,1,3,대전광역시 대덕구보건소,김주연,042-608-5499,,"치매환자 등록 관리, 가족교육, 예방교육, 치매검사, 인지훈련 등",042-608-6114,대전광역시 대덕구,2020-04-09,3680000,대전광역시 대덕구
서산시치매안심센터,치매안심센터,충청남도 서산시 호수공원 6로 6,충청남도 서산시 예천동 496-1,36.77457668,126.4445156,2018-08,350,"쉼터, 까페, 상담실, 진단검사실, 사무실",1,6,4,5,서산시보건소,송기력,041-661-6592,,"치매조기검진, 예방등록관리, 치매인식개선, 지역사회역량강화, 프로그램 운영",041-661-6598,서산시,2020-04-30,6440000,충청남도
논산시치매안심센터,치매안심센터,충청남도 논산시 논산대로 382,충청남도 논산시 관촉동 327-2,36.19607621,127.1035668,2018-11,730.27,"상담실,검진실,쉼터,가족카페 등",1,14,2,4,논산시보건소,김연안,041-746-6937,,"치매조기검진, 예방등록관리, 치매인식개선, 지역사회역량강화",041-746-6921,논산시,2020-04-30,6440000,충청남도
계룡시치매안심센터,치매안심센터,충청남도 계룡시 장안로 54,충청남도 계룡시 금암동 10-5,36.27307428,127.2500604,2019-10,396,"사무실, 검진실, 상담실, 쉼터 및 가족카페 등",1,3,1,4,계룡시보건소,임채희,042-840-3681,,"치매조기검진, 예방등록관리, 치매인식개선, 지역사회역량강화",042-840-3681,계룡시,2020-04-30,6440000,충청남도
당진시치매안심센터,치매안심센터,충청남도 당진시 서부로 56,충청남도 당진시 채운동 1040,36.88740257,126.6300054,2018-12,600,"치매인지프로그램실, 교육실, 검진실, 상담실, 카페 등",1,10,4,4,당진시보건소,이인숙,041-360-6711,,"치매조기검진, 예방등록관리, 치매인식개선, 지역사회역량강화",041-360-6711,당진시,2020-04-30,6440000,충청남도
마포구치매지원센터,치매안심센터,서울특별시 마포구 대흥로 122,서울특별시 마포구 대흥동 38-22,37.5503486,126.944249,2007-07,624,진료실 검진실 프로그램실 사무실 강당,1,7,3,2,가톨릭대학교서울성모병원,양동원,3272-1578,2018-01-01,치매예방및인식개선사업 치매조기검진사업 치매예방등록관리사업 치매치료비및원인확진검사비지원,3153-9062,마포구보건소지역보건과,2018-08-13,3130000,서울특별시 마포구
영월군 치매안심센터,치매안심센터,강원도 영월군 영월읍 하송로 46-43,,37.185814,128.461674,2018-08,462,사무실+진료실+검진실+상담실+교육실+쉼터(프로그램실)+카페,1,5,2,작업치료사(2),영월군보건소,손영희,033-370-2556,,"인지재활프로그램, 가족교실운영(헤아림)",033-370-2556,영월군청,2018-08-26,4270000,강원도 영월군
화천군정신건강증진센터,치매안심센터,강원도 화천군 화천읍 강변로 111,강원도 화천군 화천읍 중리 242-4,38.107546,127.709121,2018-01,86.92,사무실+교육실1,0,2,0,0,화천군보건의료원,김진백,033-442-4424,,"치매검사, 원격진료, 주간재활프로그램 운영",033-442-4424,강원도 화천군청,2018-08-10,4310000,강원도 화천군
장흥군보건소 치매안심센터,치매안심센터,전라남도 장흥군 장흥읍 동교1길 13,,34.6770039,126.907038,2018-12,,"사무실, 상담실, 검진실, 프로그램실, 치매카페, 쉼터",1,4,1,1(작업치료사),장흥군보건소,김규중,061-860-0541,,"치매예방 및 인식개선(교육, 홍보, 선도기관, 파트너양성)치매조기검진(선별, 진단,정밀)치매예방등록사업(상담 및 사례관리, 환자 및 가족 지원, 인지강화 프로그램, 에방교실), 치매안심마을 운영, 치매쉼터, 치매실종예방사업, 치매치료비 지원, 치매조호물품지원,치매지역사회 지원강화, 치매통합관리 정보시스템 구축 운영",061-860-0549,장흥군보건소,2019-06-25,4910000,전라남도 장흥군
경기도 송탄보건소,치매안심센터,경기도 평택시 경기대로 1366,경기도 평택시 서정동 800,37.0658098486,127.065044,2017-12,778,"사무실(2),프로그램실(6)",0,6,0,,경기도 평택시청 송탄보건소,송탄보건소장,031-8024-7300,,"치매조기검사사업, 치매예방교육 및 인지재활, 가족프로그램 운영 등",031-8024-7300,경기도 평택시청 송탄보건소,2019-09-25,3910000,경기도 평택시
치매안심센터,치매안심센터,경상남도 진주시 월아산로 983 1층,,35.159108927,128.163615211,2018-11,,,3,22,1,,진주시보건소,황혜경,055-749-5778,,"치매선별 및 진단검사,치매안심센터 쉼터운영, 치매극복의 날 행사, 치매파트너, 파트너플러스, 치매안심마을 운영",,진주시보건소,2020-06-30,5310000,경상남도 진주시
부산광역시 해운대구,치매안심센터,부산광역시 해운대구 양운로 37번길 59,부산광역시 해운대구 좌동 1339,35.16410942,129.1786558,2017-05,630,주차장등,3,9,4,4,해운대구치매안심센터,조봉수,051-749-0770,,"치매조기검진(선별,정밀)치매환자 상담 및 등록관리조호물품지원치매치료비지원치매환자 공공후견인지원치매예방교실인지강화교실(두근두근뇌운동)인지재활교실 가족교실(헤아림)가족모임지원 등",051-749-7572,해운대구보건소,2020-06-23,3330000,부산광역시 해운대구
강릉시치매안심센터,치매안심센터,강원도 강릉시 남부로17번길 38,강원도 강릉시 내곡동 413,37.74281029,128.8827502,2019-12,3602.26,"사무실, 검진실, 상담실, 쉼터, 가족카페, 프로그램실",2,12,3,3,강릉시보건소,이기영,033-660-3081,,"등록관리, 조기검진, 예방관리, 가족지원, 인식개선 및 홍보",033-660-3081,강릉시보건소,2020-06-17,4200000,강원도 강릉시
관악구치매안심센터,치매안심센터,"서울특별시 관악구 관악로 145, 3동3층",서울특별시 관악구 봉천동 1570-1,37.4782097744,126.9515031667,2008-11,495.73,"사무실(1), 상담실(2)+진료실(1)+프로그램실(3)+가족카페(1), 기타(난곡치매안심분소)",3,8,3,작업치료사(3),서울특별시 관악구보건소,최정화,02-879-4910,,"치매조기검진, 치매예방 및 등록관리,  저소득층 치매의료비 지원, 실종예방서비스 지원,  인지건강센터 및 치매환자 쉼터 운영,  치매환자 가족교육 및 가족모임 운영",02-879-7184,서울특별시 관악구보건소,2020-06-03,3200000,서울특별시 관악구
괴산군치매안심센터,치매안심센터,충청북도 괴산군 괴산읍 동진천길 43,충청북도 괴산군 괴산읍 동부리 661-75,36.8079987446,127.7966048,2018-12,,,0,2,1,2,괴산군치매안심센터,이영남,043-830-2365,,"치매선별검사, 치매진단검사, 가족교실, 인지교실 등",043-830-2350,괴산군보건소,2020-06-29,4460000,충청북도 괴산군
영천시치매안심센터,치매안심센터,경상북도 영천시 옛군청 1길 31,경상북도 영천시 문내동 152-1,35.96827319,128.9322092,2018-11,614.39,"사무실, 진료실, 검진실, 상담실, 카페, 프로그램실",2,10,2,5,영천시보건소,최수영,054-339-7817,,"치매선별검사, 치매예방홍보, 치매서포터즈운영, 치매진단검사, 인지재활프로그램 운영, 치매치료관리비 지원, 치매대상자 사례관리, 치매대상자 실종예방 배회인식표 발급 및 지문등록",054-339-7817,영천시보건소,2020-06-29,5100000,경상북도 영천시
예산군 치매안심센터,치매안심센터,충청남도 예산군 예산읍 군청로 22,충청남도 예산군 예산읍 예산리 777,36.68088054,126.8448507,2020-12,427.55,보건소장,2,12,1,5,예산군보건소,최승묵,041-339-6140,,인지재활,041-339-6140,보건소치매관리팀,2020-06-26,4610000,충청남도 예산군
충주시치매안심센터,치매안심센터,충청북도 충주시 사직산21길 34,충청북도 충주시 문화동1655,36.9711203040,127.9284012370,2019-12,619.86,사무실(1)+교육실(3)+가족카페(1)+검사실(3),0,8,5,작업치료사(1)+기타(4),충주시보건소,이승희,043-850-1780,,"치매조기검진,맞춤형사례관리,치매환자쉼터운영,가족교실운영,치매예방프로그램운영",043-850-1780,충청북도 충주시청,2020-06-30,4390000,충청북도 충주시
치매안심센터,치매안심센터,"서울특별시 중구 청구로 8길 22 지상2층, 지상3층",서울특별시 중구 신당동 304-738,37.5610528,127.011486,2017-06,576,"상담실(1), 프로그램실(1), 진료실(1), 강당(1)",1,7,3,작업치료사(2),국립중앙의료원,이종윤,02-2238-3400,2017-06-01,"치매선별검진, 치매치료비지원, 치매등록관리, 치매가족모임, 인지건강프로그램",02-3396-6373,서울특별시 중구청,2019-02-25,3010000,서울특별시 중구
광진구치매안심센터,치매안심센터,서울특별시 광진구 긴고랑로 110 중곡종합건강센터 3층,서울특별시 광진구 중곡동 125-11 중곡종합건강센터 3층,37.55933917,127.0870892,2019-02,328.43,"상담실(2), 진료실(1), 센터장실(1), 탕비실(1),교육실(1), 인지프로그램실(1), 화장실2(장애인용1)",1,8,3,4,건국대학교병원,문연실,02-450-1381,2009-02-01,"무료치매검사, 인지프로그램운영 등",02-450-1966,서울특별시 광진구보건소,2019-02-28,3040000,서울특별시 광진구
여수시치매안심센터,치매안심센터,전라남도 여수시 동문로 102 (공화동),전라남도 여수시 공화동 1047,34.7454779,127.742859,2017-11,237,사무실(1)+검진실(1)+상담실(1)+프로그램실(1),2,18,3,작업치료사(1)+방사선사(1)+기타(2),여수시 보건소,보건소장 장기생,061-659-5440,,치매선별검사(MMSE-DS)+치매조기검진비 지원+치매치료관리비 지원+치매배회어르신 관리+치매파트너모집+인지재활프로그램,061-659-5440,전라남도 여수시 보건소,2019-02-22,4810000,전라남도 여수시
화성시치매안심센터,치매안심센터,경기도 화성시 향남읍 상신초교길 52,,37.09392501,126.9016764,2018-06,902.88,"쉼터,가족카페,검진실,의사실,교육실,사무실",2,18,3,3,화성시보건소,김장수,031-369-3561,,"치매조기검진사업, 치매인식개선 및 예방사업, 가족교육사업, 쉼터 운영사업",,화성시치매안심센터,2018-08-13,5530000,경기도 화성시
서산시치매안심센터,치매안심센터,"충청남도 서산시 호수공원6로 6, 서산시보건소(예천동)",충청남도 서산시 예천동 496-1,36.7745766839,126.4445155697,2018-08,350,사무실(1)+쉼터(1)+상담실(1)+가족까페(1),0,5,4,1,서산시보건소,송기력,041-661-8100,,"1. 치매조기검진 : 치매를 조기에 발견하여 등록 및 관리 2. 치매쉼터프로그램 : 경도치매환자를 대상으로 원예치료, 운동치료, 수공예치료, 인지치료 등을 제공하여 치매환자의 잔존기능을 향상시킴 3. 치매예방프로그램 :  60세 이상 어르신들에게 치매예방수칙, 웃음치료, 운동치료 등 제공4. 치매환자가족교실 및 자조모임 : 치매에 대해 올바르게 배우고, 치매환자가족끼리 돌봄요령 등을 공유5. 치매환자 맞춤형 사례관리 : 등록된 치매환자의 욕구를 파악하여 서비스 제공 및 지역사회자원 연계 6. 치매치료관리비 지원 : 치매치료제를 복용 중인 치매환자에게 최대 월 3만원까지 투약비 지원(전국가구 평균소득의 120이하)",041-661-6598,충청남도 서산시 보건소,2020-06-26,4530000,충청남도 서산시
제천시치매안심센터,치매안심센터,충청북도 제천시 의림대로 242,충청북도 제천시 청전동 110,37.14868519,128.2168544,2018-04,378,사무실(1)+교육실(1)+가족카페(1)+상담실(1)+검진실(3),1,8,2,"작업치료사(3), 임상심리사(1)",제천시보건소,윤용권,043-641-3058,,"무료치매조기검진, 치매예방 및 인지재활 프로그램, 치매환자지원(치료비, 조호물품 등) 및 치매파트너 양성 등",,제천시보건소,2020-07-03,4400000,충청북도 제천시
정선군치매안심센터,치매안심센터,강원도 정선군 녹송로 33,,37.380059584,128.671084646,2020-02,,사무실 검진실 쉼터 가족카페 교육실 상담실,0,5,0,2,정선군보건소,정선군보건소,033-560-2565,,치매상담 및 등록치매조기검진사업치매예방교실치매환자쉼터치매가족교실치매치료비지원치매환자조호물품지원치매인식개선사업 등,033-560-2565,정선군보건소,2020-06-30,4290000,강원도 정선군
단양군치매안심센터,치매안심센터,충청북도 단양군 단양읍 수변로 83,충청북도 단양군 단양읍 도전리 632,36.98284257,128.3707522,2019-11,309,,0,4,1,3,단양군보건소,강규원,043-420-3201,,인지재활,043-420-3201,단양군보건소,2020-05-01,4480000,충청북도 단양군
치매안심센터,치매안심센터,"경기도 광주시 초월읍 경충대로 1009-40, (쌍동리)",경기도 광주시 초월읍 쌍동리 163-7,37.36884573,127.3027505,2018-11,958,,1,8,5,1,광주시보건소,서근익,031-760-2521,,"치매검진, 치매상담, 고위험프로그램 등",031-760-2110,광주시보건소,2020-05-06,5540000,경기도 광주시
동남구치매안심센터,치매안심센터,"충청남도 천안시 동남구 버들로 40, 7층","충청남도 천안시 동남구 문화동 112-1, 7층",36.80718993,127.1514636,2019-01,540,"치매인지프로그램실, 교육실, 검진실, 상담실 등",1,11,2,4,동남구보건소,황인자,041-521-5008,,"치매조기검진, 예방등록관리, 치매인식개선, 지역사회역량강화",041-000-0000,천안시 동남구,2020-04-30,6440000,충청남도
서북구치매안심센터,치매안심센터,충청남도 천안시 서북구 동서대로 111(금당빌딩 2층),"충청남도 천안시 서북구 성정동 1268, (금당빌딩 2층)",36.8264388,127.1355578,2012-03,147.6,"사무실1, 상담실1, 가족카페1, 프로그램실1, 쉼터1",1,6,3,6,서북구보건소,이기혁,041-521-5987,,"치매조기검진, 예방등록관리, 치매인식개선, 지역사회역량강화",041-521-5987,천안시 서북구,2020-04-30,6440000,충청남도
공주시치매안심센터,치매안심센터,충청남도 공주시 옛군청뒷길 8,충청남도 공주시 교동 131,36.45708329,127.120093,2019-11,466.66,"프로그램실, 교육실, 검진실, 상담실 등",1,15,2,8,공주시보건소,김대식,041-5840-2632,,"치매조기검진, 예방등록관리, 치매인식개선, 지역사회역량강화",041-000-0000,공주시,2020-04-30,6440000,충청남도
보령시치매안심센터,치매안심센터,충청남도 보령시 대천로 113,충청남도 보령시 죽정동 703-1,36.35604971,126.6038988,2018-08,490.2,"치매인지프로그램실, 회의실, 검진실 2, 상담실1, 가족쉼터 등",1,14,2,3,보령시보건소,박승필,041-930-6871,,"치매조기검진, 예방등록관리, 치매인식개선, 지역사회역량강화",041-930-6871,보령시,2020-04-30,6440000,충청남도
아산시치매안심센터,치매안심센터,충청남도 아산시 번영로 216번길 18,충청남도 아산시 모종동 574-1,36.78291583,127.0140527,2018-11,771.68,"프로그램실, 교육실, 검진실, 상담실, 가족카페, 사랑방 등",1,15,0,3,아산시보건소,구본조,041-537-3452,,"치매조기검진, 예방등록관리, 치매인식개선, 지역사회역량강화",041-000-0000,아산시,2020-04-30,6440000,충청남도
신안군치매안심센터,치매안심센터,전라남도 신안군 압해읍 천사로 1004,,34.833572,126.352000,2017-12,,,1,7,3,3,신안군보건소,문권옥,061-240-8081,,"치매조기검진사업,치매환자관리,치매예방교육,쉼터운영및 가족카페,인식개선등",,신안군보건소,2019-04-23,5010000,전라남도 신안군
홍천군치매안심센터,치매안심센터,강원도 홍천군 홍천읍 신장대로5,강원도 홍천군 홍천읍 희망리,37.690212,127.876923,2017-12,,"사무실, 교육실,상담실",0,5,2,5,홍천군보건소,박보현,033-430-4033,,"치매조기검진, 등록,원격진료, 쉼터,가족모임,예방프로그램운영 등",033-430-4055,홍천군보건소,2019-04-23,4250000,강원도 홍천군
군포시보건소치매안심센터,치매안심센터,경기도 군포시 군포로 522,경기도 군포시 당동 776-20번지,37.3524753,126.945656266,2018-05,493.9,"사무실, 검진실, 교육실, 쉼터",1,11,4,5,군포시보건소,김미경,031-389-4981,,"치매예방프로그램, 치매환자 및 가족프로그램",031-389-4981,군포시보건소,2019-04-17,4020000,경기도 군포시
영동군치매안심센터,치매안심센터,충청북도 영동군 영동읍 반곡동길7,충청북도 영동군 영동읍 매천리444-1,36.168537,127.775955,2019-03,488,"사무실, 교육실, 상담실, 검진실, 프로그램실, 쉼터, 가족카페",1,2,3,1,영동군보건소,박인순,043-740-5946,,"경증환자쉼터, 인지강화교실, 치매예방교실, 조기검진, 치매치료관리비지원, 인식개선홍보등",,영동군보건소,2019-04-17,4440000,충청북도 영동군
남동구보건소치매안심센터,치매안심센터,인천광역시 남동구 소래로 633,,37.4473901975,126.7306784397,2018-12,,,2,12,4,,남동구보건소,박재수,032-453-6169,,"치매예방교육, 인지강화 프로그램, 쉼터 프로그램, 찾아가는 치매예방교육 및 선별검사",,남동구청,2019-07-04,3530000,인천광역시 남동구
홍성군 치매안심센터,치매안심센터,충청남도 홍성군 홍성읍 문화로 106,,36.5966419162,126.6630613420,2018-10,,"사무실1개, 상담실 1개, 검진실 1소, 쉼터2개, 카페 1개",0,17,1,4,홍성군보건소,조용희,041-630-9075,,쉼터 인지재활프로그램인지강화프로그램경로당 치매예방프로그램치매예방프로그램치매안심 면 치매환자인지재활프로그램,041-630-9075,홍성군보건소,2019-08-22,4600000,충청남도 홍성군
효성평생건강센터,치매안심센터,인천광역시 계양구 봉오대로543번길 21,"인천광역시 계양구 효성동 85-1,2(효성평생건강센터 2,4,5층)",37.532538,126.708555,2019-12,362.53,사무실(3)+프로그램실(2)+화장실(2)+휴게실(1),0,4,0,1,계양구보건소,한영란,032-450-1838,,"치매 조기검진 및 등록, 치매환자지원사업, 치매예방 인지강화 프로그램, 치매인식개선사업",032-450-1838,인천광역시 계양구보건소,2020-07-10,3550000,인천광역시 계양구
의왕시치매안심센터,치매안심센터,경기도 의왕시 오봉로 34,,37.3437878729,126.9719939180,2019-03,287.82,쉼터(1)+가족카페(1)+검사실(2)+진료실(1)+사무실(1),1,5,1,작업치료사(3) + 기타(1),의왕시보건소,김재복,031-345-3851,,"치매조기검진사업, 쉼터 운영, 가족교실, 인지강화교육, 치매 치료비지원, 치매인식개선, 치매안심마을 운영",031-345-3851,의왕시청,2020-06-29,4030000,경기도 의왕시
대전서구치매안심센터,치매안심센터,"대전광역시 서구 둔산서로 100, 건강체련관 3층","대전광역시 서구 둔산동 1300, 건강체련관 3층",36.3550567227,127.3833597309,2018-04,711.29,"프로그램실(3), 가족카페(1), 의사검진실(1), 신경심리검사실(1), 선별검사실(1), 대기실(1), 사무실(1), 서고(1), 세미나실(1)",1,11,4,"작업치료사(2), 임상심리사(1)",대전서구보건소,박경용,042-288-4470,2018-04-18,"치매환자인지재활프로그램, 고위험군 인지강화교실, 치매예방교실, 찾아가는 경로당 치매예방교실, 치매예방교육, 치매파트너 및 플러스 사업, 가족교실, 가족 자조모임, 선별검사 및 진단검사, 치매치료관리비 지원, 조호물품지원, 배회가능어르신인식표제공, 지문등사전등록, 공공후견지원사업, 사례관리",042-288-4500,대전서구보건소,2020-06-30,3660000,대전광역시 서구
치매안심센터,치매안심센터,전라북도 남원시 요천로 1285,전라북도 남원시 조산동 1285,35.39783844,127.3639897,2018-11,469,"검진실, 프로그램실 등",0,8,1,10,남원시보건소,이순례,063-620-5530,,상담검진,063-620-5530,남원시보건소,2019-09-10,4700000,전라북도 남원시
평창군치매안심센터,치매안심센터,강원도 평창군 평창읍 종부로 61,강원도 평창군 평창읍 종부리 504번지,37.3604904887,128.3888522172,2017-12,472,,0,4,2,4,평창군보건의료원,평창군수,033-330-4900,,"치매환자 쉼터프로그램, 치매가족헤아림프로그램, 치매예방인지재활프로그램, 치매재가환자방문인지재활프로그램",033-330-4875,평창군보건의료원,2020-07-08,4280000,강원도 평창군
양천구치매안심센터,치매안심센터,"서울특별시 양천구 남부순환로 407, 4층(신월동, 신월보건지소)",서울특별시 양천구 신월동 131-4 신월보건지소 4층,37.5313385896,126.831824,2008-04,630.6,사무실(1)+상담실(1)+검진실(2)+진료실(1)+훈련실(3)+기억키움학교(1) 등,1,14,6,"작업치료사(3), 운동치료사(1)",이화의대부속 목동병원,문병인,02-2698-8680,2008-03-27,"치매검사, 치매 상담 및 등록관리, 치매가족지원, 치매인식개선, 인지강화 및 치매예방교실 운영 등",02-2620-4764,서울특별시 양천구청,2020-05-21,3140000,서울특별시 양천구
동구보건소 치매안심센터,치매안심센터,대구광역시 동구 동촌로 79,대구광역시 동구 검사동 1005-8,35.8881209911,128.651234,2018-12,537,"선별검사실, 사무실, 프로그램실, 상담실",0,12,5,2,대구동구보건소,강태경,053-662-3218,,인지재활 및 가족지지 프로그램,053-662-3218,대구광역시 동구보건소,2020-05-25,3420000,대구광역시 동구
울산광역시남구치매안심센터,치매안심센터,울산광역시 남구 삼산중로 132,울산광역시 남구 삼산동 1538-4,35.54535759,129.3363268,2019-03,997.14,사무실(1)+검진실(1)+상담실(3)+심리안정실(1)+인지체험관(1)+쉼터(1)+교육실(1),1,15,1,"임상심리사 1, 작업치료사 3",남구보건소,박혜경,052-226-2323,,"상담 및 등록관리사업,조기검진사업,쉼터운영사업,가족지원사업,치매인식개선홍보사업",052-226-2451,울산광역시 남구보건소,2020-05-25,3700000,울산광역시 남구
밀양시치매안심센터,치매안심센터,경상남도 밀양시 삼문중앙로 41,경상남도 밀양시 삼문동 159-1번지,35.485570,128.756000,2018-11,344.75,"검진실,상담실,소교육실,쉼터,사무실",1,10,0,2,밀양시보건소,천재경,055-359-7086,,"맞춤형 쉼터 프로그램, 헤아림 가족교실, 치매파트너, 치매파트너플러스",055-359-7020,밀양시보건소,2019-04-30,5360000,경상남도 밀양시
용인시처인구치매안심센터,치매안심센터,경기도 용인시 처인구 중부대로 1199,경기도 용인시 처인구 삼가동 556,37.142626,127.103303,2007-08,281,사무실(1)+가족카페(1)+치료실(1)+검진실(1)+쉼터(1)+채움(1)+공감(1),1,7,2,작업치료사(2)+기타직군(3),경기도 용인시 처인구보건소,조순구,031-324-2700,,"무료치매검사, 치매예방프로그램 운영, 치매환자 및 가족프로그램 운영, 치매인식개선 사업 등",031-324-4473,처인구보건소,2019-04-10,4050000,경기도 용인시
용인시기흥구치매안심센터,치매안심센터,경기도 용인시 기흥구 신갈로58번길 11,경기도 용인시 기흥구 신갈동 60-3,37.272532,127.1070208,2018-09,321.5,사무실(1)+프로그램실(4)+상담실(1)+검진실(1),1,14,3,작업치료사 (5),경기도 용인시 기흥구보건소,양정원,031-324-6981,,"치매예방교실, 치매가족카페, 치매진단검사, 치매가족교실",031-324-6981,기흥구보건소,2019-04-10,4050000,경기도 용인시
용인시수지구치매안심센터,치매안심센터,"경기도 용인시 수지구 문정로20, 3층",,37.32263908,127.0962383,2018-11,588.46,사무실 (2)+교육실(3)+카페(1)+상담실(2)+진료실(2)+창고(2)+쉼터(1),1,13,4,작업치료사 (4) + 물리치료사(1) + 기타(1),용인시수지구보건소,이성순,031-324-8516,,"상담 및 등록관리사업, 치매조기검진 및 예방관리사업, 치매환자쉼터 운영사업, 치매가족 지원사업, 치매인식개선 및 교육 홍보사업, 치매안심마을 운영",031-324-8516,수지구보건소,2019-04-10,4050000,경기도 용인시
서귀포시서부보건소치매안심센터,치매안심센터,제주특별자치도 서귀포시 대정읍 최남단해안로 15번길 12,제주특별자치도 서귀포시 대정읍 하모리 767-8,33.2186730172,126.2532448998,2018-05,290.85,사무실. 상담실. 검진실. 프로그램실. 치매카페. 쉼터,0,4,0,1,서귀포시서부보건소,오재복,064-760-6249,,등록관리. 조기검진. 단기쉼터 및 치매 카페 운영. 치매 인식개선 및 홍보. 치매치료관리 지원 등,064-760-6249,서부보건소,2020-07-07,6520000,제주특별자치도 서귀포시
서귀포보건소치매안심센터,치매안심센터,제주특별자치도 서귀포시 중앙로101번길 52,제주특별자치도 서귀포시 서홍동 447-3,33.2534258,126.5553625,2018-06,494.01,사무실. 상담실. 검진실. 프로그램실. 치매카페,0,4,2,1,서귀포보건소,고인숙,064-760-6031,,등록관리. 조기검진. 단기쉼터 및 치매 카페 운영. 치매 인식개선 및 홍보. 치매치료관리 지원 등,064-760-6555,서귀포보건소,2020-07-07,6520000,제주특별자치도 서귀포시
서귀포시동부보건소치매안심센터,치매안심센터,제주특별자치도 서귀포시 남원읍 태위로 527,제주특별자치도 서귀포시 남원읍 남원리 2359-1,33.2756288183,126.7034172,2018-07,364.29,사무실. 상담실. 검진실. 프로그램실. 치매카페,0,3,2,1,서귀포시동부보건소,강미애,064-760-6141,,등록관리. 조기검진. 단기쉼터 및 치매 카페 운영. 치매 인식개선 및 홍보. 치매치료관리 지원 등,064-760-6125,서귀포시동부보건소,2020-07-07,6520000,제주특별자치도 서귀포시
군산시치매안심센터,치매안심센터,전라북도 군산시 수송동로 58(수송동),전라북도 군산시 수송동 851-1,35.96473237,126.7201807,2018-07,80,사무실(1)+상담실(1)+창고(1),1,2,4,작업치료사(3),군산시보건소,백종현,063-460-3211,2015-07-01,"무료치매검사,?치매환자?쉼터?운영,?치매예방?인지강화프로그램?운영?등",063-460-3277,군산시보건소,2020-07-09,4670000,전라북도 군산시
논산시치매안심센터,치매안심센터,충청남도 논산시 논산대로 382,충청남도 논산시 관촉동 327-2,36.19607621,127.1035668,2018-11,730.27,"가족카페, 검진실, 상담실, 쉼터 등",1,14,2,4,논산시보건소,박항순,041-746-6921,,"자조모임, 치매 기억력 검진, 치매 예방교육, 치매환자 가족교실, 치매환자 인지재활 프로그램 등",041-746-6939,논산시보건소,2020-04-24,4540000,충청남도 논산시
계양구보건소 치매안심센터,치매안심센터,인천광역시 계양구 계산새로 88,인천광역시 계양구 계산동 1079-1 계양구 보건소 1층,37.5374417294,126.7377591636,2015-11,80.3,사무실(1)+프로그램실(1)+화장실(1)+휴게실(1),0,18,3,4,계양구보건소,한영란,032-430-7867,,"치매 조기검진 및 등록, 치매환자지원사업, 치매예방 인지강화 프로그램, 치매인식개선사업, 치매공공후견사업",032-430-7867,인천광역시 계양구보건소,2020-07-10,3550000,인천광역시 계양구
양구군치매안심센터,치매안심센터,강원도 양구군 양구읍 관공서로 42,강원도 양구군 양구읍 하리 34-5,38.1099462889,127.9892064797,2017-08,607.34,사무실 검진실 쉼터 가족카페 교육실 치매가족교실,0,3,3,3,양구군보건소,오경희,033-480-2798,,치매상담 및 등록치매조기검진사업치매예방교실치매환자쉼터치매가족교실치매치료비지원치매환자조호물품지원치매인식개선사업 등,033-480-2798,양구군보건소,2019-06-12,4320000,강원도 양구군
횡성군보건소,치매안심센터,강원도 횡성군 횡성읍 횡성로 379,,37.4871296,127.9844504,2017-12,,"사무실,검진실",1,4,0,2,횡성군보건소,민선향,033-340-5653,,인지재활프로그램,033-340-5653,횡성군보건소,2019-06-24,4260000,강원도 횡성군
울산중구치매안심센터,치매안심센터,울산광역시 중구 외솔큰길 225 중구보건소 2층(남외동),울산광역시 중구 남외동 603-2 중구보건소 2층,35.5694483,129.3504562,2018-10,259.9,사무실(1)+상담실(2)+교육실(1)+프로그램실(1)+가족카페(1)+검진실(1),0,10,1,작업치료사(2),울산광역시 중구보건소,황병훈,052-290-4366,,"무료치매선별검사, 치매예방 인지건강프로그램, 치매예방 가족교육 등",052-290-4362,울산광역시 중구 보건소,2019-06-16,3690000,울산광역시 중구
하동군치매안심센터,치매안심센터,경상남도 하동군 하동읍 군청로31,경상남도 하동군 하동읍 읍내리 149-1,35.0669466755,127.7527913083,2017-07,,"상담실, 사무실",0,5,2,3,하동군보건소,김외곤,055-882-4000,,1.치매상담등록관리2.치매조기검지3.사례관리4.가족지원사업5.인지강화 및 예방프로그램운영6.치매파트너 및 등대지기 양성 등,055-882-4000,하동군보건소,2019-06-16,5440000,경상남도 하동군
상주시치매안심센터,치매안심센터,경상북도 상주시 경상대로 3023,경상북도 상주시 무양동 33-4,36.41691331,128.1508541,2019-01,281.13,,1,10,0,3,상주시치매안심센터,보건소장,054-537-6514,,"치매환자쉼터, 치매예방교실, 인지강화교실, 헤아림가족교실 등",054-535-4000,상주시보건소,2019-05-27,5110000,경상북도 상주시
아산시치매안심센터,치매안심센터,충청남도 아산시 번영로 216번길 18,충청남도 아산시 모종동 574-1,36.7828482,127.0140673,2018-11,720,"쉼터, 가족카페",0,17,0,2,아산시,김은태,041-537-3474,,"쉼터운영(인지재활,인지강화,치매예방프로그램)",041-537-3474,아산시,2019-06-04,4520000,충청남도 아산시
강동구치매안심센터,치매안심센터,서울특별시 강동구 성내로 45,서울특별시 강동구 성내동 541-2,37.5293701,127.1255567,2007-09,,,1,9,4,작업치료사(5),강동성심병원,송홍기,02-489-1130,2019-01-01,"치매예방및인식개선,치매조기검진,치매및고위험인지재활프로그램(인지건강센터),경증치매노인기억키움학교프로그램,치매치료비지원,치매지역자원강화 등",02-3425-6773,강동구보건소,2019-05-28,3240000,서울특별시 강동구
서초구치매안심센터,치매안심센터,서울특별시 서초구 염곡말길 9,서울특별시 서초구 염곡동 180-2,37.4619252,127.0511758,2008-09,804,"교육실,프로그램실,검진실,센터장실,안심하우스,사무실",1,6,5,6,서울성모병원,김용식,1588-1511,2008-09-01,"치매검진 및 상담, 치매예방 및 인식개선, 맞춤형등록관리, 치매환자 쉼터 운영, 안심하우스 운영",02-591-1833,서초구보건소,2019-05-30,3210000,서울특별시 서초구
철원군 치매안심센터,치매안심센터,강원도 철원군 갈말읍 군탄로 16,강원도 철원군 갈말읍 군탄리 960-2,38.1481314,127.302632,2018-12,381,사무실+프로그램실+회의실+상담실+검진실+가족카페,0,3,3,7,철원군 보건소,심인구,033-450-5550,,치매상담 및 등록치매조기검진사업치매예방교실치매환자쉼터치매가족교실치매치료비지원치매환자조호물품지원치매인식개선사업 등,033-450-5550,철원군보건소,2019-05-20,4300000,강원도 철원군
과천시보건소 치매안심센터,치매안심센터,경기도 과천시 관문로 69 과천시보건소 3층,경기도 과천시 중앙동 1-3 과천시보건소 3층,37.429980,126.986997,2019-02,42.6,사무실(1)+검진실(1)+쉼터(1)+카페(1),1,4,1,작업치료사(1),과천시보건소,김향희,02-2150-3882,,"치매조기검진, 인지강화교실, 쉼터교실 운영, 상담 및 등록, 사례관리, 치매가족지원, 치매 치료관리비지원, GPS배급 등",031-271-7021,경기도 과천시보건소,2019-05-08,3970000,경기도 과천시
정읍시치매안심센터,치매안심센터,전라북도 정읍시 금붕1길 215(금붕동),전라북도 정읍시 금붕동 949-3,35.5544789,126.8848896,2019-12,649.3,사무실,2,14,4,2,전라북도 정읍시 보건소,김미숙,063-539-6951,,"치매선별검사 및 진단검사, 치매예방 및 인지강화교실, 인식개선교육, 치매파트너양성, 치매치료관리비지원, 치매사례관리, 배회인식표발급, 치매가족프로그램 및 홍보, 캠페인실시, 치매공공후견인 사업",063-539-6941,전라북도 정읍시 보건소,2020-07-15,4690000,전라북도 정읍시
울진군 치매안심센터,치매안심센터,경상북도 울진군 울진읍 읍내8길 61-8,경상북도 울진군 울진읍 읍내리 563-5,36.99621755,129.4046005,1997-11,,,0,1,2,3,울진군보건소 치매안심센터,박용덕,054-789-5025,,"치매치매조기검진 및 대상자 등록관리, 인지강화프로그램 및 치매가족프로그램 운영, 치매서포터즈 양성",054-789-5000,울진군보건소,2020-07-13,5250000,경상북도 울진군
제주시제주보건소 치매안심센터,치매안심센터,제주특별자치도 제주시 연삼로 264,제주특별자치도 제주시 도남동 567-1,33.4916016527,126.520239,2018-08,643.65,사무실(1). 검사실(3). 쉼터(1). 프로그램실(1). 로비(1). 카페(1). 창고(1),0,9,3,작업치료사 1,제주시제주보건소,이민철,064-728-8490,,치매상담 및 등록관리. 치매조기검진. 치매예방 및 인지강화교실. 경증치매쉼터운영. 치매가족지원. 인식개선 및 교육홍보사업.안심마을 운영 등,064-728-4010,제주시제주보건소,2020-07-10,6510000,제주특별자치도 제주시
분당구보건소 치매안심센터,치매안심센터,경기도 성남시 분당구 내정로 94(정자동 한솔마을 711동 1층),경기도 성남시 분당구 정자동 101,37.3673885775,127.1155093142,2020-08,564,"진료실(1), 사무실(1), 프로그램실(3), 쉼터(1), 가족카페(1) 등",1,18,3,3(작업치료사)+1(임상심리사)+1(행정),분당구보건소,보건소장,031-729-4053,,"무료치매검사, 프로그램 운영, 치매예방관리 등",031-729-4053,경기도 성남시 분당구보건소,2020-06-01,3780000,경기도 성남시
시흥시 치매안심센터(대야신천센터),치매안심센터,경기도 시흥시 호현로 55,경기도 시흥시 대야동 484-3,37.445579,126.785283,2019-04,489,사무실(1)+회의실(1)+ 검진실(2)+환자쉼터(1)+가족카페(1),1,7,2,작업치료사(2)+송영및쉼터보조인력(1),시흥시보건소,박명희,031-310-5857,,치매조기검진/치매의료비 및 검진비 지원/ 치매예방교육/ 치매환자쉼터 및 가족지원사업 등,031-310-5858,경기도 시흥시청,2020-06-01,4010000,경기도 시흥시
김포시치매안심센터,치매안심센터,경기도 김포시 사우중로73번길 52(래미안프라자 4층),경기도 김포시 북변동 817(래미안프라자 4층),37.623046,126.721099,2018-05,,,2,10,1,작업치료사2명,김포시치매안심센터,황순미,031-980-5032,,"1.예방(월/수:원예)오후2.찾아가는 인지건강(월/수,운양동)오후3.자조모임(매주둘째주,마지막화요일)오전4.예방(화/금:미술/음악)오후5.치매안심마을(매주수요일 오후)양곡8단지6.가족교실(헤아림)매주목요일 오전",031-980-5032,김포시 보건소,2019-09-10,4090000,경기도 김포시
안동시치매안심센터,치매안심센터,경상북도 안동시 서동문로 165,경상북도 안동시 북문동 58,36.5669985983,128.730256244,2017-12,,사무실+검진실+교육실,2,9,2,2,안동시보건소,임중한,054-840-5881,,"반짝활짝치매쉼터, 인지강화교실, 치매예방교실, 단기쉼터",054-855-5986,안동시보건소,2019-04-26,5070000,경상북도 안동시
부산광역시 강서구 치매안심센터,치매안심센터,부산광역시 강서구 낙동북로102번길 76(강동동),부산광역시 강서구 강동동 60-3,35.2162051193,128.937670246,2018-11,,,2,8,2,1,부산광역시 강서구 보건소,천동환,051-970-2610,,"치매상담 및 등록,치매조기검진사업,치매예방교실,치매환자쉼터,치매가족교실,치매치료비지원,치매환자조호물품지원,치매인식개선사업 등",,부산광역시 강서구 보건소,2019-04-29,3360000,부산광역시 강서구
부산광역시 강서구 치매안심센터,치매안심센터,부산광역시 강서구 낙동북로102번길 76(강동동),부산광역시 강서구 강동동 60-3,35.2162051193,128.937670246,2018-11,,,2,8,2,1,부산광역시 강서구 보건소,천동환,051-970-2610,,"치매상담 및 등록,치매조기검진사업,치매예방교실,치매환자쉼터,치매가족교실,치매치료비지원,치매환자조호물품지원,치매인식개선사업 등",,부산광역시 강서구 보건소,2019-04-29,3360000,부산광역시 강서구
곡성군치매안심센터,치매안심센터,전라남도 곡성군 곡성읍 곡성로 854,전라남도 곡성군 곡성읍 읍내리 220,35.2771340,127.2888866,2018-12,338.54,"검진실, 상담실, 사무실, 프로그램실, 쉼터, 가족카페 등",1,6,0,3,곡성군보건의료원,양애향,061-360-7582,,"인지재활프로그램(인지교실, 원예교실, 공예교실, 웃음교실 등)인지강화프로그램(두근두근 뇌운동 등)치매예방프로그램(원예교실, 공예교실, 웃음교실, 신체활동 등)",061-360-7582,곡성군보건의료원,2019-06-27,4860000,전라남도 곡성군
음성군치매안심센터,치매안심센터,충청북도 음성군 음성읍 수정로 49,충청북도 음성군 음성읍 읍내리 406-4,36.9285496,127.6887223,2018-01,,사무실(1)교육실(1),1,8,0,작업치료사(2),음성군보건소,이순옥,043-872-2136,,치매조기검진,043-871-3114,음성군,2019-06-18,4470000,충청북도 음성군
양산시치매안심센터,치매안심센터,경상남도 양산시 중앙로 7-32,경상남도 양산시 다방동 506-3,35.3321575252,129.037993386,2018-03,577,,3,8,1,7,양산시치매안심센터,김현민,055-392-5175,,"치매조기검진 및 예방 사업, 치매치료비 지원, 치매 환자 및 가족 지원 사업",055-392-5175,양산시보건소,2019-06-25,5380000,경상남도 양산시
남구치매안심센터,치매안심센터,부산광역시 남구 수영로 155(대연동),부산광역시 남구 대연동 1768-3,35.134955611,129.083553284,2018-04,364.55,1-2층,0,5,2,4,남구보건소치매안심센터,센터장 허목,051-607-3781,,"인지재활프로그램, 고위험군 인지강화교실, 치매예방교실 등",051-607-3781,남구보건소치매안심센터,2019-06-25,3310000,부산광역시 남구
계룡시 치매센터,치매안심센터,충청남도 계룡시 장안로 54,충청남도 계룡시 금암동 32823,36.2730058,127.250047,2018-01,165,치매주간보호센터(위탁),0,0,0,0,계룡시보건소,임채희,042-841-5522,2016-01-01,치매인지재활프로그램,042-840-3571,계룡시보건소,2019-06-01,5580000,충청남도 계룡시
부여군보건소 치매안심센터,치매안심센터,충청남도 부여군 부여읍 성왕로 205 부여군보건소 3층,충청남도 부여군 부여읍 구아리 136 부여군보건소 3층,36.283203,126.909461,2018-07,500,사무실(1)+검진실(1)+상담실(1)+프로그램실(3)+가족카페(1)+로비(1)+사랑방(1),1,7,3,작업치료사(1),충청남도 부여군보건소,김갑수,041-830-8742,,"치매노인 등록 및 관리, 치매노인 및 보호자에 대한 상담, 지원, 치매조기검진, 치매치료관리비 지원 및 치매환자 사례관리, 치매인지재활 프로그램, 치매가족교실 및 자조모임 등",041-830-8600,충청남도 부여군보건소,2020-06-30,4570000,충청남도 부여군
제주동부치매안심센터,치매안심센터,제주특별자치도 제주시 구좌읍 김녕로14길 6,제주특별자치도 제주시 구좌읍 1697-1,33.5543823,126.7513422,2018-06,369.98,사무실(1).검진실(3).쉼터(1).교육실(3).물품창고(1).다목적실(1).카페(1).창고(1),0,6,1,,제주시 동부보건소,오순옥,064-728-7551,,치매조기검진 및 예방사업.등록관리사업.치매가족지원사업.인식개선 및 교육홍보사업. 치매안심마을 운영.실종노인 예방.치매공공후견사업등,064-728-4211,제주시 동부보건소,2020-07-10,6510000,제주특별자치도 제주시
제주시서부치매안심센터,치매안심센터,제주특별자치도 제주시 한림읍 강구로 5,제주특별자치도 한림읍 한림리 966-1,33.4123048366,126.2696786169,2018-06,371,검진실(1).상담실(2).프로그램실(1).쉼터(1).가족카페(1). 사무실(1). 창고(1),1,4,2,작업치료사(1),제주시 서부보건소,이승훈,064-728-8661,,무료치매검사. 치매환자 및 가족 상담. 인지재활프로그램 등,064-728-4111,제주시서부보건소,2020-07-10,6510000,제주특별자치도 제주시
삼척시치매안심센터,치매안심센터,강원도 삼척시 척주로 76,강원도 삼척시 남양동 347-4,37.4437498067,129.172207,2017-12,555.84,,1,8,0,3,삼척시보건소,손태도,033-570-4678,,"치매조기검진, 치매환자 등록관리, 치매예방교실, 치매환자 쉼터 운영 등",033-572-4000,삼척시보건소,2019-05-15,4240000,강원도 삼척시
종로구 치매안심센터,치매안심센터,서울특별시 종로구 평창문화로 50,서울특별시 종로구 평창동 235-2,37.60542184,126.9669268,2009-06,475.52,사무실(1)+가족카페(1)+기억키움학교(1)+프로그램실(1)+진료실(1)+검진실(2)+강당(1)+서고(1)+화장실(4),1,4,4,팀장(1)+작업치료사(4)+운동처방사(1),서울대학교병원,박지은,02-3675-9001,2018-01-01,"치매예방 및 인식개선사업,치매조기검진 사업,치매예방등록관리 사업,저소득층 치매치료비 및 원인확진검사비 지원 사업,치매지역사회자원강화 사업 등",02-2148-3602,서울특별시 종로구보건소,2020-07-03,3000000,서울특별시 종로구
문경시치매안심센터,치매안심센터,"경상북도 문경시 점촌1길 13, 1층",경상북도 문경시 점촌동 234-12,36.596348,128.1980079599,2019-08,337.73,"사무실1, 검사실1, 상담실1, 프로그램실2, 회의실1, 가족카페1",1,11,2,4,문경시보건소,유시일,054-555-2033,,"치매조기검진, 치매쉼터운영, 치매보듬마을운영, 치매조호물품지원, 치매치료비지원",054-550-8084,문경시보건소,2020-07-13,5120000,경상북도 문경시
당진시치매안심센터,치매안심센터,충청남도 당진시 서부로 56,충청남도 당진시 채운동 1004,36.88740257,126.6300054,2018-12,831,5,0,9,4,6,당진시보건소,이인숙,041-360-6075,,"치매조기검진, 사랑채, 쉼터, 권역별쉼터, 고대안심마을, 가족지원, 치매인식개선, 치매파트너",041-360-6075,당진시보건소,2020-07-10,5680000,충청남도 당진시
부산광역시 동구,치매안심센터,부산광역시 동구 구청로 14,부산광역시 동구 수정동 819-54,35.12832585,129.0450622,2018-03,387.92,"사무실, 검진실, 프로그램실, 가족카페, 다목적홀, 옥상정원 등",0,6,3,3,부산광역시 동구보건소,김유정,051-440-6443,,"치매조기검진, 쉼터, 인지재활프로그램, 가족지원사업 등",051-440-6443,부산광역시 동구보건소,2019-09-20,3270000,부산광역시 동구
강화군치매안심센터,치매안심센터,인천광역시 강화군 강화읍 충렬사로 26-1,인천광역시 강화군 강화읍 남산리 324-1,37.7365705590,126.4853766463,2019-10,485.9,사무실(2)+프로그램실(2)+검사실(1)+가족카페(1)+대기실(1),1,2,5,11,강화군보건소,이강미,032-930-4057,,치매 무료 상담 및 무료치매검사 등,032-930-4001,인천광역시 강화군청,2019-09-20,3570000,인천광역시 강화군
청송군치매안심센터,치매안심센터,경상북도 청송군 의료원길 19,경상북도 청송군 청송읍 금곡리 1056-54,36.4310601,129.0522753,2018-12,413,사무실(1)+프로그램실(1)+회의실(1)+진단실(1)+가족카페(1),0,8,2,작업치료사(1),청송군보건의료원,김병탁,054-870-7341,,"치매조기검진, 치매환자쉼터, 인지강화교실, 치매예방교실, 치매예방교육, 치매서포터즈 및 치매극복선도단체 양성, 치매보듬마을 운영, 우리마을예쁜치매쉼터운영, 치매환자사례관리, 치매환자가족교실,자조모임운영,치매치료관리비지원, 조호물품제공, 배회인식표 및 지문인기 등록, 치매극복 전국걷기행사, 치매극복의날 기념 행사,치매관사업 DB자료 등록 및 분석",,청송군청,2019-09-09,5160000,경상북도 청송군
강진군치매안심센터,치매안심센터,전라남도 강진군 강진읍 목리길 11,,34.6381127,126.7754739,2017-11,399,"사무실1, 가족카페1, 교육실1, 쉼터1, 검진실1, 프로그램실1",1,3,2,1,강진군보건소,강진군보건소장,061-430-3544,,두뇌튼튼 기억튼튼 쉼터교실,061-430-3544,강진군보건소,2019-09-11,4920000,전라남도 강진군
대전광역시 중구 치매안심센터,치매안심센터,대전광역시 중구 중앙로 100,대전광역시 중구 대흥동 499-1,36.3252790,127.4213264,2020-08,647,"사무실(1), 프로그램실(3), 로비 등",2,6,1,7,대전광역시 중구보건소,구기희,042-288-8182,,"치매환자 등록 관리, 가족교육, 예방교육, 치매검사, 인지훈련 등",042-288-8182,대전광역시 중구,2019-09-11,3650000,대전광역시 중구
사천시치매안심센터,치매안심센터,경상남도 사천시 중앙로 212(벌리동),경상남도 사천시 벌리동 104-1,34.563846,128.453570,2019-07,746.15,,2,7,1,2,사천시보건소,유영권,055-831-5860,,"치매조기검진 및 등록사업, 사례관리, 치매치료관리비 지원, 조호물품제공, 치매환자 쉼터 및 가족카페 운영, 치매인식개선 및 교육홍보, 치매어르신 실종예방 사업 등",055-831-5860,사천시보건소,2019-09-11,5340000,경상남도 사천시
서구치매안심센터,치매안심센터,인천광역시 서구 승학로263,인천광역시 서구 심곡동 325-1,37.5462409161,126.6721504111,2012-04,95.4,"치매환자쉼터, 치매가족카페",1,7,2,3,인천참사랑병원,천영훈,032-567-9115,,"치매선별검사및 진단검사, 치매환자 인지재활프로그램(음악,미술,원예,작업치료)",032-560-5917,인천서구보건소,2019-08-30,3560000,인천광역시 서구
고령군치매안심센터,치매안심센터,경상북도 고령군 대가야읍 왕릉로 56-5,경상북도 고령군 지산리 232-8,35.7252340813,128.264814501,2018-08,265.1,"로비, 사무실, 교육상담실, 검진실, 쉼터 및 가족카페, 프로그램실",1,2,2,2,고령군보건소,김곤수,054-950-7961,,"치매예방프로그램, 고위험군인지강화프로그램, 치매조기검진 및 진단·감별검사, 치매환자쉼터, 가족교실, 치매환자 맞춤형 사례관리, 인식개선 및 홍보사업",054-954-1300,고령군보건소,2019-05-15,5200000,경상북도 고령군
옥천군치매안심센터,치매안심센터,충청북도 옥천군 옥천읍 가화4길 18,충청북도 옥천군 옥천읍 금구리 230-20,36.30508487,127.5612257,2019-06,,사무실(2)+건강교실(1)+검사실(2)+가족카페(1)+쉼터(1)+프로그램실(1),0,7,0,2,옥천군치매안심센터,임순혁,043-730-2158,,"무료치매검사,어울림쉼터교실,치매예방교실,웹코트,인지강화교실 등",,옥천군청,2020-07-15,4430000,충청북도 옥천군
고성군치매안심센터,치매안심센터,경상남도 고성군 고성읍 중앙로 35,경상남도 고성군 고성읍 성내리 27,34.97451724,128.3244477,2018-08,412,,0,4,2,,고성군 보건소,백두현,055-670-4075,,"치매조기검진, 위치주적기 및 인식표 지원, 재활프로그램운영, 치매 인식개선 교육 홍보 등",055-670-4053,고성군청,2020-07-10,5420000,경상남도 고성군
고성군치매안심센터,치매안심센터,강원도 고성군 간성읍 수성로 30,강원도 고성군 간성읍 신안리 178,38.3776166184,128.4721409102,2019-01,,"사무실1, 프로그램실1, 가족카페1, 검진실2, 휴게실1, 창고1",0,6,0,3,고성군보건소,변원용,033-680-3798,,"치매조기검진사업, 쉼터, 가족지지, 인지재활 등",,고성군보건소,2020-06-30,4340000,강원도 고성군
영암군치매안심센터,치매안심센터,전라남도 영암군 영암읍오리정길39,전라남도 영암군 영암읍춘양리 525번지,34.7946933,126.703828,2017-11,,영암군보건소,0,5,0,0,0,이국선,061-470-6667,,"실버인지건강학교, 뇌청춘돌려다오 인지재활프로그램브레인닥터",061-470-6525,영암군보건소,2020-07-13,4940000,전라남도 영암군
진도군치매안심센터,치매안심센터,전라남도 진도군 진도읍 남동1길 40-9,전라남도 진도군 진도읍 남동리 776-26,34.480308,126.2629491,2018-01,,,0,9,0,2,진도군보건소,박병애,061-540-6065,,"치매조기검진 및 등록관리, 인지건강프로그램 등",061-540-6065,진도군보건소,2020-07-01,5000000,전라남도 진도군
중구치매안심센터,치매안심센터,인천광역시 중구 참외전로72번길 21(전동),,37.47721594,126.629107,2017-12,549.61,사무실(1)+상담실(2)+진료실(1)+프로그램실(2)+쉼터(1),0,10,1,4,인천광역시 중구보건소,이대섭,032-760-6063,,"치매조기검진(선별,진단,감별검사), 치매환자등록관리, 맞춤형사례관리, 치매치료관리비 지원, 조호물품 지원, 치매안심마을 만들기, 공공후견인사업운영, 치매예방교실 운영(미술활동, 치매예방운동, 보드게임,한지공예,원예교실 등), 가족힐링프로그램(드라이플라워, 자조모임 등), 쉼터운영(운동치료,요리치료,미술치료,음악치료,감각활동,전산화인지재활,인지카드학습), 치매인식개선 및 홍보 사업, 치매파트너 양성사업 등.",032-760-6010,인천광역시 중구보건소,2020-07-03,3490000,인천광역시 중구
청도군치매안심센터,치매안심센터,경상북도 청도군 화양읍 산성강변길 472,경상북도 청도군 화양읍 송북리 45,35.654342,128.7381579,2019-07,454.51,"사무실, 교육, 상담실, 검진실, 쉼터 및 가족카페",1,4,1,8,청도군보건소,박미란,054-370-6470,,"치매진단등록, 환자쉼터, 인지재활치료, 비약물치료",054-370-2672,청도군치매안심센터,2020-06-30,5190000,경상북도 청도군
서구치매안심센터,치매안심센터,부산광역시 서구 천마로 176,부산광역시 서구 남부민동 67-10,35.0913214398,129.0228984526,2017-12,,"사무실, 상담·검진실, 프로그램실 일부 등(※ 19년 7월 신축중인 가족센터 내 이전 후 가족카페 및 프로그램운영을 위한 쉼터 등 치매안심센터 전용공간 확충 완료예정)",0,4,1,작업치료사(2)+임상심리사(1),서구보건소,성태봉,051-240-4864,,"치매조기검진, 등록관리, 인지향상교육, 의료비지원, 지역자원연계, 치매예방교육 및 인식개선사업 등",051-240-4864,서구보건소,2019-09-27,3260000,부산광역시 서구
울산광역시 북구치매안심센터,치매안심센터,울산광역시 북구 산업로 1018,울산광역시 북구 연암동 1082,35.583448,129.3607258,2018-09,324,"사무실, 환자쉼터, 가족카페, 검진실, 교육실, 프로그램실 등",2,11,1,4,울산광역시 북구보건소,손정미,052-241-8138,,"치매조기검진 및 치매환자 등록관리, 교육지원",052-289-3450,울산광역시 북구보건소,2019-09-06,3720000,울산광역시 북구
부천시치매상담센터,치매안심센터,경기도 부천시 옥산로 10번길 16(중동),경기도 부천시 중동 1119,37.4941654,126.7809773,2017-01,,,0,1,1,2,부천시보건소,전용한,032-625-4403,,"치매환자의 등록·관리,  치매의 예방·교육 및 홍보, 치매조기검진",,경기도 부천시청,2019-09-10,3860000,경기도 부천시
가평군치매안심센터,치매안심센터,경기도 가평군 가평읍 가화로 155-18,경기도 가평군 가평읍 읍내리 624-1,37.8335569,127.5104515,2018-12,368,"가족카페, 교육실, 단기쉼터",1,5,1,작업치료사1,가평군보건소,가평군수,031-580-2849,,"맞춤형사례관리, 인지강화 및 치매예방교실, 단기쉼터운영, 치매파트너 및 파트너플러스 양성, 치매가족지지프로그램, 인식강화 등",031-580-2849,가평군보건소,2019-09-16,4160000,경기도 가평군
보은군치매안심센터,치매안심센터,충청북도 보은군 보은읍 임업길 22,충청북도 보은군 보은읍 삼산리 172-2,36.4870575,127.7140946,2019-05,,"사무실, 프로그램실, 교육실, 쉼터",1,4,0,3,보은군치매안심센터,김귀태,043-540-5658,,인지재활프로그램,043-540-5658,보은군보건소,2019-05-30,4420000,충청북도 보은군
부산광역시 동래구 치매안심센터,치매안심센터,부산광역시 동래구 명륜로187번길 56,부산광역시 동래구 명륜동 702-54,35.2114120201,129.079853037,2019-06,,,1,9,2,심리상담사(1)+작업치료사(2),부산광역시 동래구보건소,김진홍,051-555-4000,,"치매상담 및 등록관리, 치매조기검진 및 예방관리, 치매환자쉼터 운영, 치매가족 지원, 치매인식개선 및 교육홍보 등",,부산광역시 동래구청,2019-09-10,3300000,부산광역시 동래구
울산광역시 동구보건소 치매안심센터,치매안심센터,울산광역시 동구 봉수로 155,울산광역시 동구 화정동 222,35.505086,129.416646,2018-08,615.32,"진단실(2),쉼터,교육실,음악실,감성실,요리실",1,5,2,작업치료사 3명,울산광역시 동구보건소,신수진,052-209-4060,,"쉼터 운영,인지강화 및 인지재활 프로그램,힐링프로그램,자조모임",052-209-4060,울산광역시 동구보건소,2019-09-10,3710000,울산광역시 동구
임실군치매안심센터,치매안심센터,전라북도 임실군 임실읍 호국로 1680,전라북도 임실군 임실읍 이도리 270-8,35.6127033,127.2873253,2019-04,,"상담실, 검진실, 사무실, 쉼터, 가족카페, 프로그램실, 건강키움실, 심층상담실",1,5,2,4,임실군치매안심센터,김형진,063-640-3373,,· 치매상담 및 등록관리 사업· 치매 인식개선 및 예방 사업· 쉼터 및 가족지원 사업· 치매환자 집중사례관리,063-640-3100,임실군보건의료원,2019-05-01,4760000,전라북도 임실군
서대문구치매지원센터,치매안심센터,서울특별시 서대문구 연희로 290,서울특별시 서대문구 홍은2동 425-3,37.582876,126.936347,2019-12,417.37,"음악치료실, 기억키움학교",01,08,05,07,연세대학교세브란스병원,이병석,1599-1004,2016-01-01,"실버아카데미, 치매가족교육, 기억키움, 노소노소",02-330-1738,서대문구보건소,2019-03-04,3120000,서울특별시 서대문구
충청북도 청주시 청원구 치매안심센터,치매안심센터,충청북도 청주시 청원구 오창읍 과학산업3로 238,충청북도 청주시 청원구 오창읍 각리 639-1,36.71040553,127.430416,2020-12,457.26,"사무실(2),상담,검진실(3),창고(3),쉼터(1),휴게실(1),통신실(1),카페(1)",0,5,2,"작업치료사(2), 임상심리사(1), 행정(2)",청주시 청원보건소,전소연,043-201-3400,,"치매조기검진, 치매치료관리비 및 검진비 지원, 치매예방교육,인지강화교실, 치매안심마을운영, 치매환자맞춤형 사례관리,치매공공후견인, 치매환자쉼터 및 가족지원사업,치매파트너 운영, 돌봄재활사업 등",043-201-4361,청주시 청원보건소,2020-07-02,5710000,충청북도 청주시
달성군치매안심센터,치매안심센터,대구광역시 달성군 옥포읍 비슬로458길 6-2,대구광역시 달성군 옥포읍 기세리 267,35.789593,128.471279,2019-04,548,사무실(1)+상담실(1)+프로그램실(1)+쉼터+카페,1,5,2,작업치료사(2),달성군보건소,달성군보건소장,053-668-3841,,"치매선별검사, 치매예방프로그램, 치매인지재활프로그램 등",053-668-3841,대구광역시 달성군보건소,2020-07-02,3480000,대구광역시 달성군
노원구치매안심센터,치매안심센터,서울특별시 노원구 노해로437 노원구청 5층,서울특별시 노원구 상계동 701-1번지 노원구청 5층,37.654126,127.056798,2009-12,,기억키움학교,1,12,6,작업치료사 6,인제대학교 상계백병원,이동원,02-911-7778,2019-01-01,"치매선별검진, 치매예방 및 등록관리 사업, 치매치료비 지원사업 등",02-2116-4353,서울특별시 노원구청,2020-07-14,3100000,서울특별시 노원구
칠곡군치매안심센터,치매안심센터,경상북도 칠곡군 왜관읍 관문로1길 30,경상북도 칠곡군 왜관읍 석전리 262-1,35.99096877,128.4185105,2017-12,367.99,"카페,쉼터,검진실,노래방",1,5,2,4,칠곡군보건소,문귀정,054-979-8242,,"기억두드림, 기억톡톡교실",054-979-8242,칠곡군보건소,2020-07-13,5220000,경상북도 칠곡군
익산시치매상담센터,치매상담전화센터,전라북도 익산시 선화로 255 (국민생활관 2층),전라북도 익산시 남중동 86-10,35.9453889,126.9586965,2016-04,165,사무실(1)+상담실(2)+프로그램실(1),0,4,2,물리치료사(1),익산시보건소,김재광,063-859-4085,,"치매환자 등록관리, 치매조기검진, 치매치료비 지원,인지증진프로그램, 치매환자 가족지지모임 등",,익산시 보건소,2019-09-18,4680000,전라북도 익산시
서울특별시 중랑구치매안심센터,치매안심센터,서울특별시 중랑구 동일로 608 화성빌딩 2~3층,서울특별시 중랑구 면목동 161-34,37.5845950,127.0801244,2009-11,460,사무실(1)+강당(1)+진료실(1)+인지검사실(4)+상담실(1)+창고(2)+)+프로그램실(3),1,10,4,3,서울북부병원,김정화,02-435-7540,2017-01-01,"치매조기검진, 치매예방등록관리, 지역사회자원강화",02-2094-0852,"서울특별시청, 중랑구보건소",2019-09-18,3060000,서울특별시 중랑구
영주시치매안심센터,치매안심센터,경상북도 영주시 영주로159번길 73,경상북도 영주시 영주동 479-1,36.828742,128.615914,2018-07,1255.89,"1층 : 사무실(1), 프로그램실(2), 상담실(1), 치매쉼터(1), 가족카페(1), 창고(2)2층 : 사무실(1), 다목적실(1), 탈의실(1), 프로그램실(1),센터장실(1), 상담실(1), 심리안정실(1), 직원휴게실(1)3층 : 사무실(1), 전기실(1), 물탱크실(1), 문서고(1)",0,9,4,작업치료사(1),영주시보건소,김인석,054-631-4000,2018-07-16,"치매예방교실, 인지강화교실,치매조기검진, 치매치료비지원,치매조호물품 지원, 치매보듬마을 사업,예쁜치매쉼터 운영, 치매가족자조모임관리, 치매환자사례관리 등",054-634-3100,영주시청,2019-09-17,5090000,경상북도 영주시
장성군치매안심센터,치매안심센터,전라남도 장성군 장성읍 청운11길 13,전라남도 장성군 장성읍 영천리 1475-4 보건소,35.3045428541,126.7824532467,2018-12,33.05,사무실(1),0,5,2,,장성군보건소,조미숙,061-390-8374,,"무료치매검사, 치매극복의 날 캠페인, 치매파트너즈 교육, 치매인지재활교실 운영, 치매치료관리비 지원등",,전라남도 장성군 보건소,2019-06-30,4980000,전라남도 장성군
사하구 치매안심센터,치매안심센터,부산광역시 사하구 까치고개로 50-10,부산광역시 사하구 괴정동 12-31,35.1044834567,129.006333,2019-05,997.87,,0,10,3,4,부산광역시 사하구보건소,나정현,051-220-5987,,"치매조기검진, 치료관리비 지원, 치매 인식 개선을 위한 홍보 캠페인 등",051-220-5986,부산광역시 사하구보건소,2019-09-17,3340000,부산광역시 사하구
영등포구치매안심센터,치매안심센터,"서울특별시 영등포구 당산로 29길 9 3층, 4층","서울특별시 영등포구 당산동3가 407번지 3층, 4층",37.525994,126.893979,2019-12,529.54,"사무실 1개, 검사실 3개, 센터장실 1개, 화장실 각층 2개, 프로그램실 3개, 샤워실 1개",1,11,2,4,가톨릭대학교 여의도성모병원,나혜란,02-1661-7575,2018-12-01,"치매예방 및 인식개선(교육, 홍보)치매조기검진(선별검진, 정밀검진)치매예방등록사업(상담 및 사례관리, 환자 및 가족 지원, 인지건강 프로그램 운영)치매치료비 및 원인확진검사비 지원(저소득 치매환자)치매지역사회 지원강화(지역사회 인적, 물적 자원 연계)치매통합관리 정보시스템 구축 운영",02-831-0855,영등포구보건소(건강증진과),2019-04-30,3180000,서울특별시 영등포구
구례군 치매안심센터,치매안심센터,전라남도 구례군 구례읍 동편제길 30,전라남도 구례군 구례읍 백련리 576,35.2159325,127.4614696,2017-12,437.04,"사무실, 회의실, 진료실, 검진실, 프로그램실, 가족카페",0,3,2,3,구례군 치매안심센터,전균섭,061-780-2023,,"치매쉼터, 예방교실, 인지강화 교실, 가족교실 운영",061-780-2002,전라남도 구례군 보건의료원,2019-06-26,4870000,전라남도 구례군
동대문구 치매안심센터,치매안심센터,서울특별시 동대문구 홍릉로 81,서울특별시 동대문구 청량리동 203-1,37.58751921,127.0427044,2008-04,567.58,"프로그램실, 상담실, 진료실, 기억키움학교 등",1,10,4,4,경희의료원,김종우,02-957-3062,2018-01-01,"치매조기검진, 치매환자 등록관리, 치매환자 인지재활프로그램, 가족치유 프로그램, 기억키움학교 운영 등",02-2127-5194,서울특별시 동대문구보건소,2020-04-09,3050000,서울특별시 동대문구
충청북도 청주시 서원구 치매안심센터,치매안심센터,"충청북도 청주시 서원구 구룡산로 235, 3층 (수곡동, 위너스빌)",충청북도 청주시 서원구 수곡동 901,36.61602197,127.4713297,2020-10,301.71,"사무실(1), 검진실(1),  상담실(2), 쉼터(1), 가족카페(1)",0,8,2,"작업치료사(3), 임상심리사(2), 행정(2)",청주시 서원보건소,김병성,043-201-3200,,"치매조기검진, 치매치료관리비 및 검진비 지원, 치매예방교육,인지강화교실, 치매안심마을운영, 치매환자맞춤형 사례관리,치매공공후견인, 치매환자쉼터 및 가족지원사업,치매파트너 운영, 돌봄재활사업 등",043-201-3710,청주시 서원보건소,2020-07-02,5710000,충청북도 청주시
충청북도 청주시 흥덕구 치매안심센터,치매안심센터,"충청북도 청주시 흥덕구 비하로12번길 42, 1층~2층",충청북도 청주시 흥덕구 비하동 793,36.62990505,127.4267909,2020-08,500,"사무실(2),상담,검진실(3),창고(2),프로그램실(1),쉼터(1),휴게실(1),통신실(1),카페(1)",0,7,3,"작업치료사(2),임상심리사(1),행정(1),운전(1)",청주시 흥덕보건소,이진숙,043-201-3300,,"치매조기검진, 치매치료관리비 및 검진비 지원, 치매예방교육,인지강화교실, 치매안심마을운영, 치매환자맞춤형 사례관리,치매공공후견인, 치매환자쉼터 및 가족지원사업,치매파트너 운영, 돌봄재활사업 등",043-201-4330,청주시 흥덕보건소,2020-07-02,5710000,충청북도 청주시
구미치매안심센터,치매안심센터,경상북도 구미시 지산11길 8-1,경상북도 구미시 지산동 853-141,36.139463,128.345464,2020-06,354.71,"사무실1,진료실1,검사실1,상담실1,프로그램실2,가족카페1,교육실1,소회의실1,쉼터1",1,13,1,4,구미치매안심센터,구건회,054-480-4881,,"무료치매검사, 환자쉼터, 인지강화교실운영, 치매 극복의 날 기념행사, 치매 홍보서포터즈 운영 등",054-880-3805,경상북도청,2020-06-29,5080000,경상북도 구미시
강북구치매지원센터,치매안심센터,"서울특별시 강북구 삼양로476 스마트빌딩 1층, 치매안심센터 기억키움쉼터","서울특별시 강북구 수유동 322-14, 치매안심센터 기억키움쉼터",37.645880,127.015664,2019-03,85.24,"사무실,프로그램실,검진실",0,1,0,3,강북구치매지원센터,박건우,02-990-9830,2009-07-28,"경도치매군 인지재활 프로그램, 조기검진, 조호물품, 사례관리, 봉사단체운영및지역자원연계 등",02-901-7755,강북구보건소 지역보건과,2019-05-16,3080000,서울특별시 강북구
울주치매안심센터,치매안심센터,울산광역시 울주군 웅촌면 은현작동로 49,울산광역시 울주군 웅촌면 검단리 1091-19,35.456881,129.176837,2018-05,300.78,검진실(1)+상담실(2)+단기쉼터(1)+기억쉼터(1)+가족카페(1)+사무실(1)+교육실(1)+한방실(1)+강당(1)+운동치료실(1),1,10,2,작업치료사(2)+센터장(1)+담당(1),울주군보건소,최우영,052-204-2878,,"치매조기검진 및 진단검사, 치매안심마을 운영, 치매공공후견사업, 치매 상담 및 등록,  단기쉼터 운영, 치매예방프로그램 운영, 치매인식개선홍보 등",052-204-2798,울산광역시 울주군보건소,2019-09-18,6310000,울산광역시
경기도 평택보건소,치매안심센터,"경기도 평택시 중앙1로56번길 25, 2층",경기도 평택시 비전동 631,36.9962526270,127.0891929042,2019-02,657,"사무실,프로그램실,상담실,교육실,가족카페",0,7,0,"팀장1,행정1,작업치료사2,임상심리사1",경기도 평택시청 평택보건소,평택보건소장,031-8024-4406,,"치매조기검진사업, 치매예방교육 및 인지재활, 가족프로그램 운영 등",031-8024-4406,경기도 평택시청 평택보건소,2019-09-25,3910000,경기도 평택시
북구 치매상담센터,치매안심센터,부산광역시 북구 금곡대로 348,부산광역시 북구 화명동 1531-4,35.23929500,129.01441500,2017-12,557,상담실,2,9,2,2,북구보건소,이정화,051-309-7032,,"치매조기검진, 치매치료비지원, 인지재활프로그램 및 가족교육 등",051-309-7032,북구보건소,2020-07-22,3320000,부산광역시 북구
무안군치매안심센터,치매안심센터,전라남도 무안군 무안읍 불무로 38-9,전라남도 무안군 무안읍 교촌리 127-10,34.9883009667,126.4735172,2009-07,431.94,사무실(1)+상담실(1)+검진실(2)+프로그램실(2)+가족카페(1),1,8,3,임상심리사(1)+작업치료사(2),무안군보건소,정수연,061-450-5075,,"치매조기검진, 치매상담 및 등록관리, 치매예방교육, 인지강화교실, 쉼터, 가족교실, 자조모임, 치매인식개선교육",061-450-5014,무안군보건소,2020-07-17,4950000,전라남도 무안군
광주광역시광역치매센터,광역치매센터,"광주광역시 동구 필문대로 365, 조선대학교병원 1관 동편 2층",,35.1385478752,126.9281849011,2016-10,,,1,3,2,,조선대병원,추일한,062-226-2181,,"치매극복의날 기념행사, 한마음 치매극복 걷기행사, 치매예방교육 및 시민건강강좌, 치매관련종사자 교육 등",,광주광역시청,2020-07-21,6290000,광주광역시
전주시 치매안심센터,치매안심센터,전라북도 전주시 완산구 전라감영로 33,전라북도 전주시 완산구 중앙동4가 30-1,35.8156257,127.1431738,2015-12,625,사무실+휴게실+프로그램실 등,2,9,2,8,전주시보건소,김경숙,063-281-6291,,"치매환자 등록관리, 인지재활프로그램,가정방문사례관리 등",063-281-6291,전주시 보건소,2019-08-30,4640000,전라북도 전주시
동해시치매안심센터,치매안심센터,강원도 동해시 발한로 227,강원도 동해시 발한동 17-9,37.549533,129.1081409,2018-08,987.85,사무실검진실쉼터가족카페.교육실치매가족교실,1,3,2,2,동해시보건소,박종태,033-530-2426,,치매선별 및 신경인지검사치매극복의 날 기념행사치매극복선도단체 지정치매예방교실. 치매인지강화교실헤아림가족교실치매파트너양성 및 교육배회감지기사용료지원인식표 및 지문사전등록사례관리치매예방홍보캠페인 등,033-530-2426,동해시청,2019-09-10,4210000,강원도 동해시
광명시치매안심센터,치매안심센터,경기도 광명시 오리로 613 광명시립노인요양센터 1층,경기도 광명시 하안1동 230번지 광명시립노인요양센터 1층,37.455626,126.878301,2013-11,158.38,사무실(1)+프로그램실(1)+협력의사상담실(1)+상담실(1),1,9,2,작업치료사(3)+운동처방사(1)+보건직(1)+물리치료사(1),광명시치매안심센터,이현숙,02-2680-6546,2019-01-01,"치매조기검진,치매극복의날 기념행사,치매서포터즈양성,치매 극복선도도서관지정, 치매인지프로그램운영",02-2680-6546,광명시 보건소,2019-09-09,3900000,경기도 광명시
울산광역시 동구보건소 치매안심센터,치매안심센터,울산광역시 동구 봉수로 155,울산광역시 동구 화정동 222,35.505086,129.416646,2018-08,615.32,"진단실(2),쉼터,교육실,음악실,감성실,요리실",1,5,2,작업치료사 3명,울산광역시 동구보건소,신수진,052-209-4060,,"쉼터 운영,인지강화 및 인지재활 프로그램,힐링프로그램,자조모임",052-209-4060,울산광역시 동구보건소,2019-09-18,6310000,울산광역시
울산광역시남구치매안심센터,치매안심센터,울산광역시 남구 삼산중로 132,울산광역시 남구 삼산동 1538-4,35.54535759,129.3363268,2019-03,997.14,사무실(1)+검진실(1)+상담실(3)+심리안정실(1)+인지체험관(1)+쉼터(1)+교육실(1),1,15,1,"임상심리사 1, 작업치료사 3",남구보건소,박혜경,052-226-2323,,"상담 및 등록관리사업,조기검진사업,쉼터운영사업,가족지원사업,치매인식개선홍보사업",052-226-2451,울산광역시 남구보건소,2019-09-18,6310000,울산광역시
울산광역시 북구치매안심센터,치매안심센터,울산광역시 북구 산업로 1018,울산광역시 북구 연암동 1082,35.583448,129.3607258,2018-09,324,"사무실, 환자쉼터, 가족카페, 검진실, 교육실, 프로그램실 등",2,11,1,4,울산광역시 북구보건소,손정미,052-241-8138,,"치매조기검진 및 치매환자 등록관리, 교육지원",052-289-3450,울산광역시 북구보건소,2019-09-18,6310000,울산광역시
울산중구치매안심센터,치매안심센터,울산광역시 중구 외솔큰길 225 중구보건소 2층(남외동),울산광역시 중구 남외동 603-2 중구보건소 2층,35.5694483,129.3504562,2018-10,259.9,사무실(1)+상담실(2)+교육실(1)+프로그램실(1)+가족카페(1)+검진실(1),0,10,1,작업치료사(2),울산광역시 중구보건소,황병훈,052-290-4366,,"무료치매선별검사, 치매예방 인지건강프로그램, 치매예방 가족교육 등",052-290-4362,울산광역시 중구 보건소,2019-09-18,6310000,울산광역시
순천시치매안심센터,치매안심센터,전라남도 순천시 중앙로 232,전라남도 순천시  석현동 35-7,34.966691,127.4865762,2019-12,,,0,10,2,3,순천시 보건소,보건소장 정기성,061-749-8888,,"인지재활프로그램, 기억력 검사 등",061-749-3101,순천시 보건소,2019-08-28,4820000,전라남도 순천시
영도구치매안심센터,치매안심센터,부산광역시 영도구 태종로 423,부산광역시 영도구 청학동 48-3,35.0912179,129.067935,2017-12,375.42,,1,12,3,3,영도구보건소,박성률,051-419-4935,,치매상담 및 등록치매조기검진사업치매예방교실치매환자쉼터치매가족교실치매치료비지원치매환자조호물품지원치매인식개선사업 등,,부산광역시 영도구청,2020-07-28,3280000,부산광역시 영도구
연수구치매안심센터,치매안심센터,인천광역시 연수구 예술로20번길 15,인천광역시 연수구 선학동 100-2,37.4357471,126.699593,2018-11,395,"사무실3, 교육상담실1, 검진실1, 프로그램실1, 카페1, 어르신사랑방1",0,17,2,"작업치료사2, 의료기술직1, 보건직1",연수구보건소,김용운,032-749-8952,,"무료치매검진, 등록관리, 교육홍보,인지개선프로그램, 가정방문(사례관리), 치매치료비 지원 등",032-749-8952,인천광역시 연수구보건소,2020-07-27,3520000,인천광역시 연수구
여주시치매안심센터,치매안심센터,경기도 여주시 여흥로 160번길 12,,37.2946119,127.6403966,2017-12,758.25,"사무실, 프로그램실, 상담실, 진단검사실,가족카페, 신체활동프로그램실",1,4,2,3,여주시 보건소,함진경,031-887-3601,,"예방프로그램, 쉼터, 치매인식개선사업, 조기검진사업",031-887-3685,경기도 여주시,2020-07-23,5700000,경기도 여주시
북부치매안심센터,치매안심센터,경기도 여주시 대신면 풍양1길 16,,37.3720554908,127.5852432137,2019-07,180,"사무실, 프로그램실, 상담실, 진단검사실",0,1,2,0,여주시 보건소,함진경,031-887-3601,,"예방프로그램, 쉼터, 치매인식개선사업, 조기검진사업",031-887-3496,경기도 여주시,2020-07-23,5700000,경기도 여주시
남부치매안심센터,치매안심센터,경기도 여주시 점동면 청안로 130-6,,37.2057161701,127.6624172990,2019-08,72,"사무실, 프로그램실, 상담실, 진단검사실",0,1,2,0,여주시 보건소,함진경,031-887-3601,,"예방프로그램, 쉼터, 치매인식개선사업, 조기검진사업",031-887-3493,경기도 여주시,2020-07-23,5700000,경기도 여주시
서구치매안심센터,치매안심센터,대구광역시 서구 북비산로 71길 7,대구광역시 서구 비산동 42-107,35.88016031,128.572445,2019-01,942.31,상담실(1)+치매가족카페(1)+교육장(1)+쉼터(1)+가족프로그램실(1)+검진실(1)+사무실(1),1,9,1,임상심리사(1)+작업치료사(1)+보건직(1),대구광역시 서구청,이희숙,053-663-3811,,"치매조기검진, 치매예방프로그램, 쉼터 인지재활프로그램, 치매가족교실 등",053-663-3811,대구광역시 서구청,2020-07-10,3430000,대구광역시 서구
성주군치매안심센터,치매안심센터,경상북도 성주군 성주읍 성밖숲길12,경상북도 성주군 성주읍 경산리 436-1,35.917407,128.2785293,2018-09,333.4,보건소건강증진센터2층,0,2,7,9,성주군보건소,김명순,054-930-8191,,인지강화및치매환자교실 운영 등,054-930-8271,성주군보건소,2020-07-15,5210000,경상북도 성주군
인천광역시 동구 치매안심센터,치매안심센터,인천광역시 동구 송림로 113,인천광역시 동구 송림동 49-13,37.4769037292,126.6471972259,2018-12,429.76,사무실(1)+프로그램실(2)+가족카페(1)+검사실(1)+진료실(1)+상담실(2),2,10,1,물리치료사(1)+작업치료사(1)+임상심리사(1),인천광역시 동구보건소,보건소장,032-772-6307,,○상담 및 등록관리 ○치매조기검진 ○치매예방관리 ○치매환자쉼터운영 ○치매지원서비스 ○치매가족 및 보호자 지원사업 ○치매인식개선 및 교육·홍보 사업 ○치매안심마을 운영 등,032-772-6307,인천광역시 동구보건소,2020-06-23,3500000,인천광역시 동구
포천시치매안심센터,치매안심센터,경기도 포천시 삼육사로 2186번길 11-15,경기도 포천시 선단동 629-1외 1필지,37.85346198,127.1593101190,2020-01,583.56,"사무실+회의실+교육실, 검진실",1,4,1,작업치료사(3),포천시보건소,정연오(보건소장),031-538-4854,,치매검진및 치매인지강화 프로그램,031-538-4854,포천시청,2020-06-30,5600000,경기도 포천시
순창군 치매안심센터,치매안심센터,전라북도 순창군 순창읍 교성로 135,전라북도 순창군 순창읍 교성리 418,35.3671047569,127.1436245424,2017-12,82.64,화장실+회의실,1,2,0,1,순창군 보건의료원,정영곤,063-650-5247,,"찾아가는 경로당 치매예방교실, 치매고위험군 인지증진프로그램, 치매가족지지 프로그램 헤아림, 치매조기검진",063-650-5247,순창군 보건의료원,2020-07-02,4770000,전라북도 순창군
서북구치매안심센터,치매안심센터,충청남도 천안시 서북구 서부8길 29,충청남도 천안시 서북구 성정동 684-1,36.8197764,127.1398813,2012-03,287,"사무실 1, 프로그램실 1, 상담실 1, 검사실 1, 쉼터 1",0,4,3,4,서북구보건소,이현기,041-574-0994,,"치매조기검진, 인지재활, 쉼터, 가족지원사업 등",041-521-5928,충청남도 천안시청,2020-07-06,4490000,충청남도 천안시
동남구치매안심센터,치매안심센터,충청남도 천안시 동남구 버들로 40,충청남도 천안시 동남구 문화동 112-1,36.80718993,127.1514636,2018-11,578,"사무실 1, 프로그램실 1, 상담실 2, 검사실 1,쉼터1,가족카페1",0,7,1,5,동남구보건소,구본순,041-521-3340,,"치매조기검진, 인지재활, 쉼터, 가족지원사업 등",041-521-3340,충청남도 천안시청,2020-07-06,4490000,충청남도 천안시
치매안심센터,치매안심센터,충청남도 서천군 서천읍 사곡길 26,,36.08237203,126.6897168,2017-12,906,,0,5,2,1,서천군보건소,김재연,041-950-6741,,"치매조기검진, 치매환자가족지원",041-950-4055,충청남도 서천군청,2020-07-10,4580000,충청남도 서천군
보성군치매안심센터,치매안심센터,전라남도 보성군 보성읍 갱맹골길 206,전라남도 보성군 보성읍 주봉리 529,34.7664558,127.071271,2017-11,344,"사무실, 카페, 쉼터, 프로그램실, 상담실",2,7,1,4,보성군보건소,박경희,061-850-8695,,"조기검진, 치매등록, 쉼터, 헤아림, 인지강화교실 등",061-853-4000,보성군보건소,2020-07-09,4890000,전라남도 보성군
군위군치매안심센터,치매안심센터,경상북도 군위군 군위읍 군청로 70,경상북도 군위군 군위읍 동부리 676-3,36.229542,128.569951,2020-12,,,0,9,2,3,군위군보건소,김명이,054-380-7414,,"치매환자쉼터, 인지예방프로그램, 사례관리, 예쁜치매쉼터, 치매보듬쉼터, 치매보듬마을",,경상북도 군위군청,2020-07-14,5140000,경상북도 군위군
충청북도광역치매센터,광역치매센터,충청북도 청주시 서원구 1순환로 767(개신동) 지오빌딩 3층,충청북도 청주시 서원구 개신동 50-5,36.6254492,127.4638297,2020-12,333.2,"사무실(2),회의실(1),교육실(1),세미나실(1),비품보관실(1)",1,1,5,작업치료사(2),충북대병원,김시경,043-269-6891,2019-12-27,"치매인력전문화교육, 치매극복의날기념식, 치매극복걷기대회, 치매파트너운영, 치매특화사업개발, 치매연구조사 등",043-220-3192,충청북도청(보건정책과),2020-07-02,5710000,충청북도 청주시
충청북도 청주시 상당구 치매안심센터,치매안심센터,충청북도 청주시 상당구 남일면 단재로 480,충청북도 청주시 상당구 남일면 효촌리 92-2,36.58807606,127.5047678,2020-12,992.92,"사무실(1), 상담실(2), 검진실(1), 쉼터(1), 가족카페(1), 휴게실(1), 사랑방(1), 샤워실(1), 대회의실(1), 소회의실(1), 기타",0,6,2,"작업치료사(4), 임상심리사(2), 행정(1)",청주시 상당보건소,김혜련,043-201-3100,,"치매조기검진, 치매치료관리비 및 검진비 지원, 치매예방교육,인지강화교실, 치매안심마을운영, 치매환자맞춤형 사례관리,치매공공후견인, 치매환자쉼터 및 가족지원사업,치매파트너 운영, 돌봄재활사업 등",043-201-4306,청주시 상당보건소,2020-07-02,5710000,충청북도 청주시
함안군 치매안심센터,치매안심센터,경상남도 함안군 군북면 함마대로 768-3,경상남도 함안군 군북면 중암리 106,35.2639061,128.3428857,2018-05,515.13,사무실(1)쉼터(1)상담실(1)검진실(1)가족카페(1),1,10,1,2,경상남도 함안군,강경희,055-580-3202,,치매예방교육조기검진사업치매환자 등록관리치매치료관리비 지원인지재활프로그램치매환자가족교육,055-580-3202,함안군보건소,2020-07-07,5400000,경상남도 함안군
강북구치매지원센터,치매안심센터,서울특별시 강북구 삼양로19길 154 삼각산분소 2층,서울특별시 강북구 미아동 1353-8,37.6169493651,127.0156528,2009-08,1604,"사무실,프로그램실,검진실,강당,주차장 등",1,7,3,3,강북구치매지원센터,박건우,02-991-9830,2009-07-28,"조기검진, 쉼터, 가족지원, 인식개선 등치매검진, 치매치료비, 조호물품, 배회인식표, 가족모임, 인지건강센터, 기억친구 등",02-901-7755,강북구보건소 지역보건과,2019-05-16,3080000,서울특별시 강북구
의성군치매안심센터,치매안심센터,경상북도 의성군 의성읍 구봉길 228,경상북도 의성군 의성읍 도서리 104-1,36.3457103532,128.6975450205,2020-04,228.99,사무실(1)+진단실(1)+상담실(2)+프로그램실(1)+교육실(1)+치매카페(1),3,13,3,운전직(1)+작업치료사(1),경상북도 의성군보건소,신복련,054-830-6699,,"무료치매검사, 치매극복의날기념행사, 인식개선홍보,가족지지프로그램운영,1:1맞춤형사례관리치매 홍보서포터즈 운영,치매보듬마을운영,우리마을예쁜치매쉼터운영 등",054-830-0660,경상북도 의성군청,2020-06-30,5150000,경상북도 의성군
치매안심센터,치매안심센터,대구광역시 수성구 수성로 213,,35.84463884,128.6122124,2019-01,998,,0,15,3,5,수성구보건소,여수환,053-666-3181,,"치매조기검진, 치매환자 및 가족 프로그램운영, 인식개선활동 및 홍보 등",053-666-3156,대구광역시 수성구보건소,2020-07-14,3460000,대구광역시 수성구
광산구치매안심센터,치매안심센터,광주광역시 광산구 용아로379번길 77(산정동) 치매안심센터 1층,광주광역시 광산구 산정동 1033,35.176248,126.800243,2019-12,520.44,"사무실, 프로그램실, 상담실",0,11,2,6,광주광역시 광산구 보건소,김옥현,062-960-6930,,"치매조기검진, 치매인지프로그램, 치매환자가족 자조모임, 치매인식개선 홍보 등 치매통합서비스 제공",062-960-6930,광주광역시 광산구 보건소,2020-06-30,3630000,광주광역시 광산구
화순군치매안심센터,치매안심센터,전라남도 화순군 화순읍 충의로 40,전라남도 화순군 화순읍 삼천리 701,35.055391,126.982021,2019-03,661.24,사무실(1)+상담실(2)+프로그램실(1)+쉼터(1),1,7,2,1(작업치료사),화순군보건소,보건소장(김인아),061-379-5317,,"치매선별검사, 치매예방프로그램, 치매인지재활프로그램, 치매가족 지원, 치매치료관리비 지원 등",061-379-5315,화순군보건소,2020-07-10,4900000,전라남도 화순군
부평구치매안심센터,치매안심센터,인천광역시 부평구 부흥로291 보건소4층,인천광역시 부평구 부평4동 442-1,37.498858,126.724244,2010-10,207,사무실(1)+프로그램실(1)+상담실(2),1,32,1,3,인천광역시 부평구보건소,박영애,032-505-5940,,"치매조기선별검진,진단검사,인지건강프로그램운영등",032-505-5940,인천광역시 부평구보건소,2020-07-14,3540000,인천광역시 부평구
해남군 치매안심센터,치매안심센터,전라남도 해남군 해남읍 해남로 46,,34.5704605088,126.6120436243,2019-12,,,1,8,3,,없음,문어준,061-531-3787,,"치매조기검진, 사례관리, 치매환자 쉼터 및 가족지원, 치매예방 등 프로그램",,해남군,2020-07-14,4930000,전라남도 해남군
영광군치매안심센터,치매안심센터,전라남도 영광군 영광읍 신남로4길 17,전라남도 영광군 영광읍 남천리 326,35.274681,126.504163,2019-03,298,안내실(1)+상담실(2)+쉼터(1)+가족모임터(1)+작업치료실(1)+회의실(1)+사무실(1)+진료실(2)+교육실(1)+프로그램실(1),0,5,3,3,영광군보건소,윤정희,061-350-4691,,"치매예방교실, 인지강화교실, 쉼터운영,  치매환자가족모임및 지원등",061-350-5552,영광군,2020-06-25,4970000,전라남도 영광군
치매안심센터,치매안심센터,부산광역시 중구 흑교로48,,35.103844,129.025465,2020-06,205.2,,1,2,2,1,부산광역시 중구보건소,차대헌,051-600-4682,2017-12-06,"치매초기상담, 조기검진, 1:1 사례관리, 치매치료비지원 등",051-600-4682,부산광역시 중구보건소,2020-07-10,3250000,부산광역시 중구
양양군 치매안심센터,치매안심센터,강원도 양양군 양양읍 양양로 9-5,강원도 양양군 양양읍 연창리 203-5,38.077694,128.627381,2019-08,309,,1,7,1,2,양양군 보건소,이난성,033-670-2937,,치매환자 등록관리/인지재활 프로그램/쉼터 프로그램,033-670-2937,양양군 보건소,2019-08-22,4350000,강원도 양양군
연천군치매안심센터,치매안심센터,경기도 연천군 전곡읍 은대성로 95,경기도 연천군 전곡읍 은대리 577-36,38.02353445,127.0609628,2018-07,450,사무실(1)+프로그램실(1)+검사실(2)+상담실(1)+쉼터(1)+창고(1)+다용도실(1)+가족카페(1),0,1,2,4,연천군보건의료원,최병용,031-839-4165,,"치매교육, 치매조기검진, 치매치료비지원 등",031-839-4161,경기도 연천군 보건의료원,2020-06-23,4140000,경기도 연천군
태백시치매안심센터,치매안심센터,강원도 태백시 태백로 905,강원도 태백시 황지동 20-8,37.176676,128.9924305,2017-12,,"사무실, 검진실, 상담실, 가족카페, 환자쉼터, 프로그램운영실등",0,3,3,1,태백시보건소,김미영,033-550-3042,2017-12-27,"환자쉼터,치매환자가족지지모임치매조기검진(선별,진단,감별검사)치매환자등록관리, 맞춤형사례관리지원서비스(치료관리비, 조호물품제공)치매예방교실, 이동검진 및 교육치매파트너 양성 및 플러스 활동실종예방지원서비스(인식표,배회감지기,지문사진등록사업) 등",033-552-4000,태백시보건소,2020-07-10,4220000,강원도 태백시
광주광역시북구치매안심센터,치매안심센터,광주광역시 북구 북문대로 234(동림동),광주광역시 북구 동림동 1156-3,35.18696192,126.8668762,2001-12,,,1,12,1,작업치료사(1),광주광역시 북구 보건소,김은숙,062-410-6598,,"무료치매검사,치매치료비지원,인식표배부 등",062-410-8124,광주광역시 북구 보건소,2020-06-30,3620000,광주광역시 북구
함평군보건소,치매안심센터,전라남도 함평군 함평읍 중앙길 54-8,전라남도 함평군 함평읍 기각리 253,35.061896,126.524248,2018-11,382,"사무실(1), 검진실(2), 상담실(1), 가족카페(1), 프로그램실(2)",0,9,1,2,함평군보건소,정명희,061-320-2390,,"치매조기검진, 치매예방교실, 인지향상프로그램,  치매치료관리비지원, 치매환자등록관리, 실종예방사업 등",061-320-2518,함평군보건소,2020-07-13,4960000,전라남도 함평군
미추홀돌봄의집,치매안심센터,인천광역시 미추홀구 경인로51번길 21,인천광역시 미추홀구 숭의동 129-34,37.4654740417,126.6479608146,2000-01,361.16,-,0,3,1,4,인하대학교산학협력단,전한용,032-883-0310,2017-01-01,"회상요법, 미술치료, 음악치료 등 인지재활 프로그램",032-880-5460,인천미추홀구보건소,2020-07-09,3510500,인천광역시 미추홀구
미추홀구치매안심센터,치매안심센터,"인천광역시 미추홀구 한나루로 604 롯데월드타워 9층 8호, 16층 1호",인천광역시 미추홀구 도화동 429-1,37.459878,126.672921,2010-02,271.89,-,3,23,4,7,미추홀구보건소,김인수,032-876-4310,,"치매조기검진, 치매치료관리비지원, 인지재활프로그램 운영, 치매가족교육, 치매관련교육, 조호물품 제공 등",032-880-5460,인천미추홀구보건소,2020-07-09,3510500,인천광역시 미추홀구
오산시치매안심센터,치매안심센터,경기도 오산시 경기동로59,경기도 오산시 오산동 25,37.159323,127.0778335,2018-07,320,사무실(1)+로비(1)+상담검진실(1)+쉼터(1)+프로그램실(1)+가족카페(1),1,8,1,임상심리사(1)+작업치료사(2),오산시보건소,공석,031-8036-6251,,"치매환자 등록관리, 치매조기검사, 치매극복의날 기념행사, 치매예방프로그램, 인지재활프로그램, 가족헤아림교실, 치매안심마을운영 등",031-8036-8036,오산시청,2020-07-06,4000000,경기도 오산시
성북구치매안심센터,치매안심센터,"서울특별시 성북구 화랑로63,성북구보건소 5층","서울특별시 성북구 하월곡동 46-1,호 성북구보건소 5층",37.6027096736,127.0395315349,2007-06,,"사무실1, 휴게실1, 가족카페1, 프로그램실4, 검진실5, 회의실1",1,13,2,6,건국대학교병원,유승호,02-918-2223,2020-01-01,"등록관리, 선별, 정밀검진, 치료비지원, 원인확진검사비 지원, 예방 및 재활 프로그램",02-2241-6137,성북구보건소 건강관리과,2020-07-09,3070000,서울특별시 성북구
창녕군 치매안심센터,치매안심센터,경상남도 창녕군 창녕읍 우포2로 1189-35,경상남도 창녕군 창녕읍 교리 996-1,35.543618,128.4900550844,2018-07,524.97,,1,8,2,4,창녕군보건소,이성옥,055-530-6243,,치매환자 등록 및 관리/ 치매조기검진 / 치매예방교육 및 인식개선/ 치매가족교육 및 자조모임/쉼터프로그램운영,055-530-6210,경상남도 창녕군보건소,2020-07-09,5410000,경상남도 창녕군
옹진군치매안심센터,치매안심센터,인천광역시 옹진군 백령면 백령로 833번길 26-29,인천광역시 옹진군 백령면 북포리 522-6,37.95793845,124.6647433,2019-06,226.11,"프로그램실, 가족카페 등",0,1,2,8,옹진군보건소,이현승,032-899-3672,,"쉼터, 치매예방, 인지강화교실",032-899-3672,옹진군보건소,2020-07-06,3580000,인천광역시 옹진군
중원구보건소 치매안심센터,치매안심센터,경기도 성남시 중원구 금상로 137(상대원동),경기도 성남시 중원구 상대원동 269-10,37.4421570628,127.1705794840,2017-12,1589.2,사무실(3)+회의실(1)+교육실(2)+쉼터(1)+프로그램실(3),1,4,7,임상심리사(1)+작업치료사(6)+물리치료사(1)+사무(1),(의)롯데의료재단 보바스기념병원,이봉철,031-739-3045,2020-01-01,"상담및 등록관리사업, 치매조기검진 및 예방관리사업등",031-729-3694,경기도 성남시 중원구 보건소,2020-06-01,3780000,경기도 성남시
김해시치매안심센터,치매안심센터,경상남도 김해시 주촌면 주선로 29-1,경상남도 김해시 주촌면 선지리 635-1,35.23477887,128.845756,2018-03,1982.94,"사무실, 상담실, 쉼터 등",5,14,6,6,김해시 보건소,이종학,055-330-2631,,인지재활프로그램,055-330-2631,경상남도 김해시청,2020-06-30,5350000,경상남도 김해시
학익돌봄의집,치매안심센터,인천광역시 미추홀구 재넘이길61번길 55,인천광역시 미추홀구 학익동 306-372,37.4456600469,126.663109,2006-09,364.12,-,0,3,1,4,인하대학교산학협력단,전한용,032-876-0310,2017-01-01,"회상요법, 미술치료, 음악치료 등 인지재활 프로그램",032-880-5460,인천미추홀구보건소,2020-07-09,3510500,인천광역시 미추홀구
남양주보건소 치매안심센터,치매안심센터,경기도 남양주시 와부읍 덕소로71번길 5,경기도 남양주시 와부읍 덕소리 458-3,37.58794943,127.211114,2020-03,1042,상담실(1)+검진실(3)+쉼터(1)+가족카페(1)+프로그램실(2)+센터장실(1)+사무실(2)+대회의실(1),1,10,2,작업치료사(2)+임상심리사(1),남양주보건소 치매안심센터,정태식,031-590-8700,,"치매조기검진,치매환자쉼터,치매가족지원,치매예방관리,치매인식개선",031-590-4052,경기도 남양주시청,2020-06-23,3990000,경기도 남양주시
보건소치매센타,치매안심센터,경상남도 남해군 남해읍 선소로 6,,34.84475014,127.8987863,2018-04,31.39,보건소 치매예방팀,1,12,1,3,남해군 보건소,최영곤,055-860-8694,,치매환자 쉼터 운영 및 치매조기검진,055-860-8694,남해군 보건소,2020-06-22,5430000,경상남도 남해군
통영시 치매센터,치매안심센터,경상남도 통영시 안개4길 102(무전동),경상남도 통영시 무전동 401-1,34.85979047,128.4323385,2019-12,310.77,사무실,0,7,1,6,경상남도 통영시,강석주,055-650-6092,,"조기치매검진, 치매환자상담및등록관리, 고위험군집중검진및등록관리, 파트너선도단체양성, 인식개선및홍보, 사례관리운영, 인지강화교실운영, 쉼터운영, 기족교실운영, 치매환자실종예방, 관리비지원, 정밀진단비지원",055-650-6092,경상남도 통영시,2020-06-22,5330000,경상남도 통영시
수정구보건소 치매안심센터,치매안심센터,경기도 성남시 수정구 수정로 218,경기도 성남시 수정구 신흥동 3435번지,37.4443116,127.1440597,2017-12,47,"사무실(1),프로그램실(3), 상담실(2), 검진실(1), 교육상담실, 가족카페, 정원등",1,13,2,작업치료사 3,수정구보건소,김은미,031-729-8660,,"상담및 등록관리, 치매조기검진, 치매예방관리, 치매환자쉼터 운영, 치매지원서비스, 치매가족및 보호자 지원사업, 치매인식개선및 교육홍보, 치매안심마을 운영, 치매공공후견사업",031-729-8652,경기도 성남시 수정구 보건소,2020-06-01,3780000,경기도 성남시
진안군 치매안심센터,치매안심센터,전라북도 진안군 진안읍 진무로 1189,전라북도 진안군 진안읍 군상리 90-15,35.797354,127.4347760629,2018-10,358,"사무실(1),교육실(1)검진실(1),쉼터(1)상담실(1)가족카페(1)",0,7,3,5,진안군보건소,이임옥,063-430-8528,,"치매조기검진, 진단검사,감별검사인지재할프로그램, 치매예방홍보및 교육",063-430-8588,진안군 보건소,2020-06-02,4730000,전라북도 진안군
서울틀별시 성동구 치매안심센터,치매안심센터,서울특별시 성동구 왕십리로5길 3 (성수1가제2동 공공복합청사 5층),서울특별시 성동구 성수동1가 685-580,37.5464030037,127.044380,2007-07,558.09,인지건강센터,1,10,4,4,서울특별시 서울의료원,허재혁,02-499-8071,2017-01-01,"치매검진, 치매예방등록관리, 지역사회자원 강화",02-2286-7128,성동구보건소,2020-06-08,3030000,서울특별시 성동구
포항시남구치매안심센터,치매안심센터,경상북도 포항시 남구 동해안로 6119,경상북도 포항시 남구 인덕동 161-1,35.9924406,129.396223,2018-01,,"인지검사실,치매가족카페,사무실,프로그램실,상담실",2,6,8,3,포항시남구보건소,고원수,054-270-4004,,"1. 우리마을 예쁜치매쉼터 운영 - 대상 : 65이상노인  - 내용 : 미술,음악,운동,회상,창작공예 등 인지강화 프로그램 2. 치매환자쉼터 - 대상 : 치매환자 - 내용 : 인지재활,인지자극,정서지원프로그램 3. 인지강화교실운영  - 대상 : 인지저하자 및 경도인지장애  - 내용 : 인지강화프로그램,인지훈련프로그램(미술,회상,음악,운동,창작공예 등), 4. 치매가족교실  운영  - 대상 : 치매가족  - 내용 : 치매알기,돌보는지혜,알자정보 등",054-270-4004,포항시남구보건소,2020-06-09,5020000,경상북도 포항시
포항시북구치매안심센터,치매안심센터,경상북도 포항시 북구 삼흥로 95(장성동),경상북도 포항시 북구 장성동 1363,36.0706224932,129.37899718,2018-01,,"상담실, 프로그램실, 치매카페, 사무실",1,11,5,5,포항시북구보건소,박혜경,054-270-4114,,"치매조기검진및상담, 치매예방프로그램운영, 치매환자단기쉼터운영, 치매환자등록 지원사업, 치매인식개선교육홍보사업",054-270-4114,포항시북구보건소,2020-06-09,5020000,경상북도 포항시
덕양구보건소치매안심센터,치매안심센터,"경기도 고양시 덕양구 마상로 126번길73, 2층",,37.65709157,126.8343062,2018-07,,,0,12,2,10,덕양구보건소,김안현,031-8075-4800,,"○ 치매선별검사 및 진단검사 실시○ 치매환자등록, 조호물품,치매치료관리비 지원○ 경증치매환자 쉼터 운영○ 치매예방프로그램 운영○ 치매안심마을 운영○ 치매인식개선사업○ 치매환자실종예방사업",031-8075-4800,덕양구보건소 치매안심센터,2020-05-15,3940000,경기도 고양시
일산동구보건소치매안심센터,치매안심센터,"경기도 고양시 일산동구 중앙로 1228, 1층",,37.65597924,126.7761500140,2018-04,,,1,7,1,3,일산동구보건소,고병규,031-8075-4850,,"○ 치매선별검사 및 진단검사 실시○ 치매환자등록, 조호물품,치매치료관리비 지원○ 경증치매환자 쉼터 운영○ 치매예방프로그램 운영○ 치매안심마을 운영○ 치매인식개선사업○ 치매환자실종예방사업",031-8075-4850,일산동구보건소 치매안심센터,2020-05-15,3940000,경기도 고양시
일산서구보건소치매안심센터,치매안심센터,"경기도 고양시 일산서구 고양대로 688, 3~4층",,37.68363562,126.772353,2018-05,,,0,7,2,7,일산서구보건소,박순자,031-8075-4871,,"○ 치매선별검사 및 진단검사 실시○ 치매환자등록, 조호물품,치매치료관리비 지원○ 경증치매환자 쉼터 운영○ 치매예방프로그램 운영○ 치매안심마을 운영○ 치매인식개선사업○ 치매환자실종예방사업",031-8075-4871,일산서구보건소,2020-05-15,3940000,경기도 고양시
청양군치매안심센터,치매안심센터,충청남도 청양군 청양읍 칠갑산로 7길 54,충청남도 청양군 청양읍 읍내리 261-1,36.4550197789,126.8049308,2017-12,381.86,"검진실, 사무실, 프로그램실",1,6,2,2,청양군보건의료원,김상경,041-940-4500,,"치매환자쉼터, 인지재활프로그램, 치매가족교실, 치매자조모임, 치매예방교실",041-940-4551,청양군보건의료원,2020-05-27,4590000,충청남도 청양군
대구광역시 달서구치매안심센터,치매안심센터,대구광역시 달서구 와룡로 106,대구광역시 달서구 본리동 64-1,35.8421131530,128.5373610696,2019-05,534,사무실(1)+상담실(3)+쉼터(1)+프로그램실(1)+진단검사실(1),1,11,5,작업치료사(4) + 기타(3),달서구보건소 (직영),박혜숙,053-667-5630,,"치매예방교실운영, 치매인지강화교실운영, 치매쉼터(인지재활교실)운영, 가족지원프로그램운영 및 자조모임운영, 치매극복의 날 기념행사 등",053-667-5780,대구광역시 달서구보건소,2020-06-02,3470000,대구광역시 달서구
속초시치매안심센터,치매안심센터,강원도 속초시 수복로 36,강원도 속초시 교동 960,38.196194,128.5759526779,2018-12,333,사무실(1)+조기검진실(2)+교육실(1)+카페(1)+쉼터(1)+로비(1),1,8,1,2(센터장 포함),속초시보건소,이종필,033-639-2926,2018-12-27,"치매조기검진, 어울림 쉼터 인지재활 프로그램, 가정방문 인지강화 프로그램, 경로당 치매예방 프로그램, 치매가족  헤아림 프로그램,치매가족 헤아림 교육, 자조모임 사랑회 운영, 치매치료관리비 지원",033-639-2926,속초시보건소,2020-05-28,4230000,강원도 속초시
시흥시 치매안심센터(연성센터),치매안심센터,경기도 시흥시 장현천1길 32,경기도 시흥시 하중동 798-5,37.3841321825,126.8021091308,2020-01,348.25,사무실(1)+회의실(1)+교육실(1)+ 검진및상담실(3)+환자쉼터(1)+가족카페(1),1,4,2,작업치료사(2)+송영및쉼터보조인력(1),시흥시보건소,박명희,031-310-6825,,치매조기검진/치매의료비 및 검진비 지원/ 치매예방교육/ 치매환자쉼터 및 가족지원사업 등,031-310-5858,경기도 시흥시청,2020-06-01,4010000,경기도 시흥시
시흥시 치매안심센터(정왕센터),치매안심센터,경기도 시흥시 정왕대로233번길 19,경기도 시흥시 정왕동 1799-5,37.3467206872,126.7401529148,2018-11,538.68,사무실(1)+회의실(1)+교육실(2)+검진및상담실(4)+환자쉼터(1)+가족카페(1),2,4,0,작업치료사(2)+임상심리사(1)+송영및쉼터보조인력(1),시흥시보건소,박명희,031-310-5930,,치매조기검진/치매의료비 및 검진비 지원/ 치매예방교육/ 치매환자쉼터 및 가족지원사업 등,031-310-5858,경기도 시흥시청,2020-06-01,4010000,경기도 시흥시
대구북구치매안심센터,치매안심센터,"대구광역시 북구 성북로49, 5층",대구광역시 북구 침산동 521-2,35.8918696,128.5888979721,2017-09,489.55,"검진실, 로비, 사무실, 교육실, 기억쉼터, 어르신운동실,탕비실",3,10,4,12,대구북구보건소,이영희,053-665-4257,,"치매조기검진, 치매치료관리비지원, 조호물품 제공, 치매예방프로그램, 가족지원 등",053-665-3224,대구북구보건소,2020-06-10,3450000,대구광역시 북구
금정구 치매안심센터,치매안심센터,부산광역시 금정구 중앙대로 1777(부곡동),부산광역시 금정구 부곡동 78,35.2420536771,129.0924545622,2018-06,559.62,,0,9,3,3,부산광역시 금정구보건소,정연희,051-519-5678,,"치매조기검진, 치매예방프로그램, 치매환자 지원, 치매 인식 개선사업 등",051-519-5678,부산광역시 금정구보건소,2020-06-15,3350000,부산광역시 금정구
강서구치매안심센터,치매안심센터,서울특별시 강서구 화곡로 371 경향교회선교관 3층,"서울특별시 강서구 화곡로 371, 경향교회선교관 3층",37.556963,126.852184,2009-09,630,,1,11,6,운동처방사(2)+작업치료사(5),학교법인 이화학당,정지향,02-3663-0943,2020-01-01,"무료치매검진 및 진단, 치매예방교육, 치매예방인지재활프로그램, 치매가족지지 프로그램 등",02-2600-5877,서울특별시 강서구청,2020-03-10,3150000,서울특별시 강서구
강남구치매지원센터,치매안심센터,서울특별시 강남구 선릉로108길 27,서울특별시 강남구 삼성동 113-26,37.5103116999,127.0463776454,2009-12,903.24,사무실(1)+강당(1)+다목적홀(1)+진료실(1)+인지검사실(2)+회의실(1)+상담실(1)+창고(1)+세탁실(1)+프로그램실(4)+화장실(5),2,7,4,7,삼성서울병원,권오정,02-3410-2114,2020-01-01,"치매조기선별검진 및 정밀검진, 인지건강프로그램 및 쉼터 운영 등",02-3423-7123,"서울특별시청, 강남구보건소",2020-03-02,3220000,서울특별시 강남구
서울특별시 구로구 치매안심센터,치매안심센터,"서울특별시 구로구 디지털로 243, 2층 (지-하이시티 빌딩)",서울특별시 구로구 구로동 237,37.48199097,126.892351,2009-07,530.25,"검진실, 가족쉼터 및 카페, 프로그램실 등",1,11,3,6,고려대학교 구로병원,윤현철,02-2626-2261,2018-05-01,정상 고위험 치매 프로그램 및 인지프로그램 운영 등,02-860-3273,서울특별시 구로구 보건소,2020-02-20,3160000,서울특별시 구로구
용산구치매안심센터,치매안심센터,서울특별시 용산구 녹사평대로 150,,37.5324394,126.9904783,2009-10,574.82,사무실(1)+교육실(1)+프로그램실(3)+신체계측실(1)+검진실(3)+진료실(1)+센터장실(1)+가족카페(1)+기억키움학교(1),1,9,5,작업치료사(3)+음악치료사(1),순천향대학교 서울병원,김성구,02-790-1541,2009-10-19,"조기검진사업, 치매환자등록관리사업, 치매환자쉼터 운영사업, 가족모임운영, 교육 및 인지프로그램운영, 치매예방관리사업, 홍보사업, 치매파트너 양성, 지역자원강화사업 등",02-2199-8082,용산구보건소,2020-02-17,3020000,서울특별시 용산구
서울특별시송파구치매안심센터,치매안심센터,서울특별시 송파구 충민로 184,서울특별시 송파구 장지동 850-2,37.48578411,127.1341622,2008-03,682,사무실(1)+검진실(3)+프로그램실(4)+가족소모임실(1)+치매가족카페(1),0,11,4,작업치료사(3)+임상심리사(1),송파구보건소,김인국,02-2147-5050,,"치매조기검진, 치매인식개선 및 등록관리사업, 쉼터 및 인지건강프로그램 운영 등",02-2147-2356,서울특별시 송파구청,2020-02-18,3230000,서울특별시 송파구
이천시 치매안심센터,치매안심센터,경기도 이천시 증신로153번길 13,경기도 이천시 증포동 152-2,37.2889554,127.4523668,2018-11,324.4,"사무실(2), 상담실(1)검사실(1)진단실(1)프로그램실(2)대기실(1),휴게실(1)",2,4,1,4,이천시 보건소,김옥분,031-644-4007,,치매조기검진사업+치매치료관리비지원사업+치매쉼터프로그램운영+치매환자가족(헤아림) 교육 및 자조모임운영+치매예방 홍보ㆍ교육 및 캠페인+치매파트너 모집+치매관련 정보제공+치매환자 배회인식표 제공+자원연계,031-644-4007,치매조기검진사업+치매치료관리비지원사업+치매쉼터프로그램운영+치매환자가족(헤아림) 교육 및 자조모임운영+치매예방 홍보ㆍ교육 및 캠페인+치매파트너 모집+치매관련 정보제공+치매환자 배회인식표 제공+자원연계,2020-01-31,4070000,경기도 이천시
남부치매안심센터,치매안심센터,,경기도 이천시 장호원읍 장호원리 371-1,37.116256,127.6019549,2019-12,375.41,"사무실(1), 상담실(1)검사실(1)진단실(1)프로그램실(1)대기실(1),휴게실(1)",0,2,1,1,이천시 보건소,김옥분,031-645-3460,,치매조기검진사업+치매치료관리비지원사업+치매쉼터프로그램운영+치매환자가족(헤아림) 교육 및 자조모임운영+치매예방 홍보ㆍ교육 및 캠페인+치매파트너 모집+치매관련 정보제공+치매환자 배회인식표 제공+자원연계,031-645-3460,치매조기검진사업+치매치료관리비지원사업+치매쉼터프로그램운영+치매환자가족(헤아림) 교육 및 자조모임운영+치매예방 홍보ㆍ교육 및 캠페인+치매파트너 모집+치매관련 정보제공+치매환자 배회인식표 제공+자원연계,2020-01-31,4070000,경기도 이천시
동두천시치매안심센터,치매안심센터,경기도 동두천시 중앙로 167,경기도 동두천시 생연동 714-10,37.89661147,127.051717,2019-12,710,사무실(1)+교육실(1)+치매환자쉼터(1)+상담실(2)+가족카페(1),2,5,3,작업치료사(1)+행정(1),동두천시 보건소,이승찬,031-860-3395,,"치매조기검사(선별검사,진단검사,감별검사),치매예방교육,인지강화프로그램, 치매환자및가족지원프로그램 등",031-860-3395,동두천시청 보건소,2019-12-01,3920000,경기도 동두천시
무주군치매안심센터,치매안심센터,전라북도 무주군 무주읍 한풍루로413,전라북도 무주군 무주읍 당산리701,36.005882,127.6716990708,2024-07,309,"사무실,프로그램실등",1,10,7,2,보건의료원,조수현,063-320-8601,,"치매예방, 인지강화, 인지재활",,보건의료원,2019-04-05,4740000,전라북도 무주군
구리시 치매안심센터,치매안심센터,"경기도 구리시 건원대로 34번길 84, 구리시보건소 4층",경기도 구리시 인창동 674-3,37.604764,127.145057,2019-03,330,,1,8,0,5,구리시보건소,최애경,031-550-8613,,"치매쉼터 운영, 치매조기검진, 치매조기검진, 인지재활프로그램 운영, 가족카페 운영",031-550-8627,구리시청,2019-11-28,3980000,경기도 구리시
부산광역시 수영구 치매안심센터,치매안심센터,부산광역시 수영구 수영로 637-5(광안동),부산광역시 수영구 광안동 661-1,35.16247327,129.1134875,2018-12,565.18,,0,6,4,4,부산광역시 수영구보건소,이영숙,051-752-4000,,"치매조기검진, 치매예방프로그램, 치매환자 지원사업, 치매 인식개선 홍보 캠페인 등",051-752-4000,부산광역시 수영구보건소,2019-11-18,3380000,부산광역시 수영구
예천군치매안심센터,치매안심센터,경상북도 예천군 예천읍 충효로 424,경상북도 예천군 예천읍 동본리 178,36.659951,128.465577,2019-12,350,사무실(1)+프로그램실(2)+검진실(1)+상담실(1),0,6,2,작업치료사(1),예천군보건소,윤귀희,054-650-8034,,"치매조기검진, 치매등록,치매환자쉼터, 인지강화교실, 치매예방교실, 치매예방교육, 치매서포터즈 및 치매극복선도단체 양성, 치매보듬마을 운영, 우리마을예쁜치매쉼터운영, 치매환자사례관리, 치매환자가족교실,자조모임운영,치매치료관리비지원, 조호물품제공, 배회인식표 및 지문인기 등록, 치매극복 전국걷기행사, 치매극복의날 기념 행사,치매관사업 DB자료 등록 및 분석",054-650-8034,경상북도 예천군 보건소,2019-10-31,5230000,경상북도 예천군
울릉군치매안심센터,치매안심센터,경상북도 울릉군 울릉읍 울릉순환로 396-18,,37.4859067197,130.8988326276,2018-05,72,치매단기쉼터,1,4,2,0,울릉군보건의료원,구정희,054-790-6827,,치매치료관리비지원,054-880-3805,경상북도 보건정책과,2019-09-30,5260000,경상북도 울릉군
완주군 치매안심센터,치매안심센터,전라북도 완주군 소양면 소양로 231,전라북도 완주군 소양면 황운리 658-2,35.856181,127.2336394,2017-12,,,0,5,2,1,완주군 보건소,심해경,063-290-3187,,"치매환자관리사업, 치매상담",,완주군 보건소,2019-09-30,4720000,전라북도 완주군
대전광역치매센터,광역치매센터,대전광역시 중구 문화로 282,대전광역시 중구 대사동 640,36.31684464,127.4153053,2019-03,217.55,"센터장실, 행정실, 프로그램A,B 상담AB실, 치매사업프로그램준비실",1,1,3,4,충남대학교병원,송민호,042-280-8968,2017-01-01,"치매관리 인프라/네트워크 구축,대국민인식개선사업, 교육,연구,조호사업",042-280-8968,충남대학교병원,2019-10-11,6300000,대전광역시
동구치매안심센터,치매안심센터,대전광역시 동구 현암로 22,대전광역시 동구 삼성동 374-1,36.34298597,127.4204612,2019-04,669,"사무실, 상담실, 검진실, 프로그램실, 가족카페 등",1,8,3,6,동구보건소,장선애,042-621-6011,2018-04-10,"상담, 등록,조기검진,1:1사례관리, 단기쉼터, 치매카페운영",042-621-6011,동구보건소,2019-10-11,6300000,대전광역시
기장군 치매지원센터,치매안심센터,부산광역시 기장군 장안읍 좌방길 6,부산 광역시 기장군 정관읍 용수로 11,35.31331082,129.2442307,2015-04,431.67,,1,6,2,4,기장군보건소,조지선,051-709-2983,2015-04-14,"치매 선별검사, 치매환자 인지재활 프로그램, 치매환자가족교실, 자조모임, 치매 예방교육 등",051-709-2932,기장군보건소,2020-03-17,3400000,부산광역시 기장군
사상구치매안심센터,치매안심센터,부산광역시 사상구 학감대로 242(감전동),부산광역시 사상구 감전동 138-8,35.15254918,128.9914565,2019-06,624.48,"사무실, 상담실, 진단실, 배움터, 쉼터, 가족교실, 가족카페",2,11,5,5,부산광역시 사상구보건소,이소라,051-310-5152,,"치매환자 등록 관리, 중증치매노인공공후견, 사례관리, 치매치료관리비 지원, 치매조기검진, 치매환자 쉼터 및 가족지원, 치매 인식 개선을 위한 홍보 캠페인 등",051-310-5152,부산광역시 사상구 사상구보건소,2020-03-17,3390000,부산광역시 사상구
안산시단원보건소 치매안심센터,치매안심센터,"경기도 안산시 단원구 화랑로 250,단원보건소 3층",경기도 안산시 단원구 초지동 666-8,37.32106713,126.8152625,2019-03,558.41,로비(1)+사무실(1)+상담실(1)+검진실(2)+가족카페(1)+쉼터(3),3,10,1,4,안산시 단원보건소,정재훈,031-481-6556,,"조기검진, 등록관리, 예방및홍보, 쉼터및가족카페 운영",1666-1234,경기도 안산시 단원보건소,2019-07-05,3930000,경기도 안산시
봉화군치매안심센터,치매안심센터,경상북도 봉화군 봉화읍 봉화로 1203,경상북도 봉화군 봉화읍 내성리 285,36.8905028702,128.7420904266,2018-12,,치매쉼터(1)+보건지소치매쉼터(2)+치매가족카페(1)+프로그램실(1),2,6,4,작업치료사(4),봉화군 보건소,이영미,054-679-6791,,"치매안심센터 및 치매쉼터운영, 우리마을예쁜치매쉼터, 치매보듬마을, 헤아림치매가족교실, 무료치매검사 및 치료비 지원, 홍보 캠페인, 치매선도학교 및 서포터즈 운영",,경상북도 봉화군청,2019-10-10,5240000,경상북도 봉화군
목포시 치매안심센터,치매안심센터,전라남도 목포시 수문로32,전라남도 목포시 남교동 164,34.7931324633,126.3829319365,2098-01,1048,,3,6,3,1,전라남도 목포시 하당보건지소,김엔다,061-270-4271,,"치매선별검사,치매인지재활프로그램, 치매환자등록관리",061-270-4271,전라남도 목포시청,2019-10-08,4800000,전라남도 목포시
동구치매안심센터,치매안심센터,"광주광역시 동구 서남로 14, 7층",광주광역시 동구 서석동 29,35.14495168,126.9231621,2017-11,610,사무실(1)+진료실(2)+상담실(1)+사랑방(1)+프로그램실(1)+대회의실(1)+가족카페(1),0,9,0,2,동구보건소,남현,062-608-3490,,"치매조기검진, 치매파트너 양성, 치매치료비지원, 인지재활교육, 치매예방교육",062-608-3281,광주광역시 동구,2019-10-08,3590000,광주광역시 동구
장수치매정신통합센터,치매안심센터,전라북도 장수군 장수읍 장천로 255-10,전라북도 장수군 장수읍 노하리 360-2,35.6551312067,127.5191363527,2019-04,,"치매 가족카페, 쉼터, 정신 우울증 약제비 지원, 정신주간재활프로그램 등",1,3,5,2,보건의료원,유봉옥,063-350-2611,2019-04-12,"치매 예방, 상담, 조기진단, 정신건강증진사업 등",063-350-2670,보건사업과,2019-08-01,4750000,전라북도 장수군
금산군치매안심센터,치매안심센터,충청남도 금산군 금산읍 비범1길 5,,36.1095223013,127.4934473200,2018-12,419.38,"사무실(1), 쉼터(1), 프로그램실(1)",0,14,4,2,금산군보건소,이화영,041-750-4173,,"치매상담, 등록관리, 조기검진, 인지재활프로그램, 치매치료관리비지원, 치매주간보호센터 운영 등",041-750-4171,충청남도청,2019-03-04,4550000,충청남도 금산군
나주시 치매안심센터,치매안심센터,전라남도 나주시 풍물시장2길 57-32,전라남도 나주시 이창동 740-1,34.9952282504,126.7082249081,2018-11,827,진료실+상담실+치매환자쉼터+가족카페,1,8,3,작업치료사(4),나주시,이채주,061-339-4786,,"치매 예방 프로그램, 인지강화 프로그램, 치매환자 쉼터 운영, 치매환자 가족 교실 운영",061-339-4762,나주시 보건소,2019-09-30,4830000,전라남도 나주시
하남시치매안심센터,치매안심센터,경기도 하남시 대청로 9,경기도 하남시 신장동 519-4,37.53999475,127.2133592,2018-07,280,사무실(1)+프로그램실(2)+상담실(2)+검진실(1)+카페(1),1,7,1,2,하남치매안심센터,구성수,031-790-6546,,"치매상담 및 등록관리사업, 치매조기검진, 예방관리사업 등",031-790-6254,경기도 하남시,2019-03-27,4040000,경기도 하남시
대구광역시중구치매안심센터,치매안심센터,대구광역시 중구 태평로 45 중구보건소 3층,"대구광역시 중구 태평로3가 174-1, 중구보건소 3층",35.8779043552,128.583346,2019-12,,사무실+검진실+프로그램실+치매가족카페,1,6,2,2,대구광역시중구보건소,황석선,053-661-3911,,"선별검사, 진단검사, 상담, 치매예방교육, 기억쉼터 운영 및 인지재활프로그램, 가족교실 운영, 맞춤형사례관리 등",053-661-3851,대구중구청(대구광역시중구보건소),2019-06-20,3410000,대구광역시 중구
고창군 치매안심센터,치매안심센터,전라북도 고창군 고창읍 전봉준로 90,전라북도 고창군 고창읍 율계리 101,35.4438580254,126.6827451828,2018-10,353,상담실+검진실+쉼터+프로그램실+가족카페+사무실 등,1,8,2,5,고창군보건소,최현숙,063-560-8725,,"치매환자 등록관리, 인지증진 및 재활프로그램, 맞춤형사례관리, 가족지원프로그램 등",063-560-8728,고창군청,2019-05-27,4780000,전라북도 고창군
도봉구치매지원센터,치매상담전화센터,서울특별시 도봉구 마들로 650,"서울특별시 도봉구 방학동720-33호,도봉월드상가 4층",37.6680283466,127.0470649989,2008-02,701.96,"상담실1, 검진실3, 프로그램실3, 사무실1",1,6,2,2,도봉병원,오승용,02-955-3591,2017-01-01,"치매환자의 등록·관리, ?치매의 예방·교육 및 홍보, 치매조기검진",02-2091-4562,서울특별시 도봉구보건소,2019-09-30,3090000,서울특별시 도봉구
광주광역시남구치매안심센터,치매안심센터,광주광역시 남구 백양로 7,광주광역시 남구 백운동 634-26,35.1338176687,126.9025755260,2018-10,227.36,사무실(1),1,7,1,7,광주광역시남구보건소,이윤지,062-607-4371,,"치매조기검진, 치매환자 등록·관리 등",062-607-4371,광주광역시남구,2019-09-01,3610000,광주광역시 남구
김제시 치매안심센터,치매안심센터,전라북도 김제시 성산길 138,전라북도 김제시 요촌동 423-2,35.8008084008,126.883339,2017-12,841.8,없음,1,7,2,작업치료사1임상심리사1기타보건인력6,김제시 보건소,김형희,063-540-4978,,인지재활프로그램인지강화프로그램쉼터카페제공치매치료비지원치매선별검사 및 진단검사 등,063-540-2743,김제시 보건소치매재활과,2019-04-18,4710000,전라북도 김제시
광양시 치매안심센터,치매안심센터,전라남도 광양시 광양읍 호북길 13-3,전라남도 광양시 광양읍 칠성리 898-3,34.980119,127.583648,2018-11,593,"검진실,프로그램실,까페,사무실,창고",1,6,1,,광양시보건소,이정희,061-797-4059,,"치매조기검진,치매가족자조모임,사례관리,인지강화프로그램",061-797-4122,광양시보건소,2019-03-18,4840000,전라남도 광양시
전라남도 광역치매센터,광역치매센터,"전라남도 순천시 순광로 221, 성가롤로병원 1층 암센터 전라남도광역치매센터(조례동)",,34.9644732960,127.5417698518,2015-12,,,1,0,6,2(작업치료사),성가롤로병원,조은미,061-726-6980,,"치매사업 기획, 교육, 홍보, 시군 기술지원+치매안심마을 추진+폐교쉼터 지원 안심마을 참여자 교육",,전라남도,2019-07-08,6460000,전라남도
서구 치매안심센터,치매안심센터,광주광역시 서구 운천로172번길 32(쌍촌동),광주광역시 서구 쌍촌동 1003-3,35.1481692,126.8601743,1997-01,217,,0,11,1,3,광주광역시 서구 상무금호보건지소,변혁석,062-350-4759,,"치매조기검진, 치료관리비 지원, 실종예방 인식표 보급, 치매 인식 개선 홍보 캠페인 등",062-350-4759,광주광역시 서구 상무금호보건지소,2019-03-05,3600000,광주광역시 서구
안산시상록수보건소 치매안심센터,치매안심센터,경기도 안산시 상록구 차돌배기로1길 5,경기도 안산시 상록구 사동 1584,37.30026357,126.8450629,2019-05,430,로비(1)+사무실(1)+교육상담실(1)+검진실(3)+가족카페(1)+쉼터(1),4,15,3,2(작업치료사),안산시 상록수보건소,박건희,031-481-5857,,"조기검진, 등록관리, 예방및홍보, 쉼터및가족카페 운영",1666-1234,경기도 안산시 상록수보건소,2019-07-05,3930000,경기도 안산시
김천시 보건소,치매상담전화센터,"경상북도 김천시 시청1길 221(신음동, 김천시보건소)",,36.1395120,128.1128670,1962-09,2147.61,0,0,2,0,0,김천시 보건소,손태옥,054-433-4000,,치매조기검진사업 및 치매치료관리비지원사업 등,054-421-2743,김천시 보건소,2019-09-23,5060000,경상북도 김천시
담양군치매안심센터,치매안심센터,전라남도 담양군 담양읍 완동길 10-5,전라남도 담양군 담양읍 만성리 116-1,35.3247033908,126.9807889,2019-02,613.81,사무실+휴게실+진단실+치매쉼터+프로그램실+정신진단실+정신가족쉼터+창고+화장실1+화장실2+엘리베이터+홀/복도,1,7,3,5,담양군치매안심센터,김순복,061-380-3986,,치매상담 및 등록관리사업+일반조기검진사업+치매치료관리비지원+치매환자조호물품제공+배회가능어르신인식표발급+인지강화프로그램운영+치매예방교육운영+치매예방교실운영+치매환자쉼터프로그램운영+헤아림가족교실운영+치매파트너양성+치매극복선도단체양성+치매환자맞춤형사례관리사업,061-380-3968,담양군청,2019-09-17,4850000,전라남도 담양군
세종특별자치시 치매안심센터(조치원),치매안심센터,세종특별자치시 조치원읍 수원지1길 16,,36.6072550614,127.300019556,2019-01,439,"사무실,프로그램실, 상담실",0,4,2,2,세종특별자치시보건소,권근용,044-301-2000,,"치매검진, 상담, 쉼터, 가족교실 프로그램 등 운영(기초)",044-301-2000,세종특별자치시보건소,2019-08-13,5690000,세종특별자치시
세종특별자치시 치매안심센터(어진동),치매안심센터,세종특별자치시 다솜1로 31,,36.5019041611,127.256616339,2019-06,439,"사무실,프로그램실,상담실, 검진실",0,4,2,1,세종특별자치시보건소,권근용,044-301-2000,,"치매검진, 상담, 쉼터, 가족교실 프로그램 등 운영(기초)",044-301-2000,세종특별자치시보건소,2019-08-13,5690000,세종특별자치시
세종특별자치시광역치매센터,광역치매센터,세종특별자치시 조치원읍 수원지1길 16,,36.6072550614,127.300019556,2017-03,439,"사무실,소회의실, 상담실, 대회의실, 체험관",1,2,2,2,충남대학교병원,김정란,044-861-8540,2016-12-02,"치매기획, 연구, 교육, 기술지원사업(광역)",044-300-5715,세종특별자치시청,2019-08-13,5690000,세종특별자치시
만안치매안심센터,치매안심센터,경기도 안양시 만안구 문예로 48 (6층),경기도 안양시 만안구 안양동 532-1,37.3858978054,126.9329448098,2019-04,406.8,"사무실,쉼터,프로그램실,검진실,가족카페등",1,7,1,2,만안구보건소,신흥남,031-8045-3180,,"무료치매검사,쉼터운영, 치매극복의날 기념행사등",,안양시만안구보건소,2019-09-20,3830000,경기도 안양시
산청군 치매안심센터,치매안심센터,경상남도 산청군 산청읍 중앙로97,경상남도 산청군 산청읍 지리 797,35.4160820623,127.884238144,2019-06,881.52,"사무실, 상담실, 검진실, 프로그램실, 치매카페, 쉼터",0,4,0,작업치료사 2명,산청군보건의료원,권현옥,055-970-7500,,"등록관리, 조기검진,인지강화,예방교실, 단기쉼터 및 치매 카페 운영, 치매 인식개선 및 홍보, 치매치료관리 지원 등",055-970-7541,산청군보건의료원,2019-04-22,5450000,경상남도 산청군
증평군치매안신셈터,치매안심센터,충청북도 증평군 증평읍 보건복지로 64-1,충청북도 증평군 증평읍 내성리 57-2,36.77424904,127.5867247,2018-08,117.7,,0,3,3,2,증평군보건소,연영미,043-835-4242,,"치매 기억력 검진, 치매환자 인지재활 프로그램, 치매환자 가족교실, 자조모임, 치매 예방교육, 치매안심마을 조성 등",043-835-4242,증평군보건소,2019-09-18,5570000,충청북도 증평군
동작구치매안심센터,치매안심센터,서울특별시 동작구 남부순환로 2025,서울특별시 동작구 사당동 1049-11,37.4763912,126.9736106,2009-10,988.2,"인지건강센터, 교육실, 검진실, 상담실 등",2,9,3,7,서울특별시 보라매병원,김병관,02-598-6088,2009-10-05,"치매조기검진, 예방등록관리, 치매인식개선, 지역사회역량강화",02-820-9443,서울특별시 동작구,2019-05-15,3190000,서울특별시 동작구
대구남구치매안심센터,치매안심센터,대구광역시 남구 영선길 34,대구광역시 남구 대명동 2003,35.853883,128.5918331,2019-01,215.9,사무실(2)+교육실(1)+상담실(1)+검진실(3),0,8,3,작업치료사(3)+임상심리사(2),대구광역시 남구보건소,이상희,053-664-3671,,"치매조기검진사업, 치매환자 및 가족프로그램 운영, 치매예방교육 및 인식개선사업 등",053-664-3695,대구광역시 남구보건소,2019-09-05,3440000,대구광역시 남구
치매안심센터,치매안심센터,경상북도 경산시 남매로 158,경상북도 경산시 중방동 708-5,35.8251107545,128.743282358,2013-08,,"진료실, 검사실(3), 교육상담실, 심리검사실, 자원봉사자실, 탕비실, 물품보관실, 문서고, 프로그램실(3), 사무실, 가족카페, 카페사랑방 등",1,18,1,4,경산시보건소,안경숙,053-810-6385,,"치매선별검진, 우리마을 예쁜 치매쉼터",053-810-6385,경상북도 경산시보건소,2019-09-05,5130000,경상북도 경산시
울주치매안심센터,치매안심센터,울산광역시 울주군 웅촌면 은현작동로 49,울산광역시 울주군 웅촌면 검단리 1091-19,35.456881,129.176837,2018-05,300.78,검진실(1)+상담실(2)+단기쉼터(1)+기억쉼터(1)+가족카페(1)+사무실(1)+교육실(1)+한방실(1)+강당(1)+운동치료실(1),1,10,2,작업치료사(2)+센터장(1)+담당(1),울주군보건소,최우영,052-204-2878,,"치매조기검진 및 진단검사, 치매안심마을 운영, 치매공공후견사업, 치매 상담 및 등록,  단기쉼터 운영, 치매예방프로그램 운영, 치매인식개선홍보 등",052-204-2798,울산광역시 울주군보건소,2019-09-06,3730000,울산광역시 울주군
보령시치매안심센터,치매안심센터,충청남도 보령시 대천로 113,충청남도 보령시 죽정동 703-1,36.3560497125,126.6038988277,2018-08,490.19,없음,0,4,3,2,충청남도 보령시 보건소,박승필,041-930-0937,,"건강체조, 공예, 웃음치료, 노래교실, 뜨개질, 요리 등",041-930-0937,보령시보건소,2019-09-05,4510000,충청남도 보령시
금천구치매안심센터,치매안심센터,서울특별시 금천구 시흥대로123길 11,서울특별시 금천구 독산동 289-5,37.470175,126.8970301,2009-09,748.1,사무실(2)+프로그램실(5)+가족카페(1)+상담 및 검진실(5)+화장실남(2)+화장실여(2),1,8,3,4,고려대학교 구로병원,병원장 한승규,02-3281-9082,2017-01-01,"1. 치매가족 교육 및 지지프로그램운영 2.뇌건강증진실 운영 - 치매군,위험군,정상군 프로그램 실시 3.등급 외 경증치매노인을 위한 기억키움학교 프로그램 운영 4. 치매선별검진 등",02-2627-2215,서울특별시 금천구 보건소,2019-08-28,3170000,서울특별시 금천구
은평구치매안심센터,치매안심센터,서울특별시 은평구 연서로34길 11,서울특별시 은평구 불광동 130-2,37.6215461,126.9276985,2008-03,520.78,,1,9,3,"음악치료사 1,작업치료사 2,행정요원 1",서울특별시 서북병원,박찬병,02-388-8233,2017-01-01,"치매 조기검진 및 등록관리, 치료비 지원 및 사례관리, 인지건강프로그램 운영, 치매예방 교육 및 홍보",02-351-8682,서울특별시 은평구 보건소,2019-09-01,3110000,서울특별시 은평구
원주시치매상담센터,치매안심센터,강원도 원주시 원일로 139 (건강문화센터 3층),강원도 원주시 일산동 211 (건강문화센터 3층),37.351556,127.946773,2018-11,5.5,,0,10,0,4,원주시보건소(보건사업과),박왈수,033-737-4541,,치매조기검사,033-737-4541,강원도 원주시청,2019-05-23,4190000,강원도 원주시
부산광역시광역치매센터,광역치매센터,부산광역시 서구 대신공원로26 센터동 10층,부산광역시 서구 동대신동3가 1-22 센터동 10층,35.119918,129.017557,Mar-14,649.81,야외 정원 세미나실,1,2,2,4,동아대학교병원,안희배,051-240-2560,2017-01-01,"치매예방, 두드림 복합운동교실, 치매예방 두드림 인지교실 및 가상현실(VR) 인지프로그램",051-888-3341,부산시 건강정책과,2019-08-31,6260000,부산광역시
양주시 치매안심센터,치매안심센터,경기도 양주시 화합로1426번길 90,경기도 양주시 덕정동 206,37.83814235,127.0680350930,2019-05,595,"쉼터, 가족카페, 원예치료실등",2,5,1,4,양주시보건소,안미숙,031-8082-7147,2019-05-15,"치매조기검진, 치매예방프로그램, 치매환자 쉼터, 치매가족지원사업, 치매약제비 지원, 조호용품등 지원",031-8082-7100,양주시 건강증진과,2020-04-02,5590000,경기도 양주시
중구치매안심센터,치매안심센터,대전광역시 중구 중앙로 100,대전광역시 중구 대흥동 499-1,36.32557592,127.4212943,2019-08,647,"사무실, 상담실, 검진실, 프로그램실, 가족카페 등",1,4,1,4,중구보건소,구기희,042-288-8180,2018-08-20,"상담, 등록,조기검진,1:1사례관리, 단기쉼터, 치매카페운영",042-288-8180,중구보건소,2019-10-11,6300000,대전광역시
서구치매안심센터,치매안심센터,대전광역시 서구 둔산서로 100,대전광역시 서구 둔산동 1300,36.355071,127.3833597,2019-04,711,"사무실, 상담실, 검진실, 프로그램실, 가족카페 등",1,11,4,4,서구보건소,박경용,042-288-4470,2018-04-24,"상담, 등록,조기검진,1:1사례관리, 단기쉼터, 치매카페운영",042-288-4470,서구보건소,2019-10-11,6300000,대전광역시
유성구치매안심센터,치매안심센터,대전광역시 유성구 유성대로730번길 51,대전광역시 유성구 장대동 282-15,36.35812074,127.335452,2019-05,457,"사무실, 상담실, 검진실, 프로그램실, 가족카페 등",1,7,3,4,유성구보건소,신현정,042-611-5112,2018-05-31,"상담, 등록,조기검진,1:1사례관리, 단기쉼터, 치매카페운영",042-611-5112,유성구보건소,2019-10-11,6300000,대전광역시
대덕구치매안심센터,치매안심센터,대전광역시 대덕구 동춘당로 187,대전광역시 대덕구 법동 192-1,36.3672085744,127.4308383875,2019-07,487,"사무실, 상담실, 검진실, 프로그램실, 가족카페 등",1,8,1,5,대덕구보건소,김주연,042-608-4491,2018-07-20,"상담, 등록,조기검진,1:1사례관리, 단기쉼터, 치매카페운영",042-608-4491,대덕구보건소,2019-10-11,6300000,대전광역시
공주시치매안심센터,치매안심센터,충청남도 공주시 봉황로 123 공주시보건소 1층,충청남도 공주시 교동 120 공주시보건소 1층,36.4572932,127.1208348,2018-03,210,"상담실, 검진실, 쉼터, 가족카페",2,10,2,"작업치료사1, 임상심리사2, 담당 공무원2",공주시보건소,공주시보건소장(김대식),041-840-8811,2018-03-21,"1. 치매조기검진2. 치매노인 지문등록3. 치매치료관리비 지원4. 조호물품(위생물품) 제공5. 치매예방교실6. 인지강화교실7. 인지재활프로그램8. 기타 인지자극 프로그램9. 헤아림 가족교실10. 치매가족 힐링 프로그램11. 치매공공후견 사업12. 치매어르신주간보호소 운영(위탁)13. 치매안심마을 운영14. 치매인식 개선 및 교육, 홍보 사업15. 배회가능 어르신 인식표 발급 및 GPS 운영",041-840-8527,공주시보건소,2019-09-25,4500000,충청남도 공주시
고흥군 치매안심센터,치매안심센터,전라남도 고흥군 고흥읍 등암3길 5,전라남도 고흥군 고흥읍 등암리 1258-21,34.5923698527,127.2683142841,2017-12,330,"사무실, 프로그램실",0,4,1,2,고흥군보건소,박소언,061-830-6638,2018-01-02,치매검진 및 예방 교육 가족교실 및 인지강화교실 운영,061-830-6638,고흥군보건소,2019-09-25,4880000,전라남도 고흥군
함양군 치매안심센터,치매안심센터,경상남도 함양군 함양읍 한들로 141,경상남도 함양군 함양읍 용평리 630-3 함양군보건소,35.519672,127.731783,2018-09,398,"사무실, 상담실, 검진실, 쉼터, 가족카페, 프로그램실",1,6,1,2,함양군보건소,강기순,055-960-5355,,"치매조기검진, 치매환자상담 및 등록관리, 조호물품제공, 사례관리, 인지재활프로그램운영, 치매가족모임운영, 치매환자실종예방사업 등",055-960-5355,함양군보건소,2019-04-22,5460000,경상남도 함양군
마산보건소 치매안심센터,치매안심센터,경상남도 창원시 마산합포구 월영동북로15,경상남도 창원시 마산합포구 해운동 61-1,35.1823994263,128.562816,2000-04,662,,1,7,1,1,마산보건소 건강관리과,이종락,055-225-5993,,"치매인지재활, 치매가족모임",055-225-5993,경상남도 창원시청,2019-09-24,5670000,경상남도 창원시
진해보건소 서부보건지소 치매안심센터,치매안심센터,경상남도 창원시 진해구 중원동로 62,경상남도 창원시 진해구 중앙동 11-1,35.149898,128.661939,2018-02,40,,0,4,2,1,진해보건소 서부보건지소,조현국,055-225-6692,,"치매인지재활, 치매가족모임",055-225-6151,경상남도 창원시청,2019-09-24,5670000,경상남도 창원시
영덕군치매안심센터,치매안심센터,경상북도 영덕군 영덕읍 경동로 8367,,36.4181546942,129.367630062,2017-12,,,0,3,3,,경상북도 영덕군 보건소,김미옥,054-730-7252,,"치매선별검사, 서포터즈 교육, 치매가족 자조프로그램 운영",,경상북도 영덕군청,2019-09-19,5180000,경상북도 영덕군
춘천시 치매안심센터,치매안심센터,강원도 춘천시 스무숲길 4-46,강원도 춘천시 석사동 171-8,37.84600237,127.7469968,2019-05,2347.61,,2,16,2,"임상심리사(1), 작업치료사(1)",춘천시보건소,함수근,033-250-4004,,"치매조기검진(간이검사 무료, 정밀검진비 지원), 상담 및 교육, 치매 극복의 날 행사, 약제비 지원, 간병용품 지원, 치매환자 가족지원, 인지강화프로그램, 치매예방프로그램, 치매환자 단기쉼터 운영, 인식표 보급, 배회감지기 통신비 지원, 인식개선 및 홍보 등",033-250-4004,춘천시보건소,2019-08-23,4180000,강원도 춘천시
