산코드,산명,등산로순번,등산로명,등산로주요지점내용,등산로길이,등산로난이도명,등산로상행시간,등산로하행시간,등산로재질내용,등산로통제여부,등산로폐쇄여부,등산로위험구간내용,등산로추천여부,데이터기준일자,제공기관코드,제공기관명
272300102,함지산,1,,원담사~망일봉,1.8,,,,,,,,,2019-12-06,3450000,대구광역시 북구
272000106,앞산,6,자락실 6코스,안지랑골~매자골,1.1,쉬움,22,22,육산(100),N,N,N,Y,2020-03-30,3440000,대구광역시 남구
272000105,앞산,5,자락실 5코스,충혼탑~안지랑골,1.3,쉬움,26,26,육산(100),N,N,N,Y,2020-03-30,3440000,대구광역시 남구
272000104,앞산,4,자락실 4코스,케이블카~충혼탑,1.1,쉬움,22,22,육산(100),N,N,N,Y,2020-03-30,3440000,대구광역시 남구
272000103,앞산,3,자락실 3코스,맨발산책로입구~케이블카,2.3,쉬움,50,50,육산(100),N,N,N,Y,2020-03-30,3440000,대구광역시 남구
272000102,앞산,2,자락실 2코스,고산골 수덕사~맨발산책로 입구,0.9,쉬움,18,18,육산(100),N,N,N,Y,2020-03-30,3440000,대구광역시 남구
272000101,앞산,1,자락실 1코스,고산골 입구 ~ 고산골 수덕사,0.9,쉬움,18,18,육산(100),N,N,N,Y,2020-03-30,3440000,대구광역시 남구
232300501,백세정,3,,대구사격장~백세정,0.8,,,,,,,,,2019-12-06,3450000,대구광역시 북구
232300501,백세정,2,,내곡근린공원~백세정,1.5,,,,,,,,,2019-12-06,3450000,대구광역시 북구
232300501,백세정,1,,천년나무8단지~백세정,3.3,,,,,,,,,2019-12-06,3450000,대구광역시 북구
232300500,태복산,6,,장태실마을앞(정류장)~태복산,4.1,,,,,,,,,2019-12-06,3450000,대구광역시 북구
232300500,태복산,5,,매천자율방범대~태복산,3.6,,,,,,,,,2019-12-06,3450000,대구광역시 북구
232300500,태복산,4,,환타랜드유치원~태복산,3,,,,,,,,,2019-12-06,3450000,대구광역시 북구
232300500,태복산,3,,매천초등학교~태복산,1.2,,,,,,,,,2019-12-06,3450000,대구광역시 북구
232300500,태복산,2,,칠곡IC충전소~태복산,0.5,,,,,,,,,2019-12-06,3450000,대구광역시 북구
232300500,태복산,1,,백세정~태복산,1.6,,,,,,,,,2019-12-06,3450000,대구광역시 북구
232300401,응해산,1,,연경택지지구~응해산,3.6,,,,,,,,,2019-12-06,3450000,대구광역시 북구
232300400,도덕산,4,,도덕산~응해산,2.3,,,,,,,,,2019-12-06,3450000,대구광역시 북구
232300400,도덕산,3,,광해군태실~도덕산,5.8,,,,,,,,,2019-12-06,3450000,대구광역시 북구
232300400,도덕산,2,,서리지입구~도덕산,5.2,,,,,,,,,2019-12-06,3450000,대구광역시 북구
232300400,도덕산,1,,도시철도공사칠곡차량기지~도덕산,6,,,,,,,,,2019-12-06,3450000,대구광역시 북구
272300301,안양봉,2,,강북테니스장~안양봉,2.3,,,,,,,,,2019-12-06,3450000,대구광역시 북구
272300301,안양봉,1,,혜원사~안양봉,2.5,,,,,,,,,2019-12-06,3450000,대구광역시 북구
272300300,명봉산,2,,명봉산~안양봉,1.5,,,,,,,,,2019-12-06,3450000,대구광역시 북구
272300300,명봉산,1,,안양지~명봉산,2.5,,,,,,,,,2019-12-06,3450000,대구광역시 북구
272300202,화담산(학봉),3,,연경택지지구~학봉,0.8,,,,,,,,,2019-12-06,3450000,대구광역시 북구
272300201,화담산(학봉),2,,경주이씨제실~학봉,1.4,,,,,,,,,2019-12-06,3450000,대구광역시 북구
272300200,화담산(학봉),1,,화담마을입구~학봉,2.6,,,,,,,,,2019-12-06,3450000,대구광역시 북구
272300102,함지산,3,,서변동청아람아파트~망일봉,1.5,,,,,,,,,2019-12-06,3450000,대구광역시 북구
272300102,함지산,2,,대각사~망일봉,0.9,,,,,,,,,2019-12-06,3450000,대구광역시 북구
272300101,함지산,4,,함지산정상~조야고개,1.1,,,,,,,,,2019-12-06,3450000,대구광역시 북구
301102904,136고지금성마을,1,신상동구간,,0.18,쉬움,3,2,,,,,,2018-01-11,AAAAAAA,공공데이터활용지원센터
301102904,136고지금성마을,2,주산동구간,,0.14,쉬움,2,2,,,,,,2018-01-11,AAAAAAA,공공데이터활용지원센터
301102904,136고지금성마을,3,주산동구간,,0.3,쉬움,5,4,,,,,,2018-01-11,AAAAAAA,공공데이터활용지원센터
301102904,136고지금성마을,4,주산동구간,,0.22,쉬움,4,3,,,,,,2018-01-11,AAAAAAA,공공데이터활용지원센터
301102904,136고지금성마을,5,신상동구간,,0.05,쉬움,1,1,,,,,,2018-01-11,AAAAAAA,공공데이터활용지원센터
301102904,136고지금성마을,6,신상동구간,,0.17,쉬움,3,2,,,,,,2018-01-11,AAAAAAA,공공데이터활용지원센터
301102904,136고지금성마을,7,주산동구간,,0.15,쉬움,3,2,,,,,,2018-01-11,AAAAAAA,공공데이터활용지원센터
301102904,136고지금성마을,8,주산동구간,,0.22,쉬움,4,3,,,,,,2018-01-11,AAAAAAA,공공데이터활용지원센터
301103004,138고지,9,구도동구간,,0.19,쉬움,3,2,,,,,,2018-01-11,AAAAAAA,공공데이터활용지원센터
272300101,함지산,3,,함지농장~조야고개,2,,,,,,,,,2019-12-06,3450000,대구광역시 북구
272300101,함지산,2,,옻골동산~조야고개,1.4,,,,,,,,,2019-12-06,3450000,대구광역시 북구
272300101,함지산,1,,운암지숲유치원~조야고개,2.2,,,,,,,,,2019-12-06,3450000,대구광역시 북구
272300100,함지산,3,,구암어린이집~함지산,1.2,,,,,,,,,2019-12-06,3450000,대구광역시 북구
272300100,함지산,2,,노곡분소~함지산정상,2.4,,,,,,,,,2019-12-06,3450000,대구광역시 북구
272300100,함지산,1,,대백인터빌~함지산정상,4.3,,,,,,,,,2019-12-06,3450000,대구광역시 북구
488800100,갈전산,1,,,0.7643,중간,,,,,,,,2020-07-10,5470000,경상남도 거창군
488800201,감악산,2,,,0.952,중간,,,,,,,,2020-07-10,5470000,경상남도 거창군
488800302,감토산,3,,,0.5176,중간,,,,,,,,2020-07-10,5470000,경상남도 거창군
488800403,강섭산,4,,,0.64,중간,,,,,,,,2020-07-10,5470000,경상남도 거창군
488800504,거말산,5,,,0.9016,중간,,,,,,,,2020-07-10,5470000,경상남도 거창군
488800605,건흥산,6,,,0.5721,쉬움,,,,,,,,2020-07-10,5470000,경상남도 거창군
488800706,금귀산,7,,,0.837,중간,,,,,,,,2020-07-10,5470000,경상남도 거창군
488800807,금원산,8,,,1.3525,중간,,,,,,,,2020-07-10,5470000,경상남도 거창군
488800908,기백산,9,,,1.331,중간,,,,,,,,2020-07-10,5470000,경상남도 거창군
488801009,기세우산,10,,,0.7186,중간,,,,,,,,2020-07-10,5470000,경상남도 거창군
488801110,남산,11,,,1.1129,중간,,,,,,,,2020-07-10,5470000,경상남도 거창군
488801211,남덕유산,12,,,1.5074,중간,,,,,,,,2020-07-10,5470000,경상남도 거창군
488801312,대덕산,13,,,0.837,중간,,,,,,,,2020-07-10,5470000,경상남도 거창군
488801413,대룡산,14,,,0.809,중간,,,,,,,,2020-07-10,5470000,경상남도 거창군
488801514,덕갈산,15,,,0.668,중간,,,,,,,,2020-07-10,5470000,경상남도 거창군
488801615,두무산,16,,,1.036,중간,,,,,,,,2020-07-10,5470000,경상남도 거창군
488801716,매봉산,17,,,0.81,중간,,,,,,,,2020-07-10,5470000,경상남도 거창군
488801817,모리산,18,,,0.8775,중간,,,,,,,,2020-07-10,5470000,경상남도 거창군
488801918,무용산,19,,,1.4919,중간,,,,,,,,2020-07-10,5470000,경상남도 거창군
488802019,문재산,20,,,0.931,중간,,,,,,,,2020-07-10,5470000,경상남도 거창군
488802120,바랑산,21,,,0.7964,중간,,,,,,,,2020-07-10,5470000,경상남도 거창군
488802221,박산,22,,,0.501,중간,,,,,,,,2020-07-10,5470000,경상남도 거창군
488802322,박유산,23,,,0.712,중간,,,,,,,,2020-07-10,5470000,경상남도 거창군
488802423,보록산,24,,,0.664,중간,,,,,,,,2020-07-10,5470000,경상남도 거창군
488802524,보해산,25,,,0.9115,중간,,,,,,,,2020-07-10,5470000,경상남도 거창군
488802625,불영산,26,,,0.8345,중간,,,,,,,,2020-07-10,5470000,경상남도 거창군
488802726,비계산,27,,,1.13,중간,,,,,,,,2020-07-10,5470000,경상남도 거창군
488802827,사별산,28,,,0.66,중간,,,,,,,,2020-07-10,5470000,경상남도 거창군
488802928,삼봉산,29,,,1.254,중간,,,,,,,,2020-07-10,5470000,경상남도 거창군
488803029,석부산,30,,,0.6883,중간,,,,,,,,2020-07-10,5470000,경상남도 거창군
488803130,성령산,31,,,0.494,중간,,,,,,,,2020-07-10,5470000,경상남도 거창군
488803231,성령산,32,,,0.448,중간,,,,,,,,2020-07-10,5470000,경상남도 거창군
488803332,소룡산,33,,,0.761,중간,,,,,,,,2020-07-10,5470000,경상남도 거창군
488803433,솔봉산,34,,,0.628,중간,,,,,,,,2020-07-10,5470000,경상남도 거창군
488803534,송산,35,,,0.8018,중간,,,,,,,,2020-07-10,5470000,경상남도 거창군
488803635,수도산,36,,,1.313,중간,,,,,,,,2020-07-10,5470000,경상남도 거창군
488803736,숙성산,37,,,0.9,중간,,,,,,,,2020-07-10,5470000,경상남도 거창군
488803837,아홉산,38,,,0.7951,중간,,,,,,,,2020-07-10,5470000,경상남도 거창군
488803938,악령산,39,,,0.7123,중간,,,,,,,,2020-07-10,5470000,경상남도 거창군
488804039,양각산,40,,,1.15,중간,,,,,,,,2020-07-10,5470000,경상남도 거창군
488804140,오도산,41,,,1.12,중간,,,,,,,,2020-07-10,5470000,경상남도 거창군
488804241,오두산,42,,,0.957,중간,,,,,,,,2020-07-10,5470000,경상남도 거창군
488804342,우두산,43,,,1.0463,어려움,,,,,,,,2020-07-10,5470000,경상남도 거창군
488804443,월봉산,44,,,1.2792,중간,,,,,,,,2020-07-10,5470000,경상남도 거창군
488804544,월여산,45,,,0.8626,중간,,,,,,,,2020-07-10,5470000,경상남도 거창군
488804645,월현산,46,,,0.5509,중간,,,,,,,,2020-07-10,5470000,경상남도 거창군
488804746,재안산,47,,,0.72,중간,,,,,,,,2020-07-10,5470000,경상남도 거창군
488804847,천장리산,48,,,0.774,중간,,,,,,,,2020-07-10,5470000,경상남도 거창군
488804948,철마산,49,,,0.772,중간,,,,,,,,2020-07-10,5470000,경상남도 거창군
488805049,초점산,50,,,1.249,중간,,,,,,,,2020-07-10,5470000,경상남도 거창군
488805150,할미산,51,,,0.709,중간,,,,,,,,2020-07-10,5470000,경상남도 거창군
488805251,호음산,52,,,0.9298,중간,,,,,,,,2020-07-10,5470000,경상남도 거창군
488805352,현성산,53,,,0.96,중간,,,,,,,,2020-07-10,5470000,경상남도 거창군
488805453,흰대미산,54,,,1.018,중간,,,,,,,,2020-07-10,5470000,경상남도 거창군
292000101,어등산,1,어등산1-1코스,광주여대 ~ 산정약수터,2.5,중간,48,33,"육산(95), 암릉(5)",N,N,,Y,2020-07-13,3630000,광주광역시 광산구
292000101,어등산,2,어등산1-2코스,절골 ~ 석봉,3.8,중간,60,40,"육산(95), 암릉(5)",N,N,,Y,2020-07-13,3630000,광주광역시 광산구
292000101,어등산,3,어등산2코스,보문고 ~ 구절터,2.3,중간,38,27,"육산(95), 암릉(5)",N,N,,Y,2020-07-13,3630000,광주광역시 광산구
292000101,어등산,4,어등산3코스,호남대 ~ 석봉,2.1,중간,63,43,"육산(95), 암릉(5)",N,N,,Y,2020-07-13,3630000,광주광역시 광산구
292000101,어등산,5,어등산4코스,호대축구장 ~ 석봉,1.3,중간,60,41,"육산(95), 암릉(5)",N,N,,Y,2020-07-13,3630000,광주광역시 광산구
292000101,어등산,6,어등산5코스,마당바위 ~ 석봉,2.1,중간,57,40,"육산(90), 암릉(10)",N,N,,Y,2020-07-13,3630000,광주광역시 광산구
292000101,어등산,7,어등산6코스,원서봉 ~ 석봉,1.6,중간,67,54,"육산(95), 암릉(5)",N,N,,Y,2020-07-13,3630000,광주광역시 광산구
292000101,어등산,8,어등산7코스,절골삼거리 ~ 장수제,1.5,중간,38,26,"육산(95), 암릉(5)",N,N,,Y,2020-07-13,3630000,광주광역시 광산구
292000101,어등산,9,어등산8코스,송산유원지 ~ 석봉,1.9,중간,65,46,"육산(90), 암릉(10)",N,N,,Y,2020-07-13,3630000,광주광역시 광산구
292000201,용진산,1,용진산1코스,용진정사 ~ 석봉 ~ 토봉,2.3,어려움,80,60,"육산(40), 암릉(60)",N,N,암릉구역 등,Y,2020-07-13,3630000,광주광역시 광산구
292000201,용진산,2,용진산2코스,사호동 ~ 석봉,1.5,중간,45,30,"육산(70), 암릉(30)",N,N,암릉구역 등,Y,2020-07-13,3630000,광주광역시 광산구
292000201,용진산,3,용진산3코스,지산동 ~ 석봉,0.9,중간,20,15,"육산(90), 암릉(10)",N,N,,Y,2020-07-13,3630000,광주광역시 광산구
292000301,백우산,1,백우산1코스,하림마을 ~ 오룡마을,8.4,중간,120,120,"육산(80), 암릉(20)",N,N,,Y,2020-07-13,3630000,광주광역시 광산구
292000301,백우산,2,백우산2코스,판사등산 ~ 월봉서원,1.5,중간,20,15,"육산(95), 암릉(5)",N,N,,Y,2020-07-13,3630000,광주광역시 광산구
292000401,복룡산,1,복룡산1코스,용곡마을 ~ 정상,1.6,중간,35,30,"육산(80), 암릉(20)",N,N,,Y,2020-07-13,3630000,광주광역시 광산구
468001701,천관산,1,연대봉 1,장천재 ~ 양근암 ~ 연대봉,2.9,중간,90,90,"육산, 암석",N,N,N,Y,2020-07-07,4910000,전라남도 장흥군
468001701,천관산,2,연대봉 2,장천재 ~ 금수굴 ~ 연대봉,3.3,중간,100,100,"육산, 암석",N,N,N,Y,2020-07-07,4910000,전라남도 장흥군
468001701,천관산,3,환희대 1,장천재 ~ 금강굴 ~ 환희대,3.2,중간,90,90,"육산, 암석",N,N,N,Y,2020-07-07,4910000,전라남도 장흥군
468001701,천관산,4,탑산사 1,탑산사 ~ 불영봉 ~ 연대봉,3.5,어려움,70,70,"육산, 암석",N,N,N,Y,2020-07-07,4910000,전라남도 장흥군
468001701,천관산,5,탑산사 2,탑산사 ~ 닭봉 ~ 연대봉,1.8,중간,50,50,"육산, 암석",N,N,N,Y,2020-07-07,4910000,전라남도 장흥군
468001701,천관산,6,천관사 1,천관사 ~ 구정봉 ~ 환희대,2.3,중간,80,80,"육산, 암석",N,N,N,Y,2020-07-07,4910000,전라남도 장흥군
468002101,제암산,1,철쭉평원1,주차장 ~도끼바위 ~ 곰재 ~ 철쭉평원,1.7,쉬움,60,60,육산,N,N,N,Y,2020-07-07,4910000,전라남도 장흥군
468002101,제암산,2,철쭉평원2,주차장 ~ 간재 ~ 철쭉평원 ~ 곰재 ~ 돌탑 ~ 정상,5.5,중간,170,170,육산,N,N,N,Y,2020-07-07,4910000,전라남도 장흥군
468002101,제암산,3,원점회귀,주차장 ~ 곰재 ~ 정상 ~ 형제바위 ~ 공원묘지,5.6,중간,150,150,"육산,암석",N,N,형제바위(가파른 구간),Y,2020-07-07,4910000,전라남도 장흥군
468002101,제암산,4,호남정맥 구간,갑낭재 ~ 정상 ~ 곰재 ~ 간재 ~ 사자산,11.7,어려움,420,60,육산,,,,,2020-07-07,4910000,전라남도 장흥군
468001401,억불산,1,우드랜드 1,평화약수터 ~ 정상 ~ 우드랜드,3.5,쉬움,90,90,"육산, 데크",N,N,N,Y,2020-07-07,4910000,전라남도 장흥군
468001401,억불산,2,남도대 1,남도대 ~ 며느리바위 ~ 정상,1.3,어려움,60,60,"육산, 암석",N,N,"며느리바위 ~ 남도대(돌길, 가파름)",N,2020-07-07,4910000,전라남도 장흥군
468001401,억불산,3,저수지,평화저수지 ~ 약수터 ~ 천문과학관 ~ 정상 ~ 우드랜드,4,쉬움,120,120,,N,N,N,Y,2020-07-07,4910000,전라남도 장흥군
468001401,억불산,4,우드랜드 2,평화약수터 ~ 정상 ~ 며느리바위 ~ 우드랜드,4.2,쉬움,140,140,육산,N,N,N,Y,2020-07-07,4910000,전라남도 장흥군
468001801,사자산,1,패러글라이딩장,임도 ~ 패러글라이딩장 ~ 두봉,1.2,쉬움,30,30,육산,N,N,N,Y,2020-07-07,4910000,전라남도 장흥군
468001801,사자산,2,철쭉감상능선,제암산 ~ 곰재 ~ 간재 ~ 미봉 ~ 두봉 ~ 제암산주차장,7.6,중간,200,200,,N,N,N,Y,2020-07-07,4910000,전라남도 장흥군
468001801,사자산,3,의학센터,의학센터 ~ 임도 ~ 달바우산 ~ 사자산 미봉,3.7,중간,200,200,"육산, 암석",,,달바우산,,2020-07-07,4910000,전라남도 장흥군
468001901,수인산,1,수인산성 1,수덕주차장 ~ 수인산성(외성) ~ 노적봉,1.5,쉬움,40,40,육산,N,N,N,Y,2020-07-07,4910000,전라남도 장흥군
468001901,수인산,2,수인산성 2,외성 ~ 내성 ~ 억새밭 ~ 노적봉 ~ 억새밭,1.5,쉬움,40,40,육산,N,N,N,Y,2020-07-07,4910000,전라남도 장흥군
468001901,수인산,3,억새밭,억새밭 ~ 병영경계 ~ 절샘터 ~ 억새밭,1.5,쉬움,40,40,육산,N,N,N,Y,2020-07-07,4910000,전라남도 장흥군
468001901,수인산,4,정남진리조트,정남진리조트 ~ 기역산 ~ 빈재,2.5,중간,90,90,육산,N,N,N,Y,2020-07-07,4910000,전라남도 장흥군
468001101,부용산,1,부용사,운주마을 ~ 부용사 ~ 정상,2.6,중간,110,110,육산,N,N,N,Y,2020-07-07,4910000,전라남도 장흥군
468001101,부용산,2,수리봉,운주마을 ~ 수리봉 ~ 정상,3.2,중간,130,130,육산,N,N,N,Y,2020-07-07,4910000,전라남도 장흥군
468001101,부용산,3,웰빙숲길,운주마을 ~ 웰빙숲길 ~ 운주마을,2.8,쉬움,60,60,육산,N,N,N,Y,2020-07-07,4910000,전라남도 장흥군
418303701,중원산,9,중원산,신점리-용계골-정상,3,,140,,,,,,,2020-06-16,4170000,경기도 양평군
468001101,부용산,4,웰빙숲길 2,운주마을 ~ 부용사 ~ 정상 ~ 수리봉 ~ 운주마을,6.4,중간,180,180,육산,N,N,N,Y,2020-07-07,4910000,전라남도 장흥군
468001601,용두산,1,호남정맥 2,피재 ~ 병무산 ~ 용두산 ~ 갑낭재,14,어려움,310,310,"육산, 암석",N,N,N,Y,2020-07-07,4910000,전라남도 장흥군
468000101,가지산,1,보림사,보림사 ~ 비자림산림욕장 ~ 소나무산림욕장,3.5,쉬움,110,110,육산,N,N,N,Y,2020-07-07,4910000,전라남도 장흥군
477200100,아미산,1,아미산등산로,앵기랑바위-아미산정상-방가산,10.9,어려움,360,360,"산길, 목계단 등",N,N,아미산 초입 암석등반시 낙석주의,Y,2020-07-08,5140000,경상북도 군위군
477200200,국통산,1,국통산등산로,국통산정상,2.4,중간,60,40,"산길, 목계단 등",N,N,,Y,2020-07-08,5140000,경상북도 군위군
477200300,에뚜산,1,에뚜산등산로,,1.7,중간,50,30,"산길, 목계단 등",N,N,,Y,2020-07-08,5140000,경상북도 군위군
477200400,조림산,1,조림산등산로,조림산정상,5.74,중간,210,180,"산길, 목계단 등",N,N,,Y,2020-07-08,5140000,경상북도 군위군
477200500,마정산,1,마정산등산로,마정산정상,4.33,중간,150,120,"산길, 목계단 등",N,N,,Y,2020-07-08,5140000,경상북도 군위군
477200600,선암산,1,선암산등산로,선암산정상,3.73,중간,90,60,"산길, 목계단 등",N,N,,Y,2020-07-08,5140000,경상북도 군위군
477200700,냉산,1,냉산등산로,,1.1,중간,30,30,"산길, 목계단 등",N,N,,Y,2020-07-08,5140000,경상북도 군위군
457402601,장안산,1,무룡고개 ~ 장안산 정상,"장안산은 장수읍에서 동향30리 계남면에서 동남향10리 장계면에서 남향20리, 번암면에서 동향 50리 지점에 위치하고 있는 산이다. 산의 높이는 약1,237m로 장수·장계·계남·번암의 4개 면을 걸쳐 있는 산으로 1986년에 군립공원으로 지정이 되었다.백두대간이 뻗은 자리에 위치한 장안산은 전국8대 종산의 하나인데 그 중 제일 광활한 면적을 점유하고 있고, 노령산맥(蘆嶺山脈)의 줄기이기도 한다. 덕산계곡을 비롯한 크고 작은 계곡26개소와 ?m용소",3.2,쉬움,,,,,,,,2020-07-09,4750000,전라북도 장수군
457402601,장안산,2,괴목동 ~ 장안산 정상,,5,쉬움,,,,,,,,2020-07-09,4750000,전라북도 장수군
457402601,장안산,3,지소골 ~ 장안산 정상,,3,쉬움,,,,,,,,2020-07-09,4750000,전라북도 장수군
457402601,장안산,4,밀목재 ~ 장안산 정상,,9,중간,,,,,,,,2020-07-09,4750000,전라북도 장수군
457402601,장안산,5,범연동 ~ 장안산 정상,,5.5,쉬움,,,,,,,,2020-07-09,4750000,전라북도 장수군
457402601,장안산,6,연주 ~ 장안산 정상,,5.7,쉬움,,,,,,,,2020-07-09,4750000,전라북도 장수군
457402601,장안산,7,삼거마을 ~ 장안산 정상,,3.6,쉬움,,,,,,,,2020-07-09,4750000,전라북도 장수군
457403001,팔공산,1,자고개 ~ 팔공산 정상,"합미산성은 후백제 때 성에 주둔한 군사들이 군량미를 모았다 하여 붙여진 이름이지만, 그동안의 발굴조사 결과 삼국시대 가야유물 등이 확인되는 것으로 보아 처음 쌓아진시기는 삼국시대 가야에 의한 것으로 추정된다.",3.5,쉬움,,,,,,,,2020-07-09,4750000,전라북도 장수군
457403001,팔공산,2,대성리 ~ 팔공산 정상,,3.4,쉬움,,,,,,,,2020-07-09,4750000,전라북도 장수군
457403001,팔공산,3,서구이재 ~ 팔공산 정상,,2.9,쉬움,,,,,,,,2020-07-09,4750000,전라북도 장수군
457403301,봉화산(번암),1,주차장 ~ 철쭉군락지 ~ 봉화산 정상,"철쭉으로 유명한 산으로 5월 상순이 되면 산 능선과 바위 언덕 곳곳에 군락을 이룬 철쭉들이 만개한다. 정상에 오르면 멀리 북쪽으로 장안산과 남덕유산, 기백산 남쪽으로지리산의 봉우리들에서 연이어 철쭉이 펼쳐져 장관을 이룬다.",3.6,쉬움,,,,,,,,2020-07-09,4750000,전라북도 장수군
457403301,봉화산(번암),2,복성이재 ~ 철쭉군락지 ~ 봉화산 정상,,4.2,쉬움,,,,,,,,2020-07-09,4750000,전라북도 장수군
442100000,일락산,17,일락사주차장~석문봉,,2.5,,,,,,,,,2020-07-01,4530000,충청남도 서산시
442100000,성왕산,18,온석동~한성 APT,,0.8,,,,,,,,,2020-07-01,4530000,충청남도 서산시
457403501,영대산,1,구암마을 ~ 영대산 정상,"산의 형태는 수려하고 단아하며 장수 5대 명산 중의 하나이다. 마치 인자하고 후덕한 어머니가 자식을 품에 안고 젖을 먹이는 듯한 산이기도 하다.이 산은 장수 8경(景)의 하나인 영산영월(靈山迎月)의 경관을 자랑하는 산이다.호남의 진산인 팔공산이 의연이 솟아 뻗어 내린 줄기가 성수산, 마이산으로 북향하고, 배후일맥(背後一脈)이 서향하여 갈무봉에서 기봉하고 생왕사절과협개장(生旺死絶過峽開帳)하여 잠잠(岑岑)이 가다가 조용히 머문 산이다.장수 서쪽 방",2.6,쉬움,,,,,,,,2020-07-09,4750000,전라북도 장수군
457403501,영대산,2,칠영사 ~ 영대산 정상,,2,쉬움,,,,,,,,2020-07-09,4750000,전라북도 장수군
457403501,영대산,3,능곡마을 ~ 영대산 정상,,1.6,쉬움,,,,,,,,2020-07-09,4750000,전라북도 장수군
457401601,사두봉,1,수분리휴게소 ~ 바구니봉 ~ 사두봉 ~ 신덕산마을,"백두대간 영취산(靈鷲山)에서 분기된 금남호남정맥(錦南湖南正脈)이 서북쪽으로 뻗어가며 무룡고개 장안산을 거쳐 금남호남정맥에 솟구쳐 오른 산이다.행정구역상 장수군 장수읍과 번암면 경계에 있으며 수분치에서 남으로는 섬진강, 북으로는 금강을 가르고 원수분마을 뒤 신무산 기슭에는 금강의 발원지가 있다.옛날에 봉이 높았다 하여 봉화를 올렸고 한자로 뱀머리를 써서 봉이 뱀머리처럼 생겼다하여 사두봉이라 한다.",8.4,중간,,,,,,,,2020-07-09,4750000,전라북도 장수군
457402301,신무산,1,자고개 ~ 신무산 정상 ~ 수분리마을,"신무산은 장수읍 용계리와 수분리, 식천리 경계에 있는 산으로 해발 896.8m이다. 이 산을 중심으로 수분리 마을 쪽에 위치한 뜬봉샘은 금강의 발원지이고 용계리 쪽에서는 용계천의 발원지가 되고 개정리 쪽에서는 용의 머리에 해당한다고 하기도 한다.신선(神仙)이 춤을 추고 있는 산이라 하여 신무산(神舞山)이라 이름 지어진 이 산은, 전설에 의하면 용을 승천시키려고 신선들이 춤을 추는데 주변 용계리와 송천리 사이의 넓은 들 가운데 타관에서 흘러들어와",3.9,쉬움,,,,,,,,2020-07-09,4750000,전라북도 장수군
457400304,봉화산(계남),1,싸리재 ~ 봉화산 정상 ~ 침곡마을,장수군 계남면에 위치한 봉화산은 장수군 천천면과 계남면의 경계를 이룬 해발 794m의 산이다 우리나라 허다한 산 중에서 가장 흔한 산이름의 하나인 봉화산은 이름 그대로 옛날에 봉수대를 두어 나라의 위급을 조정에 알리던 산이다 산을 등반을 하다보면 침령마을로 가기 전에 침령산성(山城)이라는 유적지가 있다.침령산성(砧嶺山城)은 백제말에 신라와 전투를 위해 쌓은 전방기지로 추정되어왔지만 최근에 조사를 위하면 이 산성은 삼국시대 가야세력이 처음 축성(,9.8,중간,,,,,,,,2020-07-09,4750000,전라북도 장수군
457403401,삿갓봉,1,와룡휴양림(관리소) ~ 삿갓봉 ~ 오계치 ~ 와룡휴양림,,4.7,쉬움,,,,,,,,2020-07-09,4750000,전라북도 장수군
361100100,원수산,1,원수산 둘레길1코스,생태통로진입 - 삼거리3 - 삼거리2 - 원수산정상 - 삼거리1 - 사거리 - 삼거리4 - 삼거리3 - 생태로진입,4.5,쉬움,90,90,육산,Y,N,,,2020-06-15,1670000,행정중심복합도시건설청
361100100,원수산,2,원수산 둘레길2코스,덕성사원 진입로 - 대덕사 진입로 - 삼거리1 - 원수산정상 - 삼거리2 - 삼거리3 - 삼거리4 - 대덕사(덕성사원)진입로,3.4,쉬움,66,66,육산,Y,N,,,2020-06-15,1670000,행정중심복합도시건설청
361100100,원수산,3,원수산 둘레길3코스,청사쪽 진입로 - 사거리 - 삼거리1 - 원수산정상 - 삼거리2 - 삼거리3 - 삼거리4 - 삼거리1 - 사거리 - 청사쪽 진입로,4.3,쉬움,85,85,육산,Y,N,,,2020-06-15,1670000,행정중심복합도시건설청
361100100,원수산,4,원수산 둘레길4코스,(구)양화2리진입로 - 삼거리2 - 원수산정상 - 삼거리1 - 삼거리4 - 삼거리3 - 삼거리2 - (구)양화2리진입로,5.4,쉬움,108,108,육산,Y,N,,,2020-06-15,1670000,행정중심복합도시건설청
361100201,전월산,1,전월산 둘레길1코스,(구)양화1리 진입로 - 전월산정상 - (구)양화2리 진입로,2.1,쉬움,47,47,육산,Y,N,,,2020-06-15,1670000,행정중심복합도시건설청
361100201,전월산,2,전월산 둘레길2코스,(구)양화1리 진입로 - 전월산정상 - (구)월산공단 진입로,2,쉬움,45,45,육산,Y,N,,,2020-06-15,1670000,행정중심복합도시건설청
361100201,전월산,3,전월산 둘레길3코스,(구)양화2리 진입로 - 삼거리1 - 사거리 - 삼거리3 - 금강변 진입로,2.6,쉬움,60,60,육산,Y,N,,,2020-06-15,1670000,행정중심복합도시건설청
361100201,전월산,4,전월산 둘레길4코스,(구)월산공단 진입로 - 사거리 - 금강변 진입로,1.2,쉬움,30,30,육산,Y,N,,,2020-06-15,1670000,행정중심복합도시건설청
272900804,비슬산,3,청도군 비슬산 둘레길,"청도자연휴양림, 월광봉, 기차바위",20,쉬움,,,비포장,N,N,,Y,2020-06-30,5190000,경상북도 청도군
478200601,남산,2,남산 등산로,"신둔사, 남산 정상",1.67,중간,,,비포장,N,N,,Y,2020-06-30,5190000,경상북도 청도군
272900804,비슬산,1,비슬산 등산로(보림사-수월리정상),"보림사, 기차바위",3.41,중간,,,비포장,N,N,,Y,2020-06-30,5190000,경상북도 청도군
442100000,간대산,1,도당리~은봉산,,1.3,,,,,,,,,2020-07-01,4530000,충청남도 서산시
442100000,금강산,2,성연면~인지면,,3.1,,,,,,,,,2020-07-01,4530000,충청남도 서산시
442100000,당산,3,반양초~삼송리,,2.4,,,,,,,,,2020-07-01,4530000,충청남도 서산시
442100401,도비산,4,부석사~동사,,1.9,,,,,,,,,2020-07-01,4530000,충청남도 서산시
442100401,도비산,5,해넘이~해돋이 전망대,,1.8,,,,,,,,,2020-07-01,4530000,충청남도 서산시
442100401,도비산,6,임도~정상,,1.2,,,,,,,,,2020-07-01,4530000,충청남도 서산시
442100401,도비산,7,석천암~정상,,0.9,,,,,,,,,2020-07-01,4530000,충청남도 서산시
442100000,동암산,8,가좌1리~갈산3리 서정 APT,,2.1,,,,,,,,,2020-07-01,4530000,충청남도 서산시
442100000,망일산,9,망일사~영탑리,,1.2,,,,,,,,,2020-07-01,4530000,충청남도 서산시
442100000,부춘산,10,맛이나가든~서광사,,1.8,,,,,,,,,2020-07-01,4530000,충청남도 서산시
442100000,부춘산,11,봉화대~옥녀봉,,0.83,,,,,,,,,2020-07-01,4530000,충청남도 서산시
442100000,부춘산,12,단군전~옥녀봉,,0.6,,,,,,,,,2020-07-01,4530000,충청남도 서산시
442100000,상왕산,13,상왕산~석문봉,,5.1,,,,,,,,,2020-07-01,4530000,충청남도 서산시
448100301,가야산,14,한서대~석문봉,,1.5,,,,,,,,,2020-07-01,4530000,충청남도 서산시
448100301,가야산,15,황락저수지~석문봉,,1.2,,,,,,,,,2020-07-01,4530000,충청남도 서산시
448100301,가야산,16,개심사~석문봉,,3,,,,,,,,,2020-07-01,4530000,충청남도 서산시
442100000,소탐산,19,수석동~정수장,,1.2,,,,,,,,,2020-07-01,4530000,충청남도 서산시
442101901,연암산,20,천장사~연암산~삼준산~천장사,,5.1,,,,,,,,,2020-07-01,4530000,충청남도 서산시
442100000,삼준산,21,해미면 대곡리 ~ 삼준산,,5.2,,,,,,,,,2020-07-01,4530000,충청남도 서산시
442102401,팔봉산,22,양길리~어송리 주차장,,3.9,,,,,,,,,2020-07-01,4530000,충청남도 서산시
442102401,팔봉산,23,1봉~3봉,,0.7,,,,,,,,,2020-07-01,4530000,충청남도 서산시
442100000,황금산,24,주차장~끝골,,1.2,,,,,,,,,2020-07-01,4530000,충청남도 서산시
442100000,황금산,25,쉼터~코끼리바위,,0.43,,,,,,,,,2020-07-01,4530000,충청남도 서산시
442100000,황금산,26,쉼터~굴금,,0.21,,,,,,,,,2020-07-01,4530000,충청남도 서산시
442100000,황금산,27,쉼터~정상~주차장,,0.62,,,,,,,,,2020-07-01,4530000,충청남도 서산시
451400101,미륵산,1,,,1.9,,,,,,,,,2020-07-01,4680000,전라북도 익산시
451400102,미륵산,2,,,1.6,,,,,,,,,2020-07-01,4680000,전라북도 익산시
451400103,미륵산,3,,,1.8,,,,,,,,,2020-07-01,4680000,전라북도 익산시
451400104,미륵산,4,,,1.5,,,,,,,,,2020-07-01,4680000,전라북도 익산시
451400105,미륵산,5,,,1.9,,,,,,,,,2020-07-01,4680000,전라북도 익산시
451400106,미륵산,6,,,1.7,,,,,,,,,2020-07-01,4680000,전라북도 익산시
451400107,미륵산,7,,,1,,,,,,,,,2020-07-01,4680000,전라북도 익산시
451400108,미륵산,8,,,2.4,,,,,,,,,2020-07-01,4680000,전라북도 익산시
451400109,미륵산,9,,,1.1,,,,,,,,,2020-07-01,4680000,전라북도 익산시
451400110,미륵산,10,,,2.4,,,,,,,,,2020-07-01,4680000,전라북도 익산시
451400111,미륵산,11,,,2.2,,,,,,,,,2020-07-01,4680000,전라북도 익산시
451400112,미륵산,12,,,1.5,,,,,,,,,2020-07-01,4680000,전라북도 익산시
451400201,용화산,1,,,2.7,,,,,,,,,2020-07-01,4680000,전라북도 익산시
451400202,용화산,2,,,1.6,,,,,,,,,2020-07-01,4680000,전라북도 익산시
451400203,용화산,3,,,1.7,,,,,,,,,2020-07-01,4680000,전라북도 익산시
451400204,용화산,4,,,2.4,,,,,,,,,2020-07-01,4680000,전라북도 익산시
451400205,용화산,5,,,2.8,,,,,,,,,2020-07-01,4680000,전라북도 익산시
451400301,함라산,1,,,6,,,,,,,,,2020-07-01,4680000,전라북도 익산시
451400302,함라산,2,,,4,,,,,,,,,2020-07-01,4680000,전라북도 익산시
451400303,함라산,3,,,2,,,,,,,,,2020-07-01,4680000,전라북도 익산시
418303101,용문산,1,용문산,주차장-용문사-마당바위-정상,4,,180,,,,,,,2020-06-16,4170000,경기도 양평군
418303101,용문산,2,용문산,주차장-용문사-상원사-장군봉-정상,3,,180,,,,,,,2020-06-16,4170000,경기도 양평군
418303101,용문산,3,용문산,주차장-용문사-암릉-석문-정상,3,,180,,,,,,,2020-06-16,4170000,경기도 양평군
418303101,용문산,4,용문산,연수리-상원사-장군봉-정상,3,,180,,,,,,,2020-06-16,4170000,경기도 양평군
418304701,백운봉,5,백운봉,새수골-헬기장-정상,2.5,,120,,,,,,,2020-06-16,4170000,경기도 양평군
418304701,백운봉,6,백운봉,쉬자파크-두리봉-정상,2.5,,120,,,,,,,2020-06-16,4170000,경기도 양평군
418304701,백운봉,7,백운봉,연수리-수득골 백운암-형제약수터-정상,1.8,,120,,,,,,,2020-06-16,4170000,경기도 양평군
418304701,백운봉,8,백운봉,사나사-함왕성-정상,2.2,,120,,,,,,,2020-06-16,4170000,경기도 양평군
418303701,중원산,10,중원산,상현마을-중원계곡-정상,2.5,,120,,,,,,,2020-06-16,4170000,경기도 양평군
418303701,중원산,11,중원산,상현마을-정상,2.2,,120,,,,,,,2020-06-16,4170000,경기도 양평군
418303701,도일봉,12,도일봉,상현마을-중원폭포-치마폭포-정상,5.6,,150,,,,,,,2020-06-16,4170000,경기도 양평군
418302101,봉미산,13,봉미산,산음-생골-정상,3,,120,,,,,,,2020-06-16,4170000,경기도 양평군
418302101,봉미산,14,봉미산,산음-483봉-능선경유-정상,3,,120,,,,,,,2020-06-16,4170000,경기도 양평군
418302101,봉미산,15,봉미산,섬이마을-만수터-봉미산,2.8,,120,,,,,,,2020-06-16,4170000,경기도 양평군
418302601,소리산,16,소리산,수봉정-수리바위-정상,2,,110,,,,,,,2020-06-16,4170000,경기도 양평군
418302601,소리산,17,소리산,소향산장-정상,1.9,,90,,,,,,,2020-06-16,4170000,경기도 양평군
418300101,갈기산,18,갈기산,신대-정상,2.1,,90,,,,,,,2020-06-16,4170000,경기도 양평군
418300101,갈기산,19,갈기산,하고론마을-약수터-정상,2.8,,120,,,,,,,2020-06-16,4170000,경기도 양평군
418300101,갈기산,20,갈기산,고론공원-정상,2.1,,90,,,,,,,2020-06-16,4170000,경기도 양평군
416703701,일당산,21,일당산,솔치-물탕골-일당산-당산,2.7,,120,,,,,,,2020-06-16,4170000,경기도 양평군
416703701,일당산,22,일당산,솔치-곰지기골-안부-당산,2.8,,120,,,,,,,2020-06-16,4170000,경기도 양평군
418300501,고래산,23,고래산,금동마을-정상,3.5,,180,,,,,,,2020-06-16,4170000,경기도 양평군
418300501,고래산,24,고래산,배잔마을-정상,3.7,,180,,,,,,,2020-06-16,4170000,경기도 양평군
418303501,추읍산,25,추읍산,삼성리-질마재-정상,1.6,,90,,,,,,,2020-06-16,4170000,경기도 양평군
418303501,추읍산,26,추읍산,주읍-정상,2.2,,90,,,,,,,2020-06-16,4170000,경기도 양평군
418303501,추읍산,27,추읍산,내동마을-정상,2.2,,90,,,,,,,2020-06-16,4170000,경기도 양평군
418303501,추읍산,28,추읍산,원덕역-정상,4,,150,,,,,,,2020-06-16,4170000,경기도 양평군
418303501,추읍산,29,추읍산,능골-정상,3,,150,,,,,,,2020-06-16,4170000,경기도 양평군
418302701,양자산,30,양자산,성덕-고개-정상,1.8,,90,,,,,,,2020-06-16,4170000,경기도 양평군
418302701,양자산,31,양자산,남한강변-백병봉-정상,2.7,,120,,,,,,,2020-06-16,4170000,경기도 양평군
418302701,양자산,32,양자산,종지골-정상,1.5,,90,,,,,,,2020-06-16,4170000,경기도 양평군
418303801,청계산,33,청계산,청계-정상,1.4,,90,,,,,,,2020-06-16,4170000,경기도 양평군
418303801,청계산,34,청계산,목왕-안부-정상,1.6,,90,,,,,,,2020-06-16,4170000,경기도 양평군
418303801,청계산,35,청계산,국수역-청계리-정상,5,,180,,,,,,,2020-06-16,4170000,경기도 양평군
418303801,청계산,36,청계산,벗고개-송골고개-정상,2,,90,,,,,,,2020-06-16,4170000,경기도 양평군
418302201,부용산,37,부용산,양수역-양수터-하계산-정상,4.4,,90,,,,,,,2020-06-16,4170000,경기도 양평군
418302201,부용신,38,부용산,신원역-몽양여운형생가-정상,2.2,,60,,,,,,,2020-06-16,4170000,경기도 양평군
418303001,옥산,39,옥산,한화리조트-토끼봉-정상,1.2,,75,,,,,,,2020-06-16,4170000,경기도 양평군
418303001,옥산,40,옥산,한화리조트-선녀탕-노루목-정상,1.2,,75,,,,,,,2020-06-16,4170000,경기도 양평군
418303001,옥산,41,옥산,농다치-정상,1.1,,75,,,,,,,2020-06-16,4170000,경기도 양평군
418303301,대부산,42,대부산,동막마을-계곡경유-정상,2.9,,120,,,,,,,2020-06-16,4170000,경기도 양평군
418303301,대부산,43,대부산,복동마을-440봉-정상,3.2,,110,,,,,,,2020-06-16,4170000,경기도 양평군
418302901,어비산,44,어비산,두명안-입구지-정상,1.4,,60,,,,,,,2020-06-16,4170000,경기도 양평군
418302901,어비산,45,어비산,두명안-숫고개-804봉-정상,1.3,,95,,,,,,,2020-06-16,4170000,경기도 양평군
418302901,어비산,46,어비산,갈현 어비계곡-정상,1.5,,60,,,,,,,2020-06-16,4170000,경기도 양평군
418303301,유명산,47,유명산,복동마을-갈림길-안부-정상,3.2,,90,,,,,,,2020-06-16,4170000,경기도 양평군
418303301,유명산,48,유명산,동막마을-갈림길-정상,2.8,,90,,,,,,,2020-06-16,4170000,경기도 양평군
418202501,소구니산,49,소구니산,농다치-660봉-정상,3.2,,90,,,,,,,2020-06-16,4170000,경기도 양평군
418202501,소구니산,50,소구니산,서너치고개-정상,2.8,,90,,,,,,,2020-06-16,4170000,경기도 양평군
418303601,중미산,51,중미산,양현-안부-정상,2.8,,90,,,,,,,2020-06-16,4170000,경기도 양평군
418303601,중미산,52,중미산,명달-삼각골경유-정상,3,,110,,,,,,,2020-06-16,4170000,경기도 양평군
418303601,중미산,53,중미산,명달-절터고개-정상,3,,110,,,,,,,2020-06-16,4170000,경기도 양평군
418204101,통방산,54,통방산,노문-일주암-567봉-정상,4,,120,,,,,,,2020-06-16,4170000,경기도 양평군
418204101,통방산,55,통방산,명달-삼태봉-정상,2.8,,90,,,,,,,2020-06-16,4170000,경기도 양평군
418204401,화야산,56,화야산,수입고개-고동산-591봉-정상,9,,180,,,,,,,2020-06-16,4170000,경기도 양평군
418200601,고동산,57,고동산,수입고개-정상,3,,100,,,,,,,2020-06-16,4170000,경기도 양평군
442700101,야호대,1,,,4,,,,,,,,,2018-09-03,5680000,충청남도 당진시
442700201,대덕산,2,,,4,,,,,,,,,2018-09-03,5680000,충청남도 당진시
442700301,구룡산,3,,,5,,,,,,,,,2018-09-03,5680000,충청남도 당진시
442700401,둔군봉,4,,,4,,,,,,,,,2018-09-03,5680000,충청남도 당진시
442700501,성동산,5,,,2.5,,,,,,,,,2018-09-03,5680000,충청남도 당진시
224700601,송악산,6,,,3,,,,,,,,,2018-09-03,5680000,충청남도 당진시
224700701,팔아산,7,,,3,,,,,,,,,2018-09-03,5680000,충청남도 당진시
442700801,삼선산,8,,,4.5,,,,,,,,,2018-09-03,5680000,충청남도 당진시
442700901,석문산,9,,,2,,,,,,,,,2018-09-03,5680000,충청남도 당진시
442701001,자모산,10,,,4,,,,,,,,,2018-09-03,5680000,충청남도 당진시
442701101,봉화산(정미면),11,,,4.5,,,,,,,,,2018-09-03,5680000,충청남도 당진시
224701201,봉화산(송산면),12,,,2.5,,,,,,,,,2018-09-03,5680000,충청남도 당진시
442701301,덕마산,13,,,2,,,,,,,,,2018-09-03,5680000,충청남도 당진시
442701401,아미산,14,,,9.2,,,,,,,,,2018-09-03,5680000,충청남도 당진시
442701501,몽산,15,,,3,,,,,,,,,2018-09-03,5680000,충청남도 당진시
442701601,다불산,16,,,2.4,,,,,,,,,2018-09-03,5680000,충청남도 당진시
442701701,보령산,17,,,1.5,,,,,,,,,2018-09-03,5680000,충청남도 당진시
442701801,구절산,18,,,2,,,,,,,,,2018-09-03,5680000,충청남도 당진시
224701901,함박산,19,,,3,,,,,,,,,2018-09-03,5680000,충청남도 당진시
224702001,당산,20,,,2,,,,,,,,,2018-09-03,5680000,충청남도 당진시
442702101,망객산,21,,,2,,,,,,,,,2018-09-03,5680000,충청남도 당진시
447202201,망치산,22,,,4,,,,,,,,,2018-09-03,5680000,충청남도 당진시
