휴게소명,도로종류,도로노선번호,도로노선명,도로노선방향,위도,경도,휴게소종류,휴게소운영시작시각,휴게소운영종료시각,도로점용면적,주차면수,경정비가능여부,주유소유무,LPG충전소유무,전기차충전소유무,버스환승가능여부,쉼터유무,화장실유무,약국유무,수유실유무,매점유무,음식점유무,기타편의시설,휴게소대표음식명,휴게소전화번호,데이터기준일자,제공기관코드,제공기관명
낙동강의성휴게소,고속국도,301,상주영천선,하행,36.343660,128.300492,일반휴게소,00:00,23:59,48351,266,N,Y,Y,Y,Y,Y,Y,N,Y,Y,Y,샤워실+세탁실+ATM+기사식당,의성마늘돈까스,054-475-2975,2019-08-27,1611000,국토해양부
양평휴게소(하행),고속국도,52,광주원주선,하행,37.397226,127.726705,일반휴게소,00:00,23:59,34485,280,N,Y,N,Y,N,Y,Y,N,Y,Y,Y,고객용PC+ATM+휴대폰충전기+하이패스무인충전기+프린터+ FAX,양평가마솥장터국밥+양평궁중비빔밥,031-8027-2172,2019-08-27,1611000,국토해양부
양평휴게소(상행),고속국도,52,광주원주선,상행,37.399238,127.723546,일반휴게소,00:00,23:59,34768,222,N,Y,N,Y,N,Y,Y,N,Y,Y,Y,고객용PC+ATM+휴대폰충전기+하이패스무인충전기+프린터+ FAX,양평가마솥장터국밥+양평궁중비빔밥,031-8027-2191,2019-08-27,1611000,국토해양부
경기광주휴게소(하행),고속국도,52,광주원주선,하행,37.379740,127.436260,일반휴게소,00:00,23:59,38897,242,N,Y,Y,Y,N,Y,Y,N,Y,Y,Y,고객용PC+ATM+휴대폰충전기+하이패스무인충전기+프린터+ FAX,소불고기반상+갑오징어와제육불고기쌈밥,031-8027-3940,2019-08-27,1611000,국토해양부
경기광주휴게소(상행),고속국도,52,광주원주선,상행,37.380758,127.425385,일반휴게소,00:00,23:59,38613,252,N,Y,Y,Y,N,Y,Y,N,Y,Y,Y,고객용PC+ATM+휴대폰충전기+하이패스무인충전기+프린터+ FAX,소머리곰탕+교동짬뽕,031-8027-3945,2019-08-27,1611000,국토해양부
송산포도휴게소,고속국도,153,평택시흥선,양방향,37.234958,126.760237,일반휴게소,00:00,23:59,116726,586,N,Y,Y,Y,N,Y,Y,N,Y,Y,Y,"샤워실+세탁실+ATM+특산물+하이패스무인충전기+와이파이존+공기청정기+식권무인발매기+고객용PC 및 프린터, FAX, 핸드폰충전기+셀프코너(주유소)",송산이네 우리콩 된장찌개+송산포도호두과자,031-355-1564,2019-08-27,1611000,국토해양부
오산휴게소(하행),고속국도,400,수도권제2순환선(봉담-동탄),하행,37.175917,127.038088,일반휴게소,00:00,23:59,62167,244,N,Y,Y,Y,N,Y,Y,N,Y,Y,Y,ATM,곤드레돌솥비빔밥+짬뽕순두부찌개,031-370-5500,2019-08-27,1611000,국토해양부
오산휴게소(상행),고속국도,400,수도권제2순환선(봉담-동탄),상행,37.178892,127.036575,일반휴게소,00:00,23:59,51647,192,N,Y,Y,Y,N,Y,Y,N,Y,Y,Y,ATM,곤드레돌솥비빔밥+짬뽕순두부찌개,031-370-5550,2019-08-27,1611000,국토해양부
가평휴게소(하행),고속국도,60,서울양양선(서울-춘천),상행,37.702608,127.546298,일반휴게소,00:00,23:59,52697,581,Y,Y,Y,Y,N,Y,Y,Y,Y,Y,Y,ATM+애견파크+야외테라스 쉼터+핸드폰 충전기+고객용 PC 및 프린터+고객 도움벨,가평잣소고기국밥+가평잣산채비빔밥+해물순두부찌개,031-584-1426,2019-08-27,1611000,국토해양부
가평휴게소(상행),고속국도,60,서울양양선(서울-춘천),하행,37.701486,127.543445,일반휴게소,00:00,23:59,52236,565,Y,Y,Y,Y,N,Y,Y,N,Y,Y,Y,ATM+특산물코너+야외테라스 쉼터+핸드폰 충전기+고객용 PC 및 프린터+고객 도움벨,가평잣소고기국밥+가평잣산채비빔밥+해물순두부찌개,031-584-1425,2019-08-27,1611000,국토해양부
장안휴게소(하행),고속국도,65,부산울산선,하행,35.381913,129.247302,일반휴게소,00:00,23:59,45721,167,N,Y,Y,Y,N,Y,Y,N,Y,Y,Y,ATM+특산물코너+산책로,사골버섯육개장,051-727-3647,2019-08-27,1611000,국토해양부
장안휴게소(상행),고속국도,65,부산울산선,상행,35.379502,129.247713,일반휴게소,00:00,23:59,40848,167,N,Y,Y,Y,N,Y,Y,N,Y,Y,Y,ATM+특산물코너,사골버섯육개장,051-727-3714,2019-08-27,1611000,국토해양부
양주간이휴게소,고속국도,100,서울외곽순환선,하행,37.4046243,126.5510345,간이휴게소,00:00,23:59,5965,81,N,Y,Y,Y,Y,N,Y,N,Y,Y,Y,ATM,덕평소고기 국밥,031-871-2994,2019-08-27,1611000,국토해양부
청도새마을휴게소(하행),고속국도,55,중앙선(대구-부산),하행,35.599057,128.768933,일반휴게소,00:00,23:59,53473,214,Y,Y,Y,Y,N,Y,Y,N,Y,Y,Y,전망대+샤워실+세탁실+ATM+내고장특산물코너+와이파이공유기+쓰레기통,새마을육개장,054-373-8121,2019-08-27,1611000,국토해양부
청도새마을휴게소(상행),고속국도,55,중앙선(대구-부산),상행,35.589988,128.767670,일반휴게소,00:00,23:59,61078,287,Y,Y,Y,Y,N,Y,Y,N,Y,Y,Y,샤워실+세탁실+ATM+내고장특산물코너+와이파이공유기+쓰레기통,새마을육개장,054-373-6280,2019-08-27,1611000,국토해양부
탄천휴게소,고속국도,25,호남선(천안-논산),하행,36.320162,127.071268,일반휴게소,00:00,23:59,18703,184,Y,Y,Y,Y,N,Y,Y,N,Y,Y,Y,"ATM+백제문화갤러리+공주 장선리 토실 유적지+무료와이파이+핸드폰충전기+하이패스무인충전기+프린터,팩스,고객용PC",왕갈비탕+생생돈가스,041-854-3521,2019-08-27,1611000,국토해양부
이인휴게소,고속국도,25,호남선(천안-논산),상행,36.351691,127.068272,일반휴게소,00:00,23:59,18461,194,Y,Y,Y,Y,N,Y,Y,N,Y,Y,Y,ATM+장승공원+무료와이파이+핸드폰충전기+하이패스무인충전기+프린터+팩스+고객용PC,왕갈비탕+생생돈가스,041-856-8351,2019-08-27,1611000,국토해양부
정안알밤휴게소(하행),고속국도,25,호남선(천안-논산),하행,36.572056,127.113535,일반휴게소,00:00,23:59,17358,332,Y,Y,Y,Y,Y,Y,Y,N,Y,Y,Y,"ATM+다람쥐공원+연못+어린이놀이터+로컬푸드코너+고객용PC+휴대폰충전기+하이패스무인충전기(하이플러스, EX)+복합기(프린터,팩스)+고속도로교통정보 모니터+와이파이공유기",왕갈비탕+알밤한우돌솥비빔밥+김치찌개,041-858-0522,2019-08-27,1611000,국토해양부
정안알밤휴게소(상행),고속국도,25,호남선(천안-논산),상행,36.568514,127.113663,일반휴게소,00:00,23:59,20344,277,Y,Y,Y,Y,Y,Y,Y,N,Y,Y,Y,"ATM+산책로(지압길, 체육시설)+전망대+고객용PC+휴대폰충전기+하이패스무인충전기(하이플러스, EX)+복합기(프린터,팩스)+고속도로교통정보 모니터+와이파이공유기",왕갈비탕+정안알밤닭갈비화로구이,041-858-0562,2019-08-27,1611000,국토해양부
영종대교휴게소,고속국도,130,인천국제공항선,하행,37.553795,126.607044,일반휴게소,08:00,21:00,10115,82,N,Y,N,Y,N,Y,Y,N,Y,Y,Y,느린우체통+전망대+ATM+하이패스무인충전기,장터국밥+수제왕돈까스+전주비빕밥,032-560-6400,2019-08-27,1611000,국토해양부
의정부휴게소,고속국도,29,세종포천선(구리-포천),상행,37.435893,127.114709,일반휴게소,00:00,23:59,39616,259,N,Y,Y,Y,N,Y,Y,N,Y,Y,Y,샤워실+세탁실+수면실+ATM,의정부부대찌개,031-928-4113,2019-08-27,1611000,국토해양부
별내휴게소,고속국도,29,세종포천선(구리-포천),하행,37.7068902,127.126789,일반휴게소,00:00,23:59,41358,247,N,Y,Y,Y,N,Y,Y,N,Y,Y,Y,샤워실+세탁실+수면실+ATM,남양주식불고기비빔밥,031-524-9773,2019-08-27,1611000,국토해양부
삼국유사군위휴게소,고속국도,301,상주영천선,상행,36.079721,128.696781,일반휴게소,00:00,23:59,52679,261,N,Y,Y,Y,N,Y,Y,N,Y,Y,Y,샤워실+세탁실+ATM+기사식당,추억의 도시락,054-383-8778,2019-08-27,1611000,국토해양부
군위영천휴게소,고속국도,301,상주영천선,하행,36.071348,128.708164,일반휴게소,00:00,23:59,53830,261,N,Y,Y,Y,N,Y,Y,N,Y,Y,Y,샤워실+세탁실+ATM+기사식당,추억의 도시락,054-383-8448,2019-08-27,1611000,국토해양부
낙동강구미휴게소,고속국도,301,상주영천선,상행,36.346071,128.296200,일반휴게소,00:00,23:59,48338,266,N,Y,Y,Y,Y,Y,Y,N,Y,Y,Y,샤워실+세탁실+ATM+기사식당,양지버섯국밥,054-475-2971,2019-08-27,1611000,국토해양부
시화나래휴게소,지방도,301,대부황금로,양방향,37.311273,126.606591,간이휴게소,00:00,23:59,76809,450,N,N,N,Y,N,N,Y,N,Y,Y,Y,ATM,돈까스,032-880-7000,2020-05-31,3930000,경기도 안산시
시화나래조력문화관 달전망대,지방도,301,대부황금로,양방향,37.312809,126.609595,간이휴게소,10:00,22:00,932.99,0,N,N,N,N,N,N,Y,N,N,N,Y,,스테이크+수제버거+커피,032-885-7530,2020-05-31,3930000,경기도 안산시
강릉(강릉),고속국도,50,영동선,,37.75797854,128.806229,일반휴게소,00:00,23:59,85218,252,N,Y,Y,Y,N,Y,Y,N,Y,Y,Y,,,033-648-8850,2020-06-30,B500004,한국도로공사
강릉(인천),고속국도,50,영동선,,37.7593047,128.805682,일반휴게소,00:00,23:59,71026,279,N,Y,Y,Y,N,Y,Y,N,Y,Y,Y,,,033-647-9970,2020-06-30,B500004,한국도로공사
강천산(광주),고속국도,12,광주대구선,,35.36545694,127.105943,일반휴게소,00:00,23:59,17767,63,N,Y,N,Y,N,N,Y,N,Y,Y,Y,,,063-653-4033,2020-06-30,B500004,한국도로공사
강천산(대구),고속국도,12,광주대구선,,35.36440052,127.104463,간이휴게소,00:00,23:59,12365,56,N,Y,N,Y,N,Y,Y,N,Y,Y,Y,,,063-653-3050,2020-06-30,B500004,한국도로공사
거창(광주),고속국도,12,광주대구선,,35.70828623,128.057928,일반휴게소,00:00,23:59,56462,110,N,Y,Y,Y,N,N,Y,N,Y,Y,Y,,,055-943-9534,2020-06-30,B500004,한국도로공사
거창(대구),고속국도,12,광주대구선,,35.70605077,128.057267,일반휴게소,00:00,23:59,56462,86,N,Y,N,Y,N,N,Y,N,Y,Y,Y,,,055-943-0992,2020-06-30,B500004,한국도로공사
건천(부산),고속국도,1,경부선,,35.83033573,129.109325,간이휴게소,00:00,23:59,13041,146,N,Y,N,Y,N,Y,Y,N,Y,Y,Y,,,054-751-6890,2020-06-30,B500004,한국도로공사
건천(서울),고속국도,1,경부선,,35.83139735,129.109181,일반휴게소,00:00,23:59,23174,124,N,Y,N,Y,N,Y,Y,N,Y,Y,Y,,,054-751-7401,2020-06-30,B500004,한국도로공사
경산(서울),고속국도,1,경부선,,35.87869528,128.810439,일반휴게소,00:00,23:59,40171,215,Y,Y,Y,Y,N,N,Y,N,Y,Y,Y,,,053-852-5243,2020-06-30,B500004,한국도로공사
경주(부산),고속국도,1,경부선,,35.72408614,129.193321,화물차휴게소,00:00,23:59,72848,290,Y,Y,Y,Y,N,Y,Y,N,Y,Y,Y,,,054-748-3195,2020-06-30,B500004,한국도로공사
고성공룡나라(통영),고속국도,35,중부선,,35.05626681,128.252358,화물차휴게소,00:00,23:59,42488,187,N,Y,Y,Y,N,Y,Y,N,Y,Y,Y,,,055-674-7028,2020-06-30,B500004,한국도로공사
고성공룡나라(대전),고속국도,35,중부선,,35.05210818,128.262958,일반휴게소,00:00,23:59,50422,160,N,Y,Y,Y,N,Y,Y,N,Y,Y,Y,,,055-674-0494,2020-06-30,B500004,한국도로공사
고창고인돌(목포),고속국도,15,서해안선,,35.46831287,126.674231,일반휴게소,00:00,23:59,52451,294,Y,Y,Y,Y,N,N,Y,N,Y,Y,Y,,,063-561-6313,2020-06-30,B500004,한국도로공사
고창고인돌(서울),고속국도,15,서해안선,,35.46223145,126.672727,일반휴게소,00:00,23:59,114191,261,N,Y,Y,Y,N,N,Y,N,Y,Y,Y,,,063-561-6323,2020-06-30,B500004,한국도로공사
곡성(순천),고속국도,25,호남선,,35.25854255,127.150987,일반휴게소,00:00,23:59,16137,54,N,Y,Y,Y,N,N,Y,N,Y,Y,Y,,,061-363-2766,2020-06-30,B500004,한국도로공사
곡성(천안),고속국도,25,호남선,,35.25919084,127.152561,일반휴게소,00:00,23:59,24680,118,N,Y,Y,Y,N,Y,Y,N,Y,Y,Y,,,061-362-8300,2020-06-30,B500004,한국도로공사
공주(당진),고속국도,30,당진영덕선,,36.49814709,127.165284,일반휴게소,00:00,23:59,52144,178,N,Y,Y,Y,N,N,Y,N,Y,Y,Y,,,041-854-0050,2020-06-30,B500004,한국도로공사
공주(대전),고속국도,30,당진영덕선,,36.49727066,127.166691,일반휴게소,00:00,23:59,49748,188,N,Y,Y,Y,N,N,Y,N,Y,Y,Y,,,041-854-6060,2020-06-30,B500004,한국도로공사
괴산(창원),고속국도,45,중부내륙선,,36.8317868,127.959603,일반휴게소,00:00,23:59,37162,90,N,Y,Y,Y,N,Y,Y,N,Y,Y,Y,,,043-832-7966,2020-06-30,B500004,한국도로공사
괴산(양평),고속국도,45,중부내륙선,,36.83146126,127.958292,일반휴게소,00:00,23:59,38776,90,N,Y,Y,Y,N,Y,Y,N,Y,Y,Y,,,043-832-6594,2020-06-30,B500004,한국도로공사
구리(일산),고속국도,100,서울외곽선,,37.62802998,127.139195,간이휴게소,00:00,23:59,19500,144,N,Y,Y,Y,N,N,Y,N,Y,Y,Y,,,031-529-3564,2020-06-30,B500004,한국도로공사
구정(삼척),고속국도,65,동해선,,37.72235422,128.851747,일반휴게소,00:00,23:59,41920,230,N,Y,N,Y,N,N,Y,N,Y,Y,Y,,,033-644-8345,2020-06-30,B500004,한국도로공사
구정(속초),고속국도,65,동해선,,37.72268368,128.853952,일반휴게소,00:00,23:59,52345,226,N,Y,N,Y,N,Y,Y,N,Y,Y,Y,,,033-644-4760,2020-06-30,B500004,한국도로공사
군산(목포),고속국도,15,서해안선,,35.98103586,126.829270,일반휴게소,00:00,23:59,14071,151,N,Y,Y,Y,N,Y,Y,N,Y,Y,Y,,,063-453-0402,2020-06-30,B500004,한국도로공사
군산(서울),고속국도,15,서해안선,,36.01878152,126.7970215,일반휴게소,00:00,23:59,50249,226,N,Y,Y,Y,N,Y,Y,N,Y,Y,Y,,,063-453-2868,2020-06-30,B500004,한국도로공사
군위(부산),고속국도,55,중앙선,,36.26643871,128.575380,일반휴게소,00:00,23:59,36839,227,N,Y,Y,Y,N,N,Y,N,Y,Y,Y,,,054-383-6114,2020-06-30,B500004,한국도로공사
군위(춘천),고속국도,55,중앙선,,36.26571072,128.576577,일반휴게소,00:00,23:59,39273,227,N,Y,Y,Y,N,N,Y,N,Y,Y,Y,,,054-383-7114,2020-06-30,B500004,한국도로공사
금강(부산),고속국도,1,경부선,,36.27907928,127.672199,일반휴게소,00:00,23:59,17409,295,Y,Y,N,Y,N,N,Y,N,Y,Y,Y,,,043-731-2233,2020-06-30,B500004,한국도로공사
금왕(제천),고속국도,40,평택제천선,,36.96914912,127.590684,간이휴게소,00:00,23:59,42829,170,N,Y,Y,Y,N,Y,Y,N,Y,Y,Y,,,043-881-0001,2020-06-30,B500004,한국도로공사
금왕(평택),고속국도,40,평택제천선,,36.97038724,127.589650,간이휴게소,00:00,23:59,42627,170,N,Y,Y,Y,N,Y,Y,N,Y,Y,Y,,,043-877-7000,2020-06-30,B500004,한국도로공사
기흥(부산),고속국도,1,경부선,,37.23512142,127.105320,일반휴게소,00:00,23:59,72615,418,N,Y,Y,Y,N,N,Y,N,Y,Y,Y,,,031-286-5001,2020-06-30,B500004,한국도로공사
김천(부산),고속국도,1,경부선,,36.12934246,128.164904,화물차휴게소,00:00,23:59,45224,193,N,Y,Y,Y,N,Y,Y,N,Y,Y,Y,,,054-435-0211,2020-06-30,B500004,한국도로공사
김천(서울),고속국도,1,경부선,,36.13084239,128.163930,화물차휴게소,00:00,23:59,30577,163,N,Y,Y,Y,N,N,Y,N,Y,Y,Y,,,054-433-1523,2020-06-30,B500004,한국도로공사
김해금관가야,고속국도,600,부산외곽선,,35.26967509,129.0032097,일반휴게소,00:00,23:59,52100,337,N,Y,N,Y,N,N,Y,N,Y,Y,Y,,,055-312-2820,2020-06-30,B500004,한국도로공사
남성주참외(양평),고속국도,45,중부내륙선,,35.85785261,128.319489,일반휴게소,00:00,23:59,39978,136,N,Y,Y,Y,N,N,Y,N,Y,Y,Y,,,054-931-5741,2020-06-30,B500004,한국도로공사
남성주참외(창원),고속국도,45,중부내륙선,,35.8685919,128.317046,일반휴게소,00:00,23:59,38447,110,N,Y,Y,Y,N,N,Y,N,Y,Y,Y,,,054-933-7105,2020-06-30,B500004,한국도로공사
내린천(통합),고속국도,60,서울양양선,,37.91627758,128.286464,일반휴게소,00:00,23:59,88867,330,N,Y,Y,Y,N,N,Y,N,Y,Y,Y,,,033-852-8615,2020-06-30,B500004,한국도로공사
논공(광주),고속국도,12,광주대구선,,35.7672325,128.403771,일반휴게소,00:00,23:59,29234,125,N,Y,Y,Y,N,N,Y,N,Y,Y,Y,,,070-4304-0600,2020-06-30,B500004,한국도로공사
논공(대구),고속국도,12,광주대구선,,35.76517787,128.402683,일반휴게소,00:00,23:59,37766,156,N,Y,Y,Y,N,N,Y,N,Y,Y,Y,,,070-4304-0620,2020-06-30,B500004,한국도로공사
단양팔경(부산),고속국도,55,중앙선,,36.99479181,128.287387,일반휴게소,00:00,23:59,31481,112,N,Y,Y,Y,N,Y,Y,N,Y,Y,Y,,,043-423-5401,2020-06-30,B500004,한국도로공사
단양팔경(춘천),고속국도,55,중앙선,,36.94268634,128.323083,일반휴게소,00:00,23:59,79980,111,N,Y,Y,Y,N,Y,Y,N,Y,Y,Y,,,043-421-1671,2020-06-30,B500004,한국도로공사
대천(목포),고속국도,15,서해안선,,36.37321727,126.556323,일반휴게소,00:00,23:59,38519,196,Y,Y,Y,Y,N,N,Y,N,Y,Y,Y,,,041-931-6901,2020-06-30,B500004,한국도로공사
대천(서울),고속국도,15,서해안선,,36.37417944,126.557653,일반휴게소,00:00,23:59,49169,234,Y,Y,Y,Y,N,N,Y,N,Y,Y,Y,,,041-931-6801,2020-06-30,B500004,한국도로공사
덕유산(통영),고속국도,35,중부선,,35.81635604,127.645495,일반휴게소,00:00,23:59,47737,206,N,Y,Y,Y,N,N,Y,N,Y,Y,Y,,,063-353-5100,2020-06-30,B500004,한국도로공사
덕유산(대전),고속국도,35,중부선,,35.81346952,127.643769,일반휴게소,00:00,23:59,43941,193,N,Y,Y,Y,N,N,Y,N,Y,Y,Y,,,063-353-4200,2020-06-30,B500004,한국도로공사
덕평,고속국도,50,영동선,,37.24076286,127.389629,일반휴게소,00:00,23:59,182761,670,N,Y,Y,Y,N,Y,Y,Y,Y,Y,Y,,,031-645-0001,2020-06-30,B500004,한국도로공사
동명(부산),고속국도,55,중앙선,,36.00673939,128.547081,일반휴게소,00:00,23:59,28095,235,N,Y,Y,Y,N,N,Y,N,Y,Y,Y,,,054-977-6921,2020-06-30,B500004,한국도로공사
동명(춘천),고속국도,55,중앙선,,36.00609963,128.548829,일반휴게소,00:00,23:59,28096,194,N,Y,Y,Y,N,N,Y,N,Y,Y,Y,,,054-977-6901,2020-06-30,B500004,한국도로공사
동해(삼척),고속국도,65,동해선,,37.60125241,129.074487,일반휴게소,00:00,23:59,39724,86,N,Y,Y,Y,N,N,Y,N,Y,Y,Y,,,033-534-6631,2020-06-30,B500004,한국도로공사
마장(복합),고속국도,35,중부선,,37.26515169,127.4059621,일반휴게소,00:00,23:59,103000,620,N,Y,Y,Y,N,N,Y,Y,Y,Y,Y,,,031-630-0001,2020-06-30,B500004,한국도로공사
망향(부산),고속국도,1,경부선,,36.85488207,127.1813911,일반휴게소,00:00,23:59,34779,332,Y,Y,Y,Y,N,Y,Y,N,Y,Y,Y,,,041-557-4000,2020-06-30,B500004,한국도로공사
매송(목포),고속국도,15,서해안선,,37.26515566,126.8891846,화물차휴게소,00:00,23:59,80395,394,N,Y,N,Y,N,Y,Y,N,Y,Y,Y,,,031-296-1501,2020-06-30,B500004,한국도로공사
매송(서울),고속국도,15,서해안선,,37.26475527,126.8916574,화물차휴게소,00:00,23:59,87552,396,N,Y,N,Y,N,Y,Y,N,Y,Y,Y,,,031-295-1501,2020-06-30,B500004,한국도로공사
목감(서울),고속국도,15,서해안선,,37.39009185,126.8698878,간이휴게소,00:00,23:59,19800,85,N,Y,Y,N,N,N,Y,N,Y,Y,Y,,,031-411-0590,2020-06-30,B500004,한국도로공사
문경(창원),고속국도,45,중부내륙선,,36.62029388,128.1521623,화물차휴게소,00:00,23:59,74440,146,Y,Y,Y,Y,N,Y,Y,N,Y,Y,Y,,,054-554-1660,2020-06-30,B500004,한국도로공사
문경(양평),고속국도,45,중부내륙선,,36.62087443,128.1503569,화물차휴게소,00:00,23:59,58347,177,N,Y,Y,Y,N,Y,Y,N,Y,Y,Y,,,054-554-1610,2020-06-30,B500004,한국도로공사
문막(강릉),고속국도,50,영동선,,37.33539598,127.8577852,일반휴게소,00:00,23:59,42780,182,N,Y,Y,Y,N,Y,Y,Y,Y,Y,Y,,,033-731-8481,2020-06-30,B500004,한국도로공사
문막(인천),고속국도,50,영동선,,37.29780383,127.8177166,일반휴게소,00:00,23:59,18397,164,N,Y,N,Y,N,Y,Y,N,Y,Y,Y,,,033-747-8162,2020-06-30,B500004,한국도로공사
문산(순천),고속국도,10,남해선,,35.17119947,128.1523419,일반휴게소,00:00,23:59,52200,298,N,Y,Y,Y,N,Y,Y,N,Y,Y,Y,,,055-761-2820,2020-06-30,B500004,한국도로공사
백양사(순천),고속국도,25,호남선,,35.39436135,126.8057359,일반휴게소,00:00,23:59,31030,70,N,Y,Y,Y,N,Y,Y,N,Y,Y,Y,,,061-394-9990,2020-06-30,B500004,한국도로공사
백양사(천안),고속국도,25,호남선,,35.39308771,126.806989,일반휴게소,00:00,23:59,29681,70,N,Y,Y,Y,N,Y,Y,N,Y,Y,Y,,,061-394-5177,2020-06-30,B500004,한국도로공사
벌곡(논산),고속국도,251,호남지선,,36.21776841,127.2740404,일반휴게소,00:00,23:59,27840,141,N,Y,Y,Y,N,N,Y,N,Y,Y,Y,,,041-732-7694,2020-06-30,B500004,한국도로공사
벌곡(대전),고속국도,251,호남지선,,36.210494,127.270443,일반휴게소,00:00,23:59,24628,171,N,Y,Y,Y,N,N,Y,N,Y,Y,Y,,,041-734-5250,2020-06-30,B500004,한국도로공사
보성녹차(순천),고속국도,10,남해선,,34.80755539,127.181013,간이휴게소,00:00,23:59,27411,85,N,Y,Y,Y,N,Y,Y,N,Y,Y,Y,,,070-4325-8808,2020-06-30,B500004,한국도로공사
보성녹차(영암),고속국도,10,남해선,,34.81411144,127.1261346,간이휴게소,00:00,23:59,41433,71,N,Y,Y,Y,N,Y,Y,N,Y,Y,Y,,,070-4325-8801,2020-06-30,B500004,한국도로공사
부여백제(공주),고속국도,151,서천공주선,,36.25873916,126.7997716,일반휴게소,00:00,23:59,71199,95,N,Y,Y,Y,N,Y,Y,N,Y,Y,Y,,,041-833-5400,2020-06-30,B500004,한국도로공사
부여백제(서천),고속국도,151,서천공주선,,36.25792295,126.7970989,일반휴게소,00:00,23:59,72611,99,N,Y,Y,Y,N,Y,Y,N,Y,Y,Y,,,041-834-5600,2020-06-30,B500004,한국도로공사
사천(부산),고속국도,10,남해선,,35.07361484,128.0108182,일반휴게소,00:00,23:59,21205,134,N,Y,Y,Y,N,Y,Y,N,Y,Y,Y,,,055-854-3134,2020-06-30,B500004,한국도로공사
사천(순천),고속국도,10,남해선,,35.07465622,128.0126786,일반휴게소,00:00,23:59,30117,131,N,Y,Y,Y,N,Y,Y,N,Y,Y,Y,,,055-854-3547,2020-06-30,B500004,한국도로공사
산청(통영),고속국도,35,중부선,,35.33343177,127.9386366,일반휴게소,00:00,23:59,26830,104,N,Y,Y,Y,N,Y,Y,N,Y,Y,Y,,,055-973-9036,2020-06-30,B500004,한국도로공사
산청(대전),고속국도,35,중부선,,35.33367376,127.9375511,일반휴게소,00:00,23:59,30853,139,N,Y,Y,Y,N,Y,Y,N,Y,Y,Y,,,055-973-5970,2020-06-30,B500004,한국도로공사
서산(목포),고속국도,15,서해안선,,36.74297626,126.5657554,일반휴게소,00:00,23:59,61600,266,Y,Y,Y,Y,N,Y,Y,N,Y,Y,Y,,,041-688-8814,2020-06-30,B500004,한국도로공사
서산(서울),고속국도,15,서해안선,,36.73370793,126.5661034,일반휴게소,00:00,23:59,53378,213,Y,Y,Y,Y,N,Y,Y,N,Y,Y,Y,,,041-688-7714,2020-06-30,B500004,한국도로공사
서여주(창원),고속국도,45,중부내륙,,37.27864567,127.5801673,간이휴게소,00:00,23:59,51095,65,N,Y,Y,Y,N,N,Y,N,Y,Y,Y,,,031-884-9714,2020-06-30,B500004,한국도로공사
서여주(양평),고속국도,45,중부내륙,,37.279088,127.578515,간이휴게소,00:00,23:59,58111,70,N,Y,Y,Y,N,N,Y,N,Y,Y,Y,,,031-885-9760,2020-06-30,B500004,한국도로공사
서울만남(부산),고속국도,1,경부선,,37.46033915,127.0421974,일반휴게소,00:00,23:59,13845,262,N,Y,Y,Y,N,Y,Y,N,Y,Y,Y,,,02-578-3372,2020-06-30,B500004,한국도로공사
서천(목포),고속국도,15,서해안선,,36.12983176,126.6268491,일반휴게소,00:00,23:59,57948,147,N,Y,Y,Y,N,N,Y,N,Y,Y,Y,,,041-952-5757,2020-06-30,B500004,한국도로공사
서천(서울),고속국도,15,서해안선,,36.13147911,126.6274293,일반휴게소,00:00,23:59,54919,206,N,Y,Y,Y,N,N,Y,N,Y,Y,Y,,,041-952-9700,2020-06-30,B500004,한국도로공사
선산(양평),고속국도,45,중부내륙선,,36.27762304,128.2489747,일반휴게소,00:00,23:59,32460,274,N,Y,Y,Y,Y,Y,Y,N,Y,Y,Y,,,054-482-6011,2020-06-30,B500004,한국도로공사
선산(창원),고속국도,45,중부내륙선,,36.27462729,128.2508171,일반휴게소,00:00,23:59,28943,297,N,Y,Y,Y,Y,Y,Y,N,Y,Y,Y,,,054-482-6031,2020-06-30,B500004,한국도로공사
섬진강(부산),고속국도,10,남해선,,34.9848487,127.7703373,일반휴게소,00:00,23:59,18130,195,N,Y,N,Y,Y,N,Y,N,Y,Y,Y,,,061-772-7986,2020-06-30,B500004,한국도로공사
섬진강(순천),고속국도,10,남해선,,34.98524924,127.7694174,일반휴게소,00:00,23:59,15454,184,N,Y,N,Y,Y,N,Y,N,Y,Y,Y,,,061-772-7993,2020-06-30,B500004,한국도로공사
성주(양평),고속국도,45,중부내륙선,,36.00853466,128.2610302,화물차휴게소,00:00,23:59,38848,180,N,Y,N,Y,N,Y,Y,N,Y,Y,Y,,,054-933-0800,2020-06-30,B500004,한국도로공사
성주(창원),고속국도,45,중부내륙선,,36.01050651,128.260280,화물차휴게소,00:00,23:59,38631,180,N,Y,N,Y,N,Y,Y,N,Y,Y,Y,,,054-932-0800,2020-06-30,B500004,한국도로공사
속리산(청주),고속국도,30,당진영덕선,,36.44749892,127.8695771,일반휴게소,00:00,23:59,53607,150,N,Y,Y,Y,N,N,Y,N,Y,Y,Y,,,043-544-1466,2020-06-30,B500004,한국도로공사
순천(순천),고속국도,25,호남선,,35.00878995,127.4451691,간이휴게소,00:00,23:59,23306,42,N,N,Y,Y,N,Y,Y,N,Y,Y,Y,,,061-755-4982,2020-06-30,B500004,한국도로공사
시흥하늘,고속국도,100,서울외곽선,,37.38429658,126.8564084,일반휴게소,00:00,23:59,16700,560,N,Y,Y,Y,N,N,Y,Y,Y,Y,Y,,,031-481-9758,2020-06-30,B500004,한국도로공사
신탄진(서울),고속국도,1,경부선,,36.42697647,127.4181204,화물차휴게소,00:00,23:59,63846,293,Y,Y,Y,Y,N,N,Y,N,Y,Y,Y,,,042-934-2442,2020-06-30,B500004,한국도로공사
안동(부산),고속국도,55,중앙선,,36.55323759,128.6427803,일반휴게소,00:00,23:59,42822,190,N,Y,Y,Y,N,N,Y,N,Y,Y,Y,,,054-853-4370,2020-06-30,B500004,한국도로공사
안동(춘천),고속국도,55,중앙선,,36.55353849,128.644445,일반휴게소,00:00,23:59,40874,254,N,Y,Y,Y,N,N,Y,N,Y,Y,Y,,,054-853-4061,2020-06-30,B500004,한국도로공사
안성(부산),고속국도,1,경부선,,37.01379672,127.1450927,일반휴게소,00:00,23:59,28974,479,N,Y,Y,Y,N,Y,Y,N,Y,Y,Y,,,031-655-0531,2020-06-30,B500004,한국도로공사
안성(서울),고속국도,1,경부선,,37.07633491,127.1317946,일반휴게소,00:00,23:59,85692,385,N,Y,Y,Y,N,Y,Y,N,Y,Y,Y,,,031-611-5793,2020-06-30,B500004,한국도로공사
안성맞춤(제천),고속국도,40,평택제천선,,36.96819436,127.2740996,일반휴게소,00:00,23:59,66492,148,N,Y,Y,Y,N,Y,Y,N,Y,Y,Y,,,031-674-4406,2020-06-30,B500004,한국도로공사
양산(서울),고속국도,1,경부선,,36.96978292,127.2748272,일반휴게소,00:00,23:59,35779,207,N,Y,Y,Y,N,N,Y,N,Y,Y,Y,,,055-384-0144,2020-06-30,B500004,한국도로공사
언양(서울),고속국도,1,경부선,,35.32313094,129.0562702,일반휴게소,00:00,23:59,27816,170,N,Y,Y,Y,N,Y,Y,N,Y,Y,Y,,,052-263-6153,2020-06-30,B500004,한국도로공사
여산(순천),고속국도,25,호남선,,35.59816995,129.1413013,일반휴게소,00:00,23:59,51744,2,N,Y,Y,Y,N,N,Y,N,Y,Y,Y,,,063-836-5168,2020-06-30,B500004,한국도로공사
여산(천안),고속국도,25,호남선,,36.04863013,127.1030743,일반휴게소,00:00,23:59,28050,184,N,Y,Y,N,N,N,Y,N,Y,Y,Y,,,063-836-5168,2020-06-30,B500004,한국도로공사
여주(강릉),고속국도,50,영동선,,36.04853257,127.1043995,일반휴게소,00:00,23:59,52610,252,N,Y,Y,Y,N,Y,Y,Y,Y,Y,Y,,,031-882-3120,2020-06-30,B500004,한국도로공사
여주(인천),고속국도,50,영동선,,37.23862057,127.5690151,일반휴게소,00:00,23:59,47973,247,N,Y,Y,Y,N,Y,Y,N,Y,Y,Y,,,031-882-2900,2020-06-30,B500004,한국도로공사
영산(창원),고속국도,451,중부내륙지선,,37.23942734,127.5702172,일반휴게소,00:00,23:59,20609,102,N,Y,Y,Y,N,Y,Y,N,Y,Y,Y,,,055-521-2978,2020-06-30,B500004,한국도로공사
영천(대구),고속국도,20,익산포항선,,35.42957457,128.4961759,화물차휴게소,00:00,23:59,80288,304,N,Y,Y,Y,N,Y,Y,N,Y,Y,Y,,,054-338-0037,2020-06-30,B500004,한국도로공사
영천(포항),고속국도,20,익산포항선,,36.05239973,129.0449111,화물차휴게소,00:00,23:59,74442,270,N,Y,Y,Y,N,Y,Y,N,Y,Y,Y,,,054-338-0062,2020-06-30,B500004,한국도로공사
예산(당진),고속국도,30,당진영덕선,,36.05198218,129.0424079,일반휴게소,00:00,23:59,66423,150,N,Y,Y,Y,N,N,Y,N,Y,Y,Y,,,041-335-0020,2020-06-30,B500004,한국도로공사
예산(대전),고속국도,30,당진영덕선,,36.61904968,126.846087,일반휴게소,00:00,23:59,62787,119,N,Y,Y,Y,N,N,Y,N,Y,Y,Y,,,041-334-0094,2020-06-30,B500004,한국도로공사
안성맞춤(평택),고속국도,40,평택제천선,,36.62343104,126.8402653,일반휴게소,00:00,23:59,59766,141,N,Y,Y,Y,N,Y,Y,N,Y,Y,Y,,,031-673-3822,2020-06-30,B500004,한국도로공사
오수(완주),고속국도,27,순천완주선,,35.54084996,127.3096179,일반휴게소,00:00,23:59,44883,156,N,Y,Y,Y,N,N,Y,N,Y,Y,Y,,,063-644-5115,2020-06-30,B500004,한국도로공사
오수(순천),고속국도,27,순천완주선,,35.54032269,127.3114181,일반휴게소,00:00,23:59,57978,156,N,Y,Y,Y,N,N,Y,N,Y,Y,Y,,,063-644-6116,2020-06-30,B500004,한국도로공사
오창(남이),고속국도,35,중부선,,36.75839749,127.4821909,일반휴게소,00:00,23:59,11001,49,N,Y,N,Y,N,Y,Y,N,Y,Y,Y,,,043-217-1477,2020-06-30,B500004,한국도로공사
오창(하남),고속국도,35,중부선,,36.75657837,127.4815146,일반휴게소,00:00,23:59,16297,65,N,Y,N,Y,N,Y,Y,N,Y,Y,Y,,,043-217-8303,2020-06-30,B500004,한국도로공사
옥계(속초),고속국도,65,동해선,,37.61558344,129.0599387,일반휴게소,00:00,23:59,70390,230,N,Y,Y,Y,N,Y,Y,N,Y,Y,Y,,,033-534-1700,2020-06-30,B500004,한국도로공사
옥산(부산),고속국도,1,경부선,,36.65766002,127.3705931,화물차휴게소,00:00,23:59,33272,319,Y,Y,Y,Y,N,N,Y,N,Y,Y,Y,,,043-260-1053,2020-06-30,B500004,한국도로공사
옥천(만남),고속국도,1,경부선,,36.259620,127.624633,화물차휴게소,00:00,23:59,45218,169,Y,Y,N,Y,N,Y,Y,N,N,Y,N,,,043-732-0081,2020-06-30,B500004,한국도로공사
옥천(부산),고속국도,1,경부선,,36.29733301,127.5957044,화물차휴게소,00:00,23:59,43421,145,Y,Y,Y,Y,N,Y,Y,N,Y,Y,Y,,,043-731-8521,2020-06-30,B500004,한국도로공사
옥천(서울),고속국도,1,경부선,,36.2974413,127.5987093,일반휴게소,00:00,23:59,25278,126,Y,Y,Y,Y,N,Y,Y,N,Y,Y,Y,,,043-731-8097,2020-06-30,B500004,한국도로공사
와촌(포항),고속국도,20,익산포항선,,35.95228696,128.7753461,일반휴게소,00:00,23:59,41484,163,N,Y,Y,Y,N,N,Y,N,Y,Y,Y,,,053-853-1002,2020-06-30,B500004,한국도로공사
외동(부산),고속국도,65,울산포항선,,35.67237904,129.2858677,일반휴게소,00:00,23:59,27498,72,N,Y,N,Y,N,N,Y,N,Y,Y,Y,,,054-745-0637,2020-06-30,B500004,한국도로공사
외동(포항),고속국도,65,울산포항선,,35.67287492,129.2880996,일반휴게소,00:00,23:59,29069,72,N,Y,N,Y,N,N,Y,N,Y,Y,Y,,,054-745-0631,2020-06-30,B500004,한국도로공사
용인(강릉),고속국도,50,영동선,,37.24590607,127.2424965,일반휴게소,00:00,23:59,33223,286,N,Y,Y,Y,N,Y,Y,N,Y,Y,Y,,,031-339-3663,2020-06-30,B500004,한국도로공사
용인(인천),고속국도,50,영동선,,37.24792711,127.2383423,일반휴게소,00:00,23:59,32862,163,N,Y,Y,Y,N,Y,Y,N,Y,Y,Y,,,031-339-3660,2020-06-30,B500004,한국도로공사
원주(부산),고속국도,55,중앙선,,37.43510935,127.9295895,일반휴게소,00:00,23:59,48897,173,N,Y,Y,Y,N,Y,Y,N,Y,Y,Y,,,033-731-4291,2020-06-30,B500004,한국도로공사
원주(춘천),고속국도,55,중앙선,,37.43465339,127.9312851,일반휴게소,00:00,23:59,42927,188,N,Y,N,Y,N,Y,Y,N,Y,Y,Y,,,033-731-4291,2020-06-30,B500004,한국도로공사
음성(남이),고속국도,35,중부선,,37.01962255,127.4815606,일반휴게소,00:00,23:59,77783,361,N,Y,Y,Y,N,N,Y,N,Y,Y,Y,,,043-878-6410,2020-06-30,B500004,한국도로공사
음성(하남),고속국도,35,중부선,,37.02195522,127.4837727,일반휴게소,00:00,23:59,43895,260,N,Y,Y,Y,N,N,Y,N,Y,Y,Y,,,043-878-6403,2020-06-30,B500004,한국도로공사
의성(청주),고속국도,30,당진영덕선,,36.40958887,128.4474419,간이휴게소,00:00,23:59,16237,47,N,Y,Y,Y,N,N,Y,N,Y,Y,Y,,,054-862-9076,2020-06-30,B500004,한국도로공사
이서(순천),고속국도,25,호남선,,36.41085061,128.4451995,화물차휴게소,00:00,23:59,29463,90,N,Y,Y,Y,N,Y,Y,N,Y,Y,Y,,,063-227-4114,2020-06-30,B500004,한국도로공사
이서(천안),고속국도,25,호남선,,35.80396422,127.0243658,화물차휴게소,00:00,23:59,27508,91,N,Y,Y,Y,N,Y,Y,N,Y,Y,Y,,,063-236-2592,2020-06-30,B500004,한국도로공사
이천(남이),고속국도,35,중부선,,35.80203549,127.025295,일반휴게소,00:00,23:59,70002,128,N,Y,Y,Y,N,N,Y,N,Y,Y,Y,,,031-637-0987,2020-06-30,B500004,한국도로공사
이천(하남),고속국도,35,중부선,,37.26511398,127.4036901,일반휴게소,00:00,23:59,82868,244,N,Y,Y,Y,N,N,Y,N,Y,Y,Y,,,031-638-1117,2020-06-30,B500004,한국도로공사
금산인삼랜드(통영),고속국도,35,중부선,,37.29340997,127.3783401,일반휴게소,00:00,23:59,48351,237,N,Y,Y,Y,Y,Y,Y,N,Y,Y,Y,,,041-751-2892,2020-06-30,B500004,한국도로공사
금산인삼랜드(대전),고속국도,35,중부선,,36.15446462,127.4971549,일반휴게소,00:00,23:59,40492,187,N,Y,Y,Y,Y,Y,Y,N,Y,Y,Y,,,041-754-9200,2020-06-30,B500004,한국도로공사
입장거봉포도(서울),고속국도,1,경부선,,36.15361554,127.496099,화물차휴게소,00:00,23:59,81553,309,Y,Y,Y,Y,N,Y,Y,N,Y,Y,Y,,,041-588-7868,2020-06-30,B500004,한국도로공사
장유(서부산),고속국도,10,남해선,,36.9423231,127.1922163,일반휴게소,00:00,23:59,41925,107,N,Y,Y,Y,N,Y,Y,N,Y,Y,Y,,,055-313-2610,2020-06-30,B500004,한국도로공사
정읍녹두장군(순천),고속국도,25,호남선,,35.21206031,128.7942179,일반휴게소,00:00,23:59,40011,126,N,Y,Y,Y,N,N,Y,N,Y,Y,Y,,,063-532-0510,2020-06-30,B500004,한국도로공사
정읍녹두장군(천안),고속국도,25,호남선,,35.60100725,126.8620544,일반휴게소,00:00,23:59,28126,174,N,Y,Y,Y,N,N,Y,N,Y,Y,Y,,,063-532-2373,2020-06-30,B500004,한국도로공사
주암(순천),고속국도,25,호남선,,35.60051211,126.8640206,일반휴게소,00:00,23:59,28705,95,N,Y,Y,Y,N,Y,Y,N,Y,Y,Y,,,061-754-4980,2020-06-30,B500004,한국도로공사
의성(영덕),고속국도,30,당진영덕선,,35.07632577,127.2643595,간이휴게소,00:00,23:59,19101,47,N,Y,Y,Y,N,N,Y,N,Y,Y,Y,,,054-862-9252,2020-06-30,B500004,한국도로공사
주암(천안),고속국도,25,호남선,,35.07657618,127.265593,일반휴게소,00:00,23:59,25780,120,N,Y,Y,Y,N,Y,Y,N,Y,Y,Y,,,061-754-2432,2020-06-30,B500004,한국도로공사
죽암(부산),고속국도,1,경부선,,36.48685959,127.4296935,일반휴게소,00:00,23:59,29312,175,N,Y,Y,Y,N,N,Y,N,Y,Y,Y,,,043-269-0850,2020-06-30,B500004,한국도로공사
죽암(서울),고속국도,1,경부선,,36.496782,127.4304329,일반휴게소,00:00,23:59,18860,240,Y,Y,Y,Y,N,N,Y,N,Y,Y,Y,,,043-260-8035,2020-06-30,B500004,한국도로공사
죽전(서울),고속국도,1,경부선,,37.33260622,127.1042667,일반휴게소,00:00,23:59,28982,186,N,Y,N,Y,N,Y,Y,N,Y,Y,Y,,,031-262-3168,2020-06-30,B500004,한국도로공사
지리산(광주),고속국도,12,광주대구선,,35.48363738,127.5672018,일반휴게소,00:00,23:59,40224,141,N,Y,Y,Y,N,N,Y,N,Y,Y,Y,,,063-636-7195,2020-06-30,B500004,한국도로공사
지리산(대구),고속국도,12,광주대구선,,35.48103342,127.5671933,일반휴게소,00:00,23:59,61516,104,N,Y,Y,Y,N,N,Y,N,Y,Y,Y,,,063-636-7191,2020-06-30,B500004,한국도로공사
진안마이산(익산),고속국도,20,익산포항선,,35.77760651,127.4259249,일반휴게소,00:00,23:59,53532,118,N,Y,Y,Y,N,N,Y,N,Y,Y,Y,,,063-432-1380,2020-06-30,B500004,한국도로공사
진안마이산(장수),고속국도,20,익산포항선,,35.77490591,127.4257952,일반휴게소,00:00,23:59,50251,138,N,Y,Y,Y,N,N,Y,N,Y,Y,Y,,,063-432-6350,2020-06-30,B500004,한국도로공사
진영(부산),고속국도,10,남해선,,35.27835555,128.7155707,일반휴게소,00:00,23:59,22194,233,N,Y,N,Y,N,N,Y,N,Y,Y,Y,,,055-342-3236,2020-06-30,B500004,한국도로공사
진영(순천),고속국도,10,남해선,,35.27960246,128.7160475,일반휴게소,00:00,23:59,31124,188,Y,Y,Y,Y,N,N,Y,N,Y,Y,Y,,,055-342-3959,2020-06-30,B500004,한국도로공사
진주(부산),고속국도,10,남해선,,35.16008286,128.1219746,간이휴게소,00:00,23:59,93523,231,N,Y,Y,Y,N,Y,Y,N,Y,Y,Y,,,055-759-3205,2020-06-30,B500004,한국도로공사
천등산(제천),고속국도,40,평택제천선,,37.06182509,127.9394161,일반휴게소,00:00,23:59,28016,69,N,Y,Y,Y,N,Y,Y,N,Y,Y,Y,,,043-844-2991,2020-06-30,B500004,한국도로공사
천등산(평택),고속국도,40,평택제천선,,37.07663244,127.9893018,일반휴게소,00:00,23:59,16876,69,N,Y,N,Y,N,Y,Y,N,Y,Y,Y,,,043-844-2930,2020-06-30,B500004,한국도로공사
천안호두(부산),고속국도,1,경부선,,36.7305096,127.2642657,일반휴게소,00:00,23:59,17803,176,N,Y,Y,Y,N,Y,Y,N,Y,Y,Y,,,041-552-4560,2020-06-30,B500004,한국도로공사
천안삼거리(서울),고속국도,1,경부선,,36.78762594,127.172982,일반휴게소,00:00,23:59,26533,257,N,Y,Y,Y,N,Y,Y,Y,Y,Y,Y,,,041-551-2480,2020-06-30,B500004,한국도로공사
청송(청주),고속국도,30,당진영덕선,,36.45564939,129.0134464,일반휴게소,00:00,23:59,6014,51,N,Y,N,N,N,N,Y,N,Y,Y,Y,,,054-872-5910,2020-06-30,B500004,한국도로공사
청송(영덕),고속국도,30,당진영덕선,,36.45672983,129.0119302,일반휴게소,00:00,23:59,6394,51,N,Y,N,N,N,N,Y,N,Y,Y,Y,,,054-872-9101,2020-06-30,B500004,한국도로공사
청주(서울),고속국도,1,경부선,,36.71578032,127.3485993,화물차휴게소,00:00,23:59,23402,287,N,Y,Y,Y,N,Y,Y,N,Y,Y,Y,,,043-237-1700,2020-06-30,B500004,한국도로공사
청통(대구),고속국도,20,익산포항선,,35.99370847,128.8598083,일반휴게소,00:00,23:59,47354,150,N,Y,Y,Y,N,Y,Y,N,Y,Y,Y,,,054-337-5009,2020-06-30,B500004,한국도로공사
추풍령(서울),고속국도,1,경부선,,36.20060212,128.0010123,일반휴게소,00:00,23:59,16546,176,Y,Y,Y,N,N,Y,Y,N,Y,Y,Y,,,054-439-3187,2020-06-30,B500004,한국도로공사
춘천(부산),고속국도,55,중앙선,,36.19979712,128.0027541,일반휴게소,00:00,23:59,46378,209,N,Y,Y,Y,N,Y,Y,N,Y,Y,Y,,,033-264-0500,2020-06-30,B500004,한국도로공사
충주(창원),고속국도,45,중부내륙선,,37.81273536,127.7666061,일반휴게소,00:00,23:59,70169,237,N,Y,Y,Y,N,N,Y,N,Y,Y,Y,,,043-857-9339,2020-06-30,B500004,한국도로공사
충주(양평),고속국도,45,중부내륙선,,37.02286366,127.8389289,일반휴게소,00:00,23:59,63390,294,N,Y,Y,Y,N,Y,Y,N,Y,Y,Y,,,043-857-9229,2020-06-30,B500004,한국도로공사
치악(부산),고속국도,55,중앙선,,37.02230756,127.8378779,일반휴게소,00:00,23:59,45696,156,N,Y,Y,Y,N,Y,Y,N,Y,Y,Y,,,033-762-9234,2020-06-30,B500004,한국도로공사
치악(춘천),고속국도,55,중앙선,,37.25390732,128.0491398,일반휴게소,00:00,23:59,61992,136,N,Y,Y,Y,N,Y,Y,N,Y,Y,Y,,,033-762-8030,2020-06-30,B500004,한국도로공사
칠곡(부산),고속국도,1,경부선,,37.25630074,128.0485348,화물차휴게소,00:00,23:59,29675,300,Y,Y,Y,Y,N,Y,Y,N,Y,Y,Y,,,054-975-2277,2020-06-30,B500004,한국도로공사
칠곡(서울),고속국도,1,경부선,,36.0196397,128.4293847,일반휴게소,00:00,23:59,45558,257,Y,Y,Y,Y,N,N,Y,N,Y,Y,Y,,,054-975-1883,2020-06-30,B500004,한국도로공사
칠서(양평),고속국도,45,중부내륙선,,36.01222226,128.4302526,일반휴게소,00:00,23:59,22467,108,Y,Y,Y,Y,N,Y,Y,N,Y,Y,Y,,,055-587-9656,2020-06-30,B500004,한국도로공사
통도사(부산),고속국도,1,경부선,,35.37097134,128.4967287,일반휴게소,00:00,23:59,23752,117,N,Y,Y,Y,N,Y,Y,N,Y,Y,Y,,,055-383-6145,2020-06-30,B500004,한국도로공사
평사(부산),고속국도,1,경부선,,35.48864162,129.0915004,일반휴게소,00:00,23:59,44617,187,N,Y,Y,Y,N,N,Y,N,Y,Y,Y,,,053-852-8651,2020-06-30,B500004,한국도로공사
추풍령(부산),고속국도,1,경부선,,35.88579657,128.8671585,일반휴게소,00:00,23:59,26457,237,Y,Y,Y,N,N,Y,Y,N,Y,Y,Y,,,054-430-2000,2020-06-30,B500004,한국도로공사
평창(강릉),고속국도,50,영동선,,37.60582137,128.4530311,일반휴게소,00:00,23:59,24871,98,N,Y,Y,Y,N,Y,Y,N,Y,Y,Y,,,033-334-5100,2020-06-30,B500004,한국도로공사
평창(인천),고속국도,50,영동선,,37.61030302,128.4636228,일반휴게소,00:00,23:59,25690,98,N,Y,Y,Y,N,Y,Y,N,Y,Y,Y,,,033-333-6131,2020-06-30,B500004,한국도로공사
하남만남(통영),고속국도,35,중부선,,37.53075648,127.2060256,일반휴게소,00:00,23:59,29882,721,N,Y,Y,Y,N,N,Y,N,Y,Y,Y,,,031-791-4200,2020-06-30,B500004,한국도로공사
함안(부산),고속국도,10,남해선,,35.29367193,128.3467304,일반휴게소,00:00,23:59,63813,274,N,Y,Y,Y,N,N,Y,N,Y,Y,Y,,,055-582-2191,2020-06-30,B500004,한국도로공사
함안(순천),고속국도,10,남해선,,35.29411009,128.3445963,일반휴게소,00:00,23:59,61050,263,N,Y,Y,N,N,N,Y,N,Y,Y,Y,,,055-582-5470,2020-06-30,B500004,한국도로공사
함양(통영),고속국도,35,중부선,,35.55126277,127.7600938,일반휴게소,00:00,23:59,29993,107,N,Y,Y,Y,N,Y,Y,N,Y,Y,Y,,,055-963-8001,2020-06-30,B500004,한국도로공사
함양(대전),고속국도,35,중부선,,35.55132664,127.7589895,일반휴게소,00:00,23:59,20787,101,N,Y,Y,Y,N,N,Y,N,Y,Y,Y,,,055-963-8001,2020-06-30,B500004,한국도로공사
함평나비(광주),고속국도,12,무안광주선,,35.03761576,126.5114999,일반휴게소,00:00,23:59,50294,105,N,Y,Y,Y,N,Y,Y,N,Y,Y,Y,,,061-324-8840,2020-06-30,B500004,한국도로공사
함평나비(무안),고속국도,12,무안광주선,,35.03789551,126.5090396,일반휴게소,00:00,23:59,47179,105,N,Y,Y,Y,N,Y,Y,N,Y,Y,Y,,,061-324-8858,2020-06-30,B500004,한국도로공사
함평천지(목포),고속국도,15,서해안선,,35.06946398,126.478793,일반휴게소,00:00,23:59,26068,93,N,Y,N,Y,N,Y,Y,N,Y,Y,Y,,,061-323-3751,2020-06-30,B500004,한국도로공사
함평천지(서울),고속국도,15,서해안선,,35.1307711,126.4817656,일반휴게소,00:00,23:59,46847,118,N,Y,Y,Y,N,Y,Y,N,Y,Y,Y,,,061-323-3641,2020-06-30,B500004,한국도로공사
행담도,고속국도,15,서해안선,,36.944835,126.807504,일반휴게소,00:00,23:59,202440,1729,Y,Y,Y,Y,N,Y,Y,Y,Y,Y,Y,,,041-358-0702,2020-06-30,B500004,한국도로공사
현풍(대구),고속국도,45,중부내륙선,,35.70226094,128.437657,일반휴게소,00:00,23:59,21068,96,N,Y,Y,Y,N,N,Y,N,Y,Y,Y,,,053-615-0337,2020-06-30,B500004,한국도로공사
현풍(창원),고속국도,451,중부내륙지선,,35.70207246,128.4359305,일반휴게소,00:00,23:59,47569,87,N,Y,Y,Y,N,N,Y,N,Y,Y,Y,,,053-614-2436,2020-06-30,B500004,한국도로공사
홍성(목포),고속국도,15,서해안선,,36.55275163,126.5800412,일반휴게소,00:00,23:59,54324,214,N,Y,Y,Y,N,Y,Y,N,Y,Y,Y,,,041-642-1151,2020-06-30,B500004,한국도로공사
홍성(서울),고속국도,15,서해안선,,36.55303601,126.5814784,일반휴게소,00:00,23:59,49784,214,N,Y,Y,Y,N,Y,Y,N,Y,Y,Y,,,041-642-1172,2020-06-30,B500004,한국도로공사
홍천(서울),고속국도,60,서울양양선,,37.75862978,128.0064206,일반휴게소,00:00,23:59,42203,188,N,Y,Y,Y,N,N,Y,N,Y,Y,Y,,,033-436-9000,2020-06-30,B500004,한국도로공사
홍천(양양),고속국도,60,서울양양선,,37.75754634,128.0034765,일반휴게소,00:00,23:59,42378,160,N,Y,Y,Y,N,N,Y,N,Y,Y,Y,,,033-436-3000,2020-06-30,B500004,한국도로공사
홍천강(춘천),고속국도,55,중앙선,,37.71257828,127.8277631,일반휴게소,00:00,23:59,23928,142,N,Y,Y,Y,N,Y,Y,N,Y,Y,Y,,,033-435-1201,2020-06-30,B500004,한국도로공사
화서(영덕),고속국도,30,당진영덕선,,36.44450452,127.9228563,일반휴게소,00:00,23:59,64043,150,N,Y,Y,Y,N,Y,Y,N,Y,Y,Y,,,054-531-1982,2020-06-30,B500004,한국도로공사
화성(목포),고속국도,15,서해안선,,37.14500334,126.8794301,일반휴게소,00:00,23:59,81664,623,N,Y,Y,Y,N,Y,Y,N,Y,Y,Y,,,031-353-8140,2020-06-30,B500004,한국도로공사
화성(서울),고속국도,15,서해안선,,37.143566,126.8808061,일반휴게소,00:00,23:59,55517,414,N,Y,Y,Y,N,Y,Y,N,Y,Y,Y,,,031-353-8143,2020-06-30,B500004,한국도로공사
황간(부산),고속국도,1,경부선,,36.2493677,127.8544987,일반휴게소,00:00,23:59,43386,133,N,Y,Y,Y,N,N,Y,N,Y,Y,Y,,,043-742-5805,2020-06-30,B500004,한국도로공사
황간(서울),고속국도,1,경부선,,36.24899295,127.8531146,일반휴게소,00:00,23:59,32652,104,N,Y,N,Y,N,N,Y,N,Y,Y,Y,,,043-742-7633,2020-06-30,B500004,한국도로공사
황전(순천),고속국도,27,순천완주선,,35.14872085,127.454598,일반휴게소,00:00,23:59,26097,98,N,Y,Y,Y,N,N,Y,N,Y,Y,Y,,,061-782-1135,2020-06-30,B500004,한국도로공사
황전(완주),고속국도,27,순천완주선,,35.15291306,127.4546731,일반휴게소,00:00,23:59,34013,99,N,Y,Y,Y,N,N,Y,N,Y,Y,Y,,,061-782-1154,2020-06-30,B500004,한국도로공사
횡성(강릉),고속국도,50,영동선,,37.46333026,128.1344503,일반휴게소,00:00,23:59,47509,235,N,Y,Y,Y,Y,Y,Y,N,Y,Y,Y,,,033-342-4231,2020-06-30,B500004,한국도로공사
횡성(인천),고속국도,50,영동선,,37.46464534,128.1350773,일반휴게소,00:00,23:59,28345,151,N,Y,Y,Y,Y,Y,Y,N,Y,Y,Y,,,033-344-3832,2020-06-30,B500004,한국도로공사
정읍녹두장군휴게소,고속국도,25,호남선,상행,35.601456,126.862006,일반휴게소,00:00,23:59,38000,159,Y,Y,Y,Y,N,Y,Y,N,Y,Y,Y,샤워실+세탁실+수면실,복분자낙지연포탕,063-532-2373,2020-06-30,4690000,전라북도 정읍시
정읍녹두장군휴게소,고속국도,25,호남선,하행,35.599968,126.864341,일반휴게소,00:00,23:59,30000,140,Y,Y,Y,Y,N,Y,Y,N,Y,Y,Y,샤워실+세탁실+수면실,산외한우뚝배기불고기,063-532-0510,2020-06-30,4690000,전라북도 정읍시
곡성기차마을휴게소 순천방향,고속국도,25,호남고속도로,,35.25837545,127.1510125,일반휴게소,00:00,00:00,8562,,,Y,,,N,,Y,,,Y,Y,,,061-363-2766,2020-07-10,4860000,전라남도 곡성군
곡성기차마을휴게소 논산방향,고속국도,25,호남고속도로,,35.25965813,127.1526893,일반휴게소,06:00,22:00,6520,,,Y,,,N,,Y,,,Y,Y,,,061-362-8303,2020-07-10,4860000,전라남도 곡성군
옥거쉼터,지방도,795,진용로,,35.943484,127.494575,간이휴게소,09:00,20:00,10,,N,N,N,N,N,Y,Y,N,N,N,N,,,063-430-8714,2020-06-23,4730000,전라북도 진안군
와룡쉼터,군도,22,주용로,,35.953011,127.466423,간이휴게소,09:00,20:00,20,,N,N,N,N,N,Y,Y,N,N,N,N,,,063-430-8714,2020-06-23,4730000,전라북도 진안군
용평쉼터,일반국도,30,진무로,,35.876457,127.498212,간이휴게소,09:00,20:00,15,,N,N,N,N,N,Y,Y,N,N,N,N,,,063-430-8714,2020-06-23,4730000,전라북도 진안군
노성휴게소,일반국도,13,진무로,,35.893581,127.546687,간이휴게소,09:00,21:00,35,,N,N,N,N,N,Y,Y,N,N,Y,N,,커피+과자류,063-430-8714,2020-06-23,4730000,전라북도 진안군
삼락쉼터,지방도,795,진용로,,35.935451,127.530235,간이휴게소,09:00,20:00,40,,N,N,N,N,N,Y,Y,N,N,Y,N,,,063-430-8714,2020-06-23,4730000,전라북도 진안군
월포휴게소,일반국도,30,진무로,,35.876965,127.501088,간이휴게소,09:00,20:00,25,,N,N,N,N,N,Y,Y,N,N,N,N,,,063-430-8714,2020-06-23,4730000,전라북도 진안군
영종대교휴게소,고속국도,130,인천국제공항고속도로,상행,37.55377803,126.6070609,일반휴게소,08:00,20:00,10115,82,Y,Y,N,Y,N,Y,Y,N,Y,Y,Y,ATM+전시실+전망대+하이패스 무인충전기+비지니스코너+기프트샵+느린우체국,,032-560-6400,2020-07-01,3560000,인천광역시 서구
영천휴게소(포항방면),고속국도,25,대구포항고속선,,36.058218,129.042286,일반휴게소,00:00,24:00,900,300,N,Y,Y,Y,N,Y,Y,N,Y,Y,Y,,영천마늘제유덮밥,054-338-0062,2020-06-30,5100000,경상북도 영천시
영천휴게소(대구방면),고속국도,25,대구포항고속선,,35.999097,128.858356,일반휴게소,00:00,24:00,900,300,N,Y,Y,Y,N,Y,Y,N,Y,Y,Y,,영천마늘제유덮밥,054-338-0037,2020-06-30,5100000,경상북도 영천시
청통(대구방향)휴게소,고속국도,25,대구포항고속선,,35.999097,128.858356,일반휴게소,00:00,24:00,900,170,Y,Y,Y,Y,N,Y,Y,N,Y,Y,Y,,산삼배양근비빕밥,054-337-5009,2020-06-30,5100000,경상북도 영천시
진도휴게소,일반국도,18호선,진도~구례선,상행,34.568986,126.300201,일반휴게소,08:00,20:00,1863,83,N,N,N,Y,N,Y,Y,N,N,Y,Y,특산물 편의점,,061-540-6446,2020-06-23,5000000,전라남도 진도군
낙동강구미휴게소,고속국도,301,상주영천선,상행,36.346071,128.296201,일반휴게소,00:00,23:59,48338,266,N,Y,Y,Y,Y,Y,Y,N,Y,Y,Y,샤워실+세탁실+ATM+기사식당,양지버섯국밥,054-475-2971,2020-06-22,5080000,경상북도 구미시
선산(양평),고속국도,45,중부내륙선,,36.27762304,128.2489747,일반휴게소,00:00,23:59,32460,274,N,Y,Y,Y,Y,Y,Y,N,Y,Y,Y,,,054-482-6011,2020-06-22,5080000,경상북도 구미시
선산(창원),고속국도,45,중부내륙선,,36.27462729,128.2508171,일반휴게소,00:00,23:59,28943,297,N,Y,Y,Y,Y,Y,Y,N,Y,Y,Y,,,054-482-6031,2020-06-22,5080000,경상북도 구미시
초양도휴게소,일반국도,0,0,상행,34.9255272,128.0456998,일반휴게소,00:00,23:59,0,51,N,N,N,N,N,Y,Y,N,N,Y,N,파고라+탐방안내소,,055-000-0000,2020-03-03,5340000,경상남도 사천시
상개화물차휴게소,시도,광3-3,산업로,상행,35.504483,129.320659,화물차휴게소,00:00,00:00,49166,454,Y,Y,N,Y,N,Y,Y,N,N,Y,Y,샤워실+세탁실+수면실+세차장+체력단련실,,052-257-8484,2020-03-19,6310000,울산광역시
약수화물차휴게소,일반국도,7호선,산업로,하행,35.645302,129.342988,화물차휴게소,00:00,00:00,41915,370,Y,Y,N,Y,N,Y,Y,N,N,Y,Y,샤워실+세탁실+수면실+세차장+체력단련실,,052-946-2200,2020-03-19,6310000,울산광역시
단양(춘천방향)휴게소,고속국도,55,중앙선,,36.939341,128.320788,일반휴게소,00:00,24:00,79980,,,Y,Y,Y,N,Y,Y,,,Y,Y,,수제등심돈가스,043-421-1671,2020-01-02,4480000,충청북도 단양군
단양(부산방향)휴게소,고속국도,55,중앙선,,36.995355,128.287598,일반휴게소,00:00,24:00,31481,,,Y,Y,Y,N,Y,Y,,,Y,Y,,단양마늘약초갈비탕,043-423-5403,2020-01-02,4480000,충청북도 단양군
무주IC 만남의광장,군도,7호,군도7호,하행,35.974202,127.651079,일반휴게소,00:00,23:59,582,150,N,N,N,N,N,Y,Y,N,N,Y,Y,,갈비짬뽕,000-000-0000,2019-11-20,4740000,전라북도 무주군
영덕휴게소,일반국도,7번,일반국도7호선,상행,36.528948,129.403459,일반휴게소,07:00,22:00,18000,150,N,Y,N,N,N,Y,Y,N,N,Y,Y,,육개장,054-734-5980,2019-09-19,5180000,경상북도 영덕군
병곡휴게소,일반국도,7번,일반국도7호선,상행,36.606818,129.413634,일반휴게소,07:00,20:00,5000,80,N,N,N,N,N,Y,Y,N,N,Y,Y,,정식,054-732-2484,2019-09-19,5180000,경상북도 영덕군
칠보산휴게소,일반국도,7번,일반국도7호선,하행,36.632392,129.416259,일반휴게소,07:00,22:00,6000,120,N,N,N,N,N,Y,Y,N,N,Y,Y,,부페,054-734-5801,2019-09-19,5180000,경상북도 영덕군
여수화물자동차휴게소,시도,대로1-4,도시계획도로,,34.797906,127.662228,화물차휴게소,00:00,23:59,0,396,Y,Y,Y,Y,N,Y,Y,N,N,Y,Y,Y,N,061-692-9678,2019-08-31,4810000,전라남도 여수시
영종대교휴게소,고속국도,130,인천국제공항선,하행,37.553795,126.607044,일반휴게소,08:00,21:00,10115,82,N,Y,N,Y,N,Y,Y,N,Y,Y,Y,느린우체통+전망대+ATM+하이패스무인충전기,장터국밥+수제왕돈까스+전주비빕밥,032-560-6400,2019-08-27,1613000,국토교통부
정안알밤휴게소(상행),고속국도,25,호남선(천안-논산),상행,36.568514,127.113663,일반휴게소,00:00,23:59,20344,277,Y,Y,Y,Y,Y,Y,Y,N,Y,Y,Y,"ATM+산책로(지압길, 체육시설)+전망대+고객용PC+휴대폰충전기+하이패스무인충전기(하이플러스, EX)+복합기(프린터,팩스)+고속도로교통정보 모니터+와이파이공유기",왕갈비탕+정안알밤닭갈비화로구이,041-858-0562,2019-08-27,1613000,국토교통부
정안알밤휴게소(하행),고속국도,25,호남선(천안-논산),하행,36.572056,127.113535,일반휴게소,00:00,23:59,17358,332,Y,Y,Y,Y,Y,Y,Y,N,Y,Y,Y,"ATM+다람쥐공원+연못+어린이놀이터+로컬푸드코너+고객용PC+휴대폰충전기+하이패스무인충전기(하이플러스, EX)+복합기(프린터,팩스)+고속도로교통정보 모니터+와이파이공유기",왕갈비탕+알밤한우돌솥비빔밥+김치찌개,041-858-0522,2019-08-27,1613000,국토교통부
이인휴게소,고속국도,25,호남선(천안-논산),상행,36.351691,127.068272,일반휴게소,00:00,23:59,18461,194,Y,Y,Y,Y,N,Y,Y,N,Y,Y,Y,ATM+장승공원+무료와이파이+핸드폰충전기+하이패스무인충전기+프린터+팩스+고객용PC,왕갈비탕+생생돈가스,041-856-8351,2019-08-27,1613000,국토교통부
탄천휴게소,고속국도,25,호남선(천안-논산),하행,36.320162,127.071268,일반휴게소,00:00,23:59,18703,184,Y,Y,Y,Y,N,Y,Y,N,Y,Y,Y,"ATM+백제문화갤러리+공주 장선리 토실 유적지+무료와이파이+핸드폰충전기+하이패스무인충전기+프린터,팩스,고객용PC",왕갈비탕+생생돈가스,041-854-3521,2019-08-27,1613000,국토교통부
청도새마을휴게소(상행),고속국도,55,중앙선(대구-부산),상행,35.589988,128.767670,일반휴게소,00:00,23:59,61078,287,Y,Y,Y,Y,N,Y,Y,N,Y,Y,Y,샤워실+세탁실+ATM+내고장특산물코너+와이파이공유기+쓰레기통,새마을육개장,054-373-6280,2019-08-27,1613000,국토교통부
청도새마을휴게소(하행),고속국도,55,중앙선(대구-부산),하행,35.599057,128.768933,일반휴게소,00:00,23:59,53473,214,Y,Y,Y,Y,N,Y,Y,N,Y,Y,Y,전망대+샤워실+세탁실+ATM+내고장특산물코너+와이파이공유기+쓰레기통,새마을육개장,054-373-8121,2019-08-27,1613000,국토교통부
양주간이휴게소,고속국도,100,서울외곽순환선,하행,37.4046243,126.5510345,간이휴게소,00:00,23:59,5965,81,N,Y,Y,Y,Y,N,Y,N,Y,Y,Y,ATM,덕평소고기 국밥,031-871-2994,2019-08-27,1613000,국토교통부
장안휴게소(상행),고속국도,65,부산울산선,상행,35.379502,129.247713,일반휴게소,00:00,23:59,40848,167,N,Y,Y,Y,N,Y,Y,N,Y,Y,Y,ATM+특산물코너,사골버섯육개장,051-727-3714,2019-08-27,1613000,국토교통부
장안휴게소(하행),고속국도,65,부산울산선,하행,35.381913,129.247302,일반휴게소,00:00,23:59,45721,167,N,Y,Y,Y,N,Y,Y,N,Y,Y,Y,ATM+특산물코너+산책로,사골버섯육개장,051-727-3647,2019-08-27,1613000,국토교통부
가평휴게소(상행),고속국도,60,서울양양선(서울-춘천),하행,37.701486,127.543445,일반휴게소,00:00,23:59,52236,565,Y,Y,Y,Y,N,Y,Y,N,Y,Y,Y,ATM+특산물코너+야외테라스 쉼터+핸드폰 충전기+고객용 PC 및 프린터+고객 도움벨,가평잣소고기국밥+가평잣산채비빔밥+해물순두부찌개,031-584-1425,2019-08-27,1613000,국토교통부
가평휴게소(하행),고속국도,60,서울양양선(서울-춘천),상행,37.702608,127.546298,일반휴게소,00:00,23:59,52697,581,Y,Y,Y,Y,N,Y,Y,Y,Y,Y,Y,ATM+애견파크+야외테라스 쉼터+핸드폰 충전기+고객용 PC 및 프린터+고객 도움벨,가평잣소고기국밥+가평잣산채비빔밥+해물순두부찌개,031-584-1426,2019-08-27,1613000,국토교통부
오산휴게소(상행),고속국도,400,수도권제2순환선(봉담-동탄),상행,37.178892,127.036575,일반휴게소,00:00,23:59,51647,192,N,Y,Y,Y,N,Y,Y,N,Y,Y,Y,ATM,곤드레돌솥비빔밥+짬뽕순두부찌개,031-370-5550,2019-08-27,1613000,국토교통부
오산휴게소(하행),고속국도,400,수도권제2순환선(봉담-동탄),하행,37.175917,127.038088,일반휴게소,00:00,23:59,62167,244,N,Y,Y,Y,N,Y,Y,N,Y,Y,Y,ATM,곤드레돌솥비빔밥+짬뽕순두부찌개,031-370-5500,2019-08-27,1613000,국토교통부
송산포도휴게소,고속국도,153,평택시흥선,양방향,37.234958,126.760237,일반휴게소,00:00,23:59,116726,586,N,Y,Y,Y,N,Y,Y,N,Y,Y,Y,"샤워실+세탁실+ATM+특산물+하이패스무인충전기+와이파이존+공기청정기+식권무인발매기+고객용PC 및 프린터, FAX, 핸드폰충전기+셀프코너(주유소)",송산이네 우리콩 된장찌개+송산포도호두과자,031-355-1564,2019-08-27,1613000,국토교통부
경기광주휴게소(상행),고속국도,52,광주원주선,상행,37.380758,127.425385,일반휴게소,00:00,23:59,38613,252,N,Y,Y,Y,N,Y,Y,N,Y,Y,Y,고객용PC+ATM+휴대폰충전기+하이패스무인충전기+프린터+ FAX,소머리곰탕+교동짬뽕,031-8027-3945,2019-08-27,1613000,국토교통부
경기광주휴게소(하행),고속국도,52,광주원주선,하행,37.379740,127.436260,일반휴게소,00:00,23:59,38897,242,N,Y,Y,Y,N,Y,Y,N,Y,Y,Y,고객용PC+ATM+휴대폰충전기+하이패스무인충전기+프린터+ FAX,소불고기반상+갑오징어와제육불고기쌈밥,031-8027-3940,2019-08-27,1613000,국토교통부
양평휴게소(상행),고속국도,52,광주원주선,상행,37.399238,127.723546,일반휴게소,00:00,23:59,34768,222,N,Y,N,Y,N,Y,Y,N,Y,Y,Y,고객용PC+ATM+휴대폰충전기+하이패스무인충전기+프린터+ FAX,양평가마솥장터국밥+양평궁중비빔밥,031-8027-2191,2019-08-27,1613000,국토교통부
양평휴게소(하행),고속국도,52,광주원주선,하행,37.397226,127.726705,일반휴게소,00:00,23:59,34485,280,N,Y,N,Y,N,Y,Y,N,Y,Y,Y,고객용PC+ATM+휴대폰충전기+하이패스무인충전기+프린터+ FAX,양평가마솥장터국밥+양평궁중비빔밥,031-8027-2172,2019-08-27,1613000,국토교통부
낙동강의성휴게소,고속국도,301,상주영천선,하행,36.343660,128.300492,일반휴게소,00:00,23:59,48351,266,N,Y,Y,Y,Y,Y,Y,N,Y,Y,Y,샤워실+세탁실+ATM+기사식당,의성마늘돈까스,054-475-2975,2019-08-27,1613000,국토교통부
낙동강구미휴게소,고속국도,301,상주영천선,상행,36.346071,128.296200,일반휴게소,00:00,23:59,48338,266,N,Y,Y,Y,Y,Y,Y,N,Y,Y,Y,샤워실+세탁실+ATM+기사식당,양지버섯국밥,054-475-2971,2019-08-27,1613000,국토교통부
군위영천휴게소,고속국도,301,상주영천선,하행,36.071348,128.708164,일반휴게소,00:00,23:59,53830,261,N,Y,Y,Y,N,Y,Y,N,Y,Y,Y,샤워실+세탁실+ATM+기사식당,추억의 도시락,054-383-8448,2019-08-27,1613000,국토교통부
삼국유사군위휴게소,고속국도,301,상주영천선,상행,36.079721,128.696781,일반휴게소,00:00,23:59,52679,261,N,Y,Y,Y,N,Y,Y,N,Y,Y,Y,샤워실+세탁실+ATM+기사식당,추억의 도시락,054-383-8778,2019-08-27,1613000,국토교통부
별내휴게소,고속국도,29,세종포천선(구리-포천),하행,37.7068902,127.126789,일반휴게소,00:00,23:59,41358,247,N,Y,Y,Y,N,Y,Y,N,Y,Y,Y,샤워실+세탁실+수면실+ATM,남양주식불고기비빔밥,031-524-9773,2019-08-27,1613000,국토교통부
의정부휴게소,고속국도,29,세종포천선(구리-포천),상행,37.435893,127.114709,일반휴게소,00:00,23:59,39616,259,N,Y,Y,Y,N,Y,Y,N,Y,Y,Y,샤워실+세탁실+수면실+ATM,의정부부대찌개,031-928-4113,2019-08-27,1613000,국토교통부
증평 인삼관광휴게소,지방도,510,지방도,,36.795296,127.587986,간이휴게소,00:00,24:00,12358,,N,N,N,Y,N,Y,Y,N,N,Y,Y,,,043-835-3761,2018-08-23,5570000,충청북도 증평군
