재활용센터명,재활용센터운영구분,소재지도로명주소,소재지지번주소,위도,경도,면적,설립년월,차량보유대수,주요취급품목정보,운영기관명,운영기관전화번호,운영기관대표자명,평일운영시작시각,평일운영종료시각,공휴일운영시작시각,공휴일운영종료시각,휴무일정보,애프터서비스정보,홈페이지주소,관리기관전화번호,관리기관명,데이터기준일자,제공기관코드,제공기관명
대영기업,위탁,울산광역시 남구 여천로 174,울산광역시 남구 여천동 1460,35.5259549,129.352975,2288.29,2091-12,13,"합성수지, 파지, 고철외",대영기업,052-260-9944,김영효,08:00,17:30,08:00,17:30,매주일요일,,,052-241-7812,울산광역시 북구청,2019-09-04,3720000,울산광역시 북구
포항시재활용선별장,위탁,경상북도 포항시 남구 서원재로 45,경상북도 포항시 남구 호동 65,35.986793,129.389004039,2070,2013-04,8,"종이, 플라스틱류, 캔류, 병류 등",포항시시설관리공단,054-280-9332,김상윤,08:00,17:00,08:00,17:00,,,http://www.phsisul.org/,054-270-3193,포항시청 자원순환과,2019-07-31,5020000,경상북도 포항시
종합리싸이클링타운,위탁,전라북도 전주시 완산구 삼산길 51-24,전라북도 전주시 완산구 삼천동3가 749-5,35.7998258091,127.073693175,44160,2016-09,0,"플라스틱류, 고철.캔,유리병, 비닐류 등",전주리싸이클링에너지㈜,063-250-8035,최성욱,08:00,17:00,08:00,17:00,"토(격주),일, 명절",,,063-281-2836,전라북도 전주시청,2019-05-31,4640000,전라북도 전주시
고창군 재활용선별시설,직영,전라북도 고창군 아산면 인천강변로201-95,전라북도 고창군 아산면 계산리 680-5,35.45362712,126.6199411,1056,2019-01,1,"프라스틱, 캔, 고지등",고창군청,063-560-2892,유기상,08:00,17:00,00:00,00:00,평일운영,해당없음,해당없읍,063-560-2892,고창군청,2019-06-20,4780000,전라북도 고창군
여수시 재활용품선별장,직영,전라남도 여수시 진달래길 310-157(월내동),전라남도 여수시 월내동 200-5번지,34.8480823,127.7392722,1211,2011-01,0,"폐지, 고철, 철캔, 알루미늄캔, 유리병, 잡병, 페트병, 플라스틱류, 스티로폼",전라남도 여수시,061-659-3839,권오봉,09:00,18:00,00:00,00:00,"토, 일, 공휴일",해당없음,해당없음,061-659-3839,전라남도 여수시청,2019-06-26,4810000,전라남도 여수시
강서재활용센터,직영,서울특별시 강서구 화곡로35길 1,서울특별시 강서구 화곡동 111-81,37.545155,126.844155,330,2017-07,1,가전 가구 사무용품 등,강서재활용센터,02-2602-0505,조진환,09:00,19:00,09:00,17:00,문의,,,02-2600-4090,서울특별시 강서구청,2019-06-27,3150000,서울특별시 강서구
강서구재활용센터,직영,서울특별시 강서구 방화대로336,서울특별시 강서구 방화동 257-19,37.5707511,126.816916,500,2017-02,2,가전 가구 사무용품 등,강서구재활용센터,02-2666-7262,장세창,09:00,19:00,09:00,19:00,문의,,,02-2600-4090,서울특별시 강서구청,2019-06-27,3150000,서울특별시 강서구
친환경재활용센터,직영,서울특별시 강서구 강서로134(정원사빌딩1층),서울특별시 강서구 화곡동 404-5,37.5390045,126.8425219,330,2017-03,1,가전 가구 사무용품 등,친환경재활용센터,02-2697-2449,윤창석,08:00,19:00,09:00,17:00,문의,,relive.co.kr,02-2600-4090,서울특별시 강서구청,2019-06-27,3150000,서울특별시 강서구
강서중고재활용센터,직영,서울특별시 강서구 강서로68길23,서울특별시 강서구 등촌동 685,37.5664490,126.842261,495,2017-11,1,가전 가구 사무용품 등,강서중고재활용센터,02-3662-8545,원정구,09:00,19:00,09:00,17:00,문의,,recycleshop.kr,02-2600-4090,서울특별시 강서구청,2019-06-27,3150000,서울특별시 강서구
강동구가전가구재활용센터,위탁,서울특별시 강동구 동남로 930,서울특별시 강동구 고덕동 302,37.5569964262,127.1569746472,1653,2095-05,6,중고가전가구 생활용품 판매,㈜리싸이클시티,02-427-8425,문대왕,10:00,19:00,10:00,19:00,"구정, 추석 당일만",3~6개월,rety.co.kr,02-3425-5880,강동구청 청소행정과,2019-06-19,3240000,서울특별시 강동구
천안시 재활용센터,위탁,충청남도 천안시 동남구 천안천6길 59-19,충청남도 천안시 동남구 신부동 932,36.820064,127.150724,397.23,2003-03,2,"의류,가전,사무용품,가구등",천안지역자활센터,041-568-7171,한동희,09:00,19:00,00:00,00:00,"일요일,공휴일",판매일로부터 6개월 무상수리,없음,041-521-5424,충청남도 천안시,2019-06-18,4490000,충청남도 천안시
횡성군재활용선별장,위탁,강원도 횡성군 횡성읍 학오로 89,강원도 횡성군 횡성읍 학곡리 258,37.5103154,127.9705144,450,2007-11,0,"플락스틱, 고철, 캔, 파지 등",횡성군지역자활센터,033-345-7132,박성길,09:00,18:00,00:00,00:00,"주말, 공휴일",,없음,033-340-5913,횡성군청,2019-06-13,4260000,강원도 횡성군
상주시 재활용품선별장,직영,경상북도 상주시 영남제일로 1408-51,,36.4239403921,128.190715054,991.57,2004-07,2,"가정용 스티로폼, 플라스틱, PET, 파병, 고철",상주시청,,,06:00,16:00,06:00,10:00,"일요일, 국가공휴일",,,054-537-7371,환경관리과,2019-05-27,5110000,경상북도 상주시
과천시 재활용센터,위탁,경기도 과천시 구리안로 177 자원정화센터 내 홍보관 1층,경기도 과천시 갈현동 205-1,37.4078767,126.9924484,396,2099-12,2,"가전, 가구",처분이사,02-507-8946,홍용학,09:00,19:00,09:00,19:00,일요일,없음,없음,02-3677-2253,과천시,2019-05-08,3970000,경기도 과천시
서초구재활용센터,위탁,서울특별시 서초구 양재대로12길 73-19,서울특별시 서초구 원지동 23,37.4594108,127.0406767,472.87,2019-11,4,"냉장고, 세탁기, TV, 냉난방기, 가구, 소파 등",(사)한국생활자원재활용협회,02-571-7272,유익조,09:00,18:30,09:00,18:30,"매주 일요일, 설 또는 추석명절",판매일로부터 6개월이내 무상 수리,http://www.서초구5717272.com,02-2155-6743,서울특별시 서초구청,2019-05-17,3210000,서울특별시 서초구
포천시 환경자원센터,직영,경기도 포천시 신북면 신평로16번길 207,경기도 포천시 신북면 만세교리 101,37.967631,127.243634,18000.00,2004-02,2,생활폐기물(재활용품),경기도 포천시청,031-538-2244,포천시장,09:00,18:00,00:00,00:00,공휴일,,,031-538-2244,경기도 포천시청,2019-05-10,5600000,경기도 포천시
화성그린환경센터 재활용선별시설,위탁,경기도 화성시 봉담읍 하가등안길 100,경기도 화성시 봉담읍 하가등리 107-1번지,37.1526679,126.9383801,3513.88,2010-05,2,재활용쓰레기,㈜알엠,070-4338-6916,임범진,06:30,15:30,06:30,15:30,,,,031-369-6824,화성시 자원순환과,2019-04-22,5530000,경기도 화성시
은평구 재활용센터,위탁,서울특별시 은평구 수색로24길 16,서울특별시 은평구 수색동 293-13,37.592170000,126.884250000,497,1995-06,2,"가구류,가전제품",사단법인 한국생활자원 재활용 협회 은평구지회,02-372-8272,김명종,09:00,18:00,00:00,00:00,"명절전일 및 당일 휴무,일요일",구입일로부터 6개월,http://www.eprecycle.kr/,02-372-8272,서울특별시 은평구청,2019-03-31,3110000,서울특별시 은평구
광진구 재활용센터,위탁,서울특별시 광진구 자양로15길60,서울특별시 광진구 자양1동 612-44,37.535230,127.080400,197,1995-06,2,"재활용 가전, 가구",한국리사이클링,02-497-7272,이재호,09:00,19:00,09:00,19:00,연중무휴,,,02-450-1375,서울특별시 광진구청,2019-02-28,3040000,서울특별시 광진구
철원군 재활용센터,직영,강원도 철원군 철원읍 독서당길 305,강원도 철원군 철원읍 율이리 500,38.132702,127.101052,1273.68,2007-10,1,재활용품,철원군,033-450-5572,환경자원사업소장,09:00,18:00,00:00,00:00,,,www.cwg.go.kr,033-450-5572,철원군,2018-08-21,4300000,강원도 철원군
덕적면 문갑 재활용 선별장,직영,인천광역시 옹진군 덕적면 문갑로 61,인천광역시 옹진군 덕적면 문갑리 74-18,37.1724959634,126.1073330392,96.05,2009-06,0,"재활용품(종이류,고철류,캔류,병류,플라스틱류,필름류,스티로폼류 등)",인천광역시 옹진군 덕적면,032-899-3740,조윤길,09:00,18:00,09:00,13:00,일요일,,,032-899-2620,인천광역시 옹진군,2019-06-28,3580000,인천광역시 옹진군
덕적면 백아 재활용 선별장,직영,,인천광역시 옹진군 덕적면 백아리 149-6,37.076451,125.9442335124,59.5,2009-06,0,"재활용품(종이류,고철류,캔류,병류,플라스틱류,필름류,스티로폼류 등)",인천광역시 옹진군 덕적면,032-899-3740,조윤길,09:00,18:00,09:00,13:00,일요일,,,032-899-2620,인천광역시 옹진군,2019-06-28,3580000,인천광역시 옹진군
덕적면 울도 재활용 선별장,직영,인천광역시 옹진군 덕적면 울도로 182번길 8-1,인천광역시 옹진군 덕적면 울도리 산42-1,37.0257953390,125.9966876276,69,2009-06,0,"재활용품(종이류,고철류,캔류,병류,플라스틱류,필름류,스티로폼류 등)",인천광역시 옹진군 덕적면,032-899-3740,조윤길,09:00,18:00,09:00,13:00,일요일,,,032-899-2620,인천광역시 옹진군,2019-06-28,3580000,인천광역시 옹진군
자월면 자월 재활용 선별장,직영,인천광역시 옹진군 자월면 자월서로 78,인천광역시 옹진군 자월면 자월리 416-5,37.2499194422,126.3151763724,471,2007-04,3,"재활용품(종이류,고철류,캔류,병류,플라스틱류,필름류,스티로폼류 등)",인천광역시 옹진군 자월면,032-899-3750,조윤길,09:00,18:00,09:00,13:00,일요일,,,032-899-2620,인천광역시 옹진군,2019-06-28,3580000,인천광역시 옹진군
자월면 대이작 재활용 선별장,직영,인천광역시 옹진군 자월면 대이작로 159번길 127,인천광역시 옹진군 자월면 이작리 394-3,37.1746845154,126.2648659792,1351,2012-11,0,"재활용품(종이류,고철류,캔류,병류,플라스틱류,필름류,스티로폼류 등)",인천광역시 옹진군 자월면,032-899-3750,조윤길,09:00,18:00,09:00,13:00,일요일,,,032-899-2620,인천광역시 옹진군,2019-06-28,3580000,인천광역시 옹진군
자월면 승봉 재활용 선별장,직영,인천광역시 옹진군 자월면 승봉로29번길 100-13,인천광역시 옹진군 자월면 승봉리 771-3,37.1728466779,126.2963751346,128.5,2013-03,0,"재활용품(종이류,고철류,캔류,병류,플라스틱류,필름류,스티로폼류 등)",인천광역시 옹진군 자월면,032-899-3750,조윤길,09:00,18:00,09:00,13:00,일요일,,,032-899-2620,인천광역시 옹진군,2019-06-28,3580000,인천광역시 옹진군
영흥면 재활용 선별장,직영,인천광역시 옹진군 영흥면 영흥남로110번길 116,인천광역시 옹진군 영흥면 외리 81-2,37.2498232725,126.4667490715,312,2009-01,4,"재활용품(종이류,고철류,캔류,병류,플라스틱류,필름류,스티로폼류 등)",인천광역시 옹진군 영흥면,032-899-3820,조윤길,09:00,18:00,09:00,13:00,일요일,,,032-899-2620,인천광역시 옹진군,2019-06-28,3580000,인천광역시 옹진군
공주시 재활용센터,직영,충청남도 공주시 봉황로 125,충청남도 공주시 교동 120,36.4568483374,127.1207351918,30,2016-02,0,재활용품,공주시청,041-852-1006,김정섭,13:00,18:00,00:00,00:00,"토요일,일요일,공휴일",,,041-840-8582,공주시청,2019-09-25,4500000,충청남도 공주시
함평군환경관리센터,직영,전라남도 함평군 함평읍 주포로 170-9,전라남도 함평군 함평읍 장년리 581,35.0910175254,126.4804106558,25368,2000-03,15,생활쓰레기,함평군,061-320-3684,함평군수,06:00,17:00,00:00,00:00,-,-,,061-320-3684,함평군,2019-09-24,4960000,전라남도 함평군
영덕군재활용선별장,직영,경상북도 영덕군 강구면 하저길 139-1,경상북도 영덕군 강구면 하저리 산103,36.4126414012,129.38966637,600,2009-06,2,종이류외 9종,경상북도 영덕군청,054-730-6204,영덕군수,07:00,16:00,07:00,16:00,"토,일,공휴일",,,054-730-6204,경상북도 영덕군청,2019-09-19,5180000,경상북도 영덕군
농촌폐기물종합처리시설,직영,전라남도 담양군 담양읍 태봉로 228-73,전라남도 담양군 담양읍 삼만리 410,35.3362996870,127.0001539932,46.704,2096-10,1,"세탁기,냉장고,가구,신발 등",담양군,,,09:00,18:00,00:00,00:00,공휴일,,http://www.damyang.go.kr/index.damyang,061-380-3079,담양군청,2019-09-17,4850000,전라남도 담양군
자원관리센터,직영,충청북도 증평군 도안면 천광길 125,충청북도 증평군 도안면 광덕리 49,36.842481,127.633583,330,1995-01,0,종이류외8종,증평군,043-835-4292,증평군수,09:00,18:00,09:00,18:00,토요일,,,043-835-4292,충청북도 증평군청,2019-09-11,5570000,충청북도 증평군
오산시 자원재활용센터,직영,경기도 오산시 오산천로 3-35,경기도 오산시 누읍동 196-4,37.1331373178,127.0586925572,10645,2005-12,15,"생활쓰레기, 재활용품 등",경기도 오산시청,031-8036-6453,오산시장 곽상욱,05:00,18:00,05:00,13:00,일요일,,,031-8036-6453,경기도 오산시청,2019-08-05,4000000,경기도 오산시
모음과나눔,직영,경기도 가평군 가평읍 가화로 75-1,경기도 가평군 가평읍 대곡리 233-4,37.826593,127.514787,46.08,2009-11,0,"의류, 도서, 소형가전, 신발, 문구, 잡화",가평군청 환경과,031-581-0396,가평군수 김성기,09:00,18:00,00:00,00:00,공휴일 휴무,없음,없음,031-580-2552,가평군청,2019-09-18,4160000,경기도 가평군
광명시재활용센터,위탁,경기도 광명시 금당로 47,경기도 광명시 하안동 110-7(하안12단지),37.4600178,126.8832081,660.1,2002-05,1,"재활용 가전, 가구",이성춘,02-891-2543,이성춘,09:00,19:00,10:00,18:00,"1,3주 일요일",판매일로부터 3개월이내 무상수리,,02-2680-6384,경기도 광명시청,2019-09-09,3900000,경기도 광명시
대영기업,위탁,울산광역시 남구 여천로 174,울산광역시 남구 여천동 1460,35.5259549,129.352975,2288.29,2091-12,13,"합성수지, 파지, 고철외",대영기업,052-260-9944,김영효,08:00,17:30,08:00,17:30,매주일요일,,,052-241-7812,울산광역시 북구청,2019-09-18,6310000,울산광역시
울주군 재활용품 선별장,직영,울산광역시 울주군 온산읍 화산로 113-11,울산광역시 울주군 온산읍 화산리 산 176-5,35.4194608,129.3287862,1432,2094-04,1,"폐합성수지, 종이류, 플라스틱, 고철, 캔류 등",울산광역시 울주군청,052-204-2153,울주군수,09:00,18:00,00:00,00:00,"매주토요일,일요일 및 법정공휴일",,,052-204-2153,울산광역시 울주군청,2019-09-18,6310000,울산광역시
중랑구재활용센터,위탁,서울특별시 중랑구 면목로 377,서울특별시 중랑구 면목본동 504-5,37.5856701,127.0881513,916.72,2095-09,3,"가전제품, 가구",중랑구 재활용센터㈜,02-435-7272,이진기,09:00,19:00,09:00,19:00,일요일,가전제품 구매 시 6개월까지 무료서비스,http://www.jj7272.com,02-2094-1947,중랑구청,2019-09-18,3060000,서울특별시 중랑구
영등포구 재활용센터 제2관,위탁,서울특별시 영등포구 대방천로 207,서울특별시 영등포구 신길동 3937-10,37.498725,126.913851,470,1998-04,1,"가전, 가구류 등",(사)한국자원재생재활용연합회,02-836-7289,이재구,09:00,19:00,09:00,18:00,"연중무휴(설, 추석 제외)","가전제품 6개월 무상 A/S (단, 소비자 사용 부주의시 제외)",http://zungo.co.kr/d_sub_frame.php,02-2670-3486,영등포구청 청소과,2019-05-02,3180000,서울특별시 영등포구
영등포구 재활용센터 제1관,위탁,서울특별시 영등포구 당산로 29길 9,서울특별시 영등포구 당산동 3가 447,37.525939,126.893968,707.3,1995-09,3,"가전, 가구류 등",(사)한국자원재생재활용연합회,02-2675-7289,이재구,09:00,19:00,09:00,18:00,"연중무휴(설, 추석 제외)","가전제품 6개월 무상 A/S (단, 소비자 사용 부주의시 제외)",http://www.jgmarket.co.kr/shop/main/index.php,02-2670-3486,영등포구청 청소과,2019-05-02,3180000,서울특별시 영등포구
금천구재활용센터,위탁,서울특별시 금천구 시흥대로 182,서울특별시 금천구 시흥동 903-5,37.45017338,126.90277280,661,1996-01,2,"가전제품류, 가구류, 의류, 도서 등",㈜시흥가구백화점,02-802-7282,권지섭,09:00,21:00,09:00,21:00,,,,02-2627-1482,서울시 금천구청,2019-08-30,3170000,서울특별시 금천구
독산동재활용센터,위탁,서울특별시 금천구 독산로 303,서울특별시 금천구 독산동 990-2,37.47373910,126.90308040,413,1999-12,2,"가전제품류, 가구류, 의류, 도서 등",금천구 재활용 센터,02-863-7282,유명종,09:00,19:00,09:00,17:00,,,www.jungo7282.co.kr,02-2627-1482,서울시 금천구청,2019-08-30,3170000,서울특별시 금천구
평택시서부재활용센터,위탁,경기도 평택시 안중읍 서동대로 1731-3,경기도 평택시 안중읍 안중리 172-1,36.9920648098,126.9401848499,184.86,1999-12,1,"가전제품, 가구류 등",서부재활용센터,031-681-2707,황규호,09:00,18:00,00:00,00:00,,판매일로부터 6개월이내 무상 수리,X,031-8024-3767,경기도 평택시청,2020-07-02,3910000,경기도 평택시
성남시 재활용선별장,위탁,경기도 성남시 분당구 탄천로 247,경기도 성남시 분당구 야탑동 404,37.4138929,127.1183866,11049,1998-04,5,"파지,공병,파병,고철,폐비닐,플라스틱,스티로폼,헌옷 등","엠엔테크㈜, ㈜에스지자원개발",031-707-6470,오명석,08:00,17:00,00:00,00:00,"매주 일요일, 공휴일",,,031-729-3202,경기도 성남시청,2020-07-01,3780000,경기도 성남시
광주광역시 서구 재활용선별장,위탁,광주광역시 서구 서창둑길 166(세하동),광주광역시 서구 세하동 765,35.1215100507,126.8264282116,1680,1999-01,6,"스티로폼,플라스틱,캔 외 재활용가능자원",㈜희망자원,062-374-9446,정향자,09:00,18:00,00:00,00:00,공휴일 미운영,,,062-360-7667,광주광역시 서구청,2020-07-08,6290000,광주광역시
광주광역시 북구 재활용선별장,위탁,광주광역시 북구 삼소로 205(대촌동),광주광역시 북구 대촌동 753-1,35.2372334937,126.8569255607,324,2020-11,0,"스티로폼,잡병 등 재활용가능자원",성우환경㈜,062-572-1336,최봉주,09:00,18:00,00:00,00:00,공휴일 미운영,,,062-410-6521,광주광역시 북구청,2020-07-08,6290000,광주광역시
광주광역시 동구 재활용선별장,직영,광주광역시 동구 남문로 486(소태동),광주광역시 동구 소태동 189-1,35.1150483773,126.936147,410,2020-02,1,"스티로폼,플라스틱,캔 외 재활용가능자원",광주광역시 동구청,062-608-2522,김성환,09:00,18:00,00:00,00:00,공휴일 미운영,,,062-608-2522,광주광역시 동구청,2020-07-08,6290000,광주광역시
춘천시 도시형종합폐기물처리시설 재활용선별센터,위탁,강원도 춘천시 신동면 한치로 681-1,강원도 춘천시 신동면 혈동리 548-7,37.7995132770,127.6836076987,3245.09,2012-01,3,"재활용품 (종이류, 플라스틱류, 스티로폼류, 캔류, 고철류 등)",한라산업개발주식회사,033-262-0216,최영수,08:30,17:30,08:30,17:30,"공휴일 및 토,일요일",,,033-245-5229,강원도 춘천시청,2020-07-08,4180000,강원도 춘천시
서산시 재활용 센터(녹색가게),위탁,"충청남도 서산시 시장1로 4-4, 2층","충청남도 서산시 동문동 903-6, 2층",36.7817632309,126.4552852263,249.38,2016-03,1,"중고 의류, 재활용 장난감, 도서, 잡화 등",서산 YMCA,041-664-0848,조문상,10:00,16:00,00:00,00:00,"토요일, 일요일",선택,선택,041-660-2338,충청남도 서산시청,2020-06-22,4530000,충청남도 서산시
강릉시자원순환센터,직영,강원도 강릉시 강동면 임곡로 557-13,강원도 강릉시 강동면 임곡리 산25,37.6926679659,128.9879446729,2085.45,2007-06,3,"페트병,고철,공병,프라스틱,폐지,알루미늄캔,파병,잡병",강원도 강릉시,033-660-3391,강릉시장,08:00,17:00,00:00,00:00,"일,공휴일",해당없음,해당없음,033-660-3391,강원도 강릉시청,2020-07-03,4200000,강원도 강릉시
충주시클린센터,직영,"충청북도 충주시 낙수당1길 41(칠금동, 클린센터)",충청북도 충주시 칠금동 420-3,36.98235533,127.9016585,100,2005-08,6,"세탁기, 냉장고, 가구 등",충주시,043-850-6991,서병열,09:00,18:00,00:00,00:00,"매주 일요일, 공휴일",,,043-850-6922,충청북도 충주시청,2020-06-30,4390000,충청북도 충주시
관악구 재활용센터(봉천점),위탁,서울특별시 관악구 남부순환로 1663,서울특별시 관악구 봉천동 959-3,37.4851166,126.9355290662,718.6,2017-06,2,가전제품+가구,관악구 지정 재활용센터(봉천점),02-883-0858,이재호,09:00,19:00,09:00,18:00,"명절연휴,일요일",가전제품 6개월,www.remarketg.co.kr,02-879-6224,서울특별시 관악구청,2020-06-03,3200000,서울특별시 관악구
관악구 재활용센터(신림점),위탁,서울특별시 관악구 남부순환로 1494,서울특별시 관악구 신림동 1570-2,37.4819024474,126.9165961807,729.98,2018-01,2,가전제품+가구,관악구 지정 재활용센터(신림점),02-842-8425,표택은,09:00,19:30,09:00,18:00,"명절연휴,일요일","소형가전 3개월, 대형가전6개월",www.recy.co.kr,02-879-6224,서울특별시 관악구청,2020-06-03,3200000,서울특별시 관악구
관악구 재활용센터(신림2점),위탁,서울특별시 관악구 신림로 202,서울특별시 관악구 신림동 96-48,37.4754207526,126.9372603462,261.52,2001-01,1,가전제품+가구,관악구 지정 재활용센터(신림2점),02-877-1140,김태훈,10:00,21:00,10:00,18:00,"명절연휴,일요일","소형가전 1개월, 대형가전3개월",www.addnara.com,02-877-1140,서울특별시 관악구청,2020-06-03,3200000,서울특별시 관악구
해운대구자원재활용센터,직영,부산광역시 해운대구 석대천로118(반여동),부산광역시 해운대구 반여동 1502-77,35.21765981,129.1375089,6632,2098-12,2,"플라스틱,페트류,스티로폼,요구르트,등",해운대구청,051-749-5725,홍순헌,09:00,18:00,00:00,00:00,"토,일,공휴일",없음,없음,051-749-4452,자원순환과,2020-06-25,3330000,부산광역시 해운대구
괴산광역생활자원회수센터,직영,충청북도 괴산군 괴산읍 능촌로2길70-37,,36.8318263505,127.834142,270,2017-12,0,캔류.병류,괴산군,043-830-2773,괴산군수,09:00,16:00,00:00,00:00,공휴일,,,043-830-2773,괴산군,2020-06-29,4460000,충청북도 괴산군
영천시 그린환경센터,직영,경상북도 영천시 바깥완산길 433 (완산동),경상북도 영천시 완산동 산3-1,35.9648135072,128.9702937954,940,2014-01,3,"PET, 플라스틱, 고철, 유리병, 종이 등",영천시청,054-330-6519,최기문,09:00,18:00,18:00,18:00,"매주 토요일, 일요일, 공휴일",,,054-330-6519,경상북도 영천시청,2020-06-22,5100000,경상북도 영천시
안동시 재활용품선별장,직영,경상북도 안동시 배고개길 84,경상북도 안동시 수하동 693,36.5486570920,128.6716652186,680,2097-06,11,스티로폼+플라스틱 등 재활용 자원,안동시청,054-840-3880,안동시장,09:00,18:00,00:00,00:00,"매주 토,일요일",없음,없음,054-840-3880,경상북도 안동시청,2020-06-29,5070000,경상북도 안동시
진도군재활용선별시설,직영,전라남도 진도군 군내면 한의길 115,,34.5306959295,126.2622758903,800,2006-12,8,종이+고철+철캔+페트 등,진도군재활용선별시설,061-540-3781,진도군수,09:00,18:00,00:00,00:00,"매주토요일, 일요일, 공휴일",-,-,061-540-3781,전남 진도군청,2020-06-24,5000000,전라남도 진도군
구미시 재활용품 전시판매장,위탁,경상북도 구미시 신시로10길 118,경상북도 구미시 송정동 492-7,36.114273,128.351282,626.7,1996-01,1,가전.가구,(사)한국생활자원 재활용협의회,054-455-3272,이석현,09:00,18:00,09:00,18:00,없음,판매일로부터 3개월이내 무상수리,없음,054-480-5222,경북 구미시청,2020-06-20,5080000,경상북도 구미시
구미시 재활용품 전시판매장,위탁,경상북도 구미시 신시로10길 118,경상북도 구미시 송정동 492-7,36.114273,128.351282,626.7,1996-01,0,의류,(사)한국자원 재활용협의회,054-453-0435,최성열,09:00,17:30,09:00,12:30,"매주 일요일, 격주 토요일",,없음,054-480-5222,경북 구미시청,2020-06-20,5080000,경상북도 구미시
줄포환경센터,직영,전라북도 부안군 줄포면 분탕골로 215-34,전라북도 부안군 줄포면 줄포리 1034-17,35.5870742582,126.6600256566,88072,2096-03,10,"폐지,알루미늄 등",부안군청,063-580-3911,권익현,09:00,16:00,09:00,12:00,연중무휴,,,063-580-3911,전라북도 부안군청,2020-06-22,4790000,전라북도 부안군
통영시 재활용품 상설판매장,위탁,경상남도 통영시 동충1길 4(항남동),경상남도 통영시 항남동 151-54,34.83982251,128.4221417,263,2019-05,1,의류+가방+신발+재활용비누+장난감+잡화 등,통영YWCA,055-646-2548,원필숙,09:00,18:00,00:00,00:00,공휴일,,http://tyywca.or.kr,055-650-1313,경상남도 통영시청,2020-06-22,5330000,경상남도 통영시
대청면 소청 재활용 선별장,직영,인천광역시 옹진군 대청면 소청동로 159,인천광역시 옹진군 대청면 소청리 58,37.7713306294,124.7609434087,115.9,2013-10,0,"재활용품(종이류,고철류,캔류,병류,플라스틱류,필름류,스티로폼류 등)",인천광역시 옹진군 대청면,032-899-3409,조윤길,09:00,18:00,09:00,13:00,일요일,,,032-899-2620,인천광역시 옹진군,2019-06-28,3580000,인천광역시 옹진군
덕적면 덕적 재활용 선별장,직영,인천광역시 옹진군 덕적면 덕적남로 771번길 103,인천광역시 옹진군 덕적면 서포리 615,37.2304224525,126.1065874714,613,2007-04,6,"재활용품(종이류,고철류,캔류,병류,플라스틱류,필름류,스티로폼류 등)",인천광역시 옹진군 덕적면,032-899-3740,조윤길,09:00,18:00,09:00,13:00,일요일,,,032-899-2620,인천광역시 옹진군,2019-06-28,3580000,인천광역시 옹진군
수영종합재활용센터,위탁,부산광역시 수영구 연수로 365(수영동),,35.17085857,129.110318,132,2020-11,1,중고가전,수영종합재활용센터,051-753-4979,,09:00,19:00,00:00,00:00,"매주일요일, 공휴일",,,051-610-4455,부산광역시 수영구,2020-06-20,3380000,부산광역시 수영구
수영구재활용센터,위탁,부산광역시 수영구 수영로741번길 12(수영동),,35.1684064,129.1207317,33,1998-05,1,중고가전,수영구재활용센터,051-756-0599,,09:00,18:00,00:00,00:00,"매주일요일, 공휴일",,,051-610-4455,부산광역시 수영구,2020-06-20,3380000,부산광역시 수영구
"팔도중고가전,가구마트",위탁,부산광역시 수영구 수미로 62(수영동),,35.17307547,129.117523,39,2020-11,1,가전 가구,"팔도중고가전,가구마트",051-753-3104,,09:00,18:00,00:00,00:00,"매주일요일, 공휴일",,,051-610-4455,부산광역시 수영구,2020-06-20,3380000,부산광역시 수영구
서구 재활용선별장,직영,인천광역시 서구 거월로 39,인천광역시 서구 왕길동 61-8,37.5803108920,126.6489106676,5981,1997-09,1,"무단투기 폐기물 중 재활용가능자원 및 폐건전지, 폐형광등",인천광역시 서구청,032-560-4415,이재현,09:00,18:00,00:00,00:00,"매주 토요일, 일요일, 법정공휴일",,,032-560-4415,자원순환과,2020-07-14,3560000,인천광역시 서구
공공재활용기반시설,위탁,충청남도 부여군 장암면 북고로 201,충청남도 부여군 장암면 북고리 551-1,36.2321326140,126.9163325116,1945.14,2013-05,3,"PET, PE, PP, PS, EPS인고트, 유리병, 폐지, 우유팩, 철캔 등 59종목",엠엔테크,041-837-6470,오명석,09:00,18:00,00:00,00:00,"매주토요일, 일요일, 공휴일",,,041-830-2308,충청남도 부여군청,2020-06-30,4570000,충청남도 부여군
의성군공공재활용센터,직영,경상북도 의성군 의성읍 동서1길 15-1,경상북도 의성군 의성읍 후죽리 678-8,36.34961896,128.6959101,100,2008-01,0,"도서,의류,신발 등",의성군청,054-833-0523,의성군수,09:00,18:00,24:00,24:00,"토,일,휴일",,,054-830-6517,환경과,2020-06-30,5150000,경상북도 의성군
영광군환경관리센터,위탁,전라남도 영광군 홍농읍 홍농로8길 214,,35.4266508625,126.4320988917,968,2006-12,1,PET 등 15개 품목,환경관리센터 주변지역 주민지원협의체,061-356-2127,최종화,09:00,18:00,00:00,00:00,"토요일, 일요일",해당 없음,,061-350-4966,전라남도 영광군청,2020-07-13,4970000,전라남도 영광군
공공재활용 선별장,직영,전라남도 화순군 한천면 덕음로 548,전라남도 화순군 한천면 가암리 산91,35.0206946331,126.9907566062,750,2009-05,0,"종이, 고철, 빈병, 스티로폼 등 16종",화순군,061-379-3602,구충곤,08:00,16:00,00:00,00:00,토요일 및 공휴일,,,061-379-3602,화순군,2020-06-30,4900000,전라남도 화순군
진주시재활용품선별장,위탁,경상남도 진주시 내동면 유수길 75번길 27,,35.12231278,128.0145891,1750,2019-01,0,"종이류, 종이팩, 플라스틱, 유리병류, 스티로폼, 필름류 등",㈜진사재활용,055-749-2279,강시근,07:00,16:00,07:00,16:00,일요일,,,055-749-5181,경상남도 진주시청,2020-06-30,5310000,경상남도 진주시
중구재활용센터,위탁,인천광역시 중구 서해대로 324,인천광역시 중구 신흥동3가 7-225,37.4557581,126.6296378,2450.88,2098-02,7,"가구,가전제품",㈜정부물품재활용센터,032-888-7282,윤병하,09:00,19:00,09:30,18:00,"명절 당일(설,추석)",3개월~6개월,www.korecycle.or.kr,032-760-7217,환경보호과,2020-07-09,3490000,인천광역시 중구
제천시자원관리센터,직영,충청북도 제천시 북부로 1860,충청북도 제천시 신동 653,37.118062,128.173947,150,2008-06,1,가구,충청북도 제천시,,제천시장,09:00,16:00,09:00,16:00,,,,043-641-6454,충청북도 제천시청,2020-07-10,4400000,충청북도 제천시
재활용센터1관,위탁,서을특별시 노원구 화랑로 486,서을특별시 노원구 공릉동 656-5,37.6191271,127.0789944,570.5,2020-01,3,중고 가전 및 가구류,노원리싸이클링,02-974-7282,최남현,10:00,19:00,10:00,19:00,,,http://www.recyclenw.co.kr/,02-2116-3810,노원구 자원순환과,2020-07-10,3100000,서울특별시 노원구
재활용센터2관,위탁,서을특별시 노원구 덕릉로 639,서을특별시 노원구 중계동 210-7,37.654699,127.0717395,569.12,2001-11,1,중고 가전 및 가구류,노원리싸이클링,02-933-8289,최남현,10:00,19:00,10:00,19:00,,,http://www.recyclenw.co.kr/,02-2116-3810,노원구 자원순환과,2020-07-10,3100000,서울특별시 노원구
해남군 재활용품 선별시설,직영,전라남도 해남군 해남읍 호교길 73-265,전라남도 해남군 해남읍 복평리 893-1,34.5672087599,126.5376835079,1044.01,2014-01,3,재활용품 선별,해남군청,061-530-5769,해남군수,09:00,18:00,00:00,00:00,,,www.haenam.go.kr,061-530-5769,해남군수,2020-07-13,4930000,전라남도 해남군
부산광역시 기장군 재활용선별장,위탁,부산광역시 기장군 기장읍 소정안길 84,부산광역시 기장군 기장읍 내리 167-3,35.2066523950,129.202335,949,2001-07,4,"스티로폼,플라스틱,캔 외 재활용가능자원",기장군도시관리공단,051-792-4830,박종범,09:00,18:00,00:00,00:00,공휴일 미운영,,,051-709-4452,부산광역시 기장군청,2020-07-09,3400000,부산광역시 기장군
인제군 공공재활용선별시설,위탁,강원도 인제군 북면 금강로 221,강원도 인제군 북면 월학리 1235-3,38.1376618810,128.2121330116,881.86,2005-08,7,"파지, PET, PP, 캔",코오롱환경서비스㈜,02-2120-8914,이용현,09:00,18:00,00:00,00:00,관공서의 공휴일에 관한 규정 제2조 준용,없음,없음,033-460-2064,강원도 인제군청,2020-06-19,4330000,강원도 인제군
군산시재활용선별시설,직영,전라북도 군산시 새만금북로 630-28,전라북도 군산시 내초동 201-7,35.947223843,126.605833586,3071,1996-04,2,페트병 외 9개품목,군산시,063-454-7895,군산시장,09:00,18:00,09:00,18:00,"주휴일,근로자의날",해당없음,해당없음,063-454-7895,군산시청,2020-07-08,4670000,전라북도 군산시
논산시재활용센터,직영,충청남도 논산시 부창로 72,,36.19560375,127.0856077,1871.9,1995-09,0,고철+의류+파지(신문) 등,충청남도 논산시청,041-746-5535,황명선,09:00,18:00,00:00,00:00,"매주 토요일, 일요일, 공휴일",,,041-746-5535,충청남도 논산시청,2020-05-07,4540000,충청남도 논산시
연무읍재활용센터,직영,충청남도 논산시 연무읍 안심로 50,,36.12512245,127.0990302,108,1997-04,0,고철+의류+파지(신문) 등,충청남도 논산시청,041-746-5535,황명선,09:00,18:00,00:00,00:00,"매주 토요일, 일요일, 공휴일",,,041-746-5535,충청남도 논산시청,2020-05-07,4540000,충청남도 논산시
강경읍재활용센터,직영,충청남도 논산시 강경읍 옥녀봉로 66,,36.16398303,127.015155,91,2001-03,0,고철+의류+파지(신문) 등,충청남도 논산시청,041-746-5535,황명선,09:00,18:00,00:00,00:00,"매주 토요일, 일요일, 공휴일",,,041-746-5535,충청남도 논산시청,2020-05-07,4540000,충청남도 논산시
김해시 재활용품선별장,위탁,경상남도 김해시 한림면 김해대로 835번길 13-72,경상남도 김해시 한림면 퇴래리 1282,35.299424,128.7783299,15989,2007-05,1,재활용품,(주)태광폴리켐,055-330-3409,김진춘,08:00,18:00,08:00,12:00,"매주 토요일, 일요일,공휴일",,,055-330-3404,경상남도 김해시청,2020-06-30,5350000,경상남도 김해시
주안사무용가구와중고알뜰센터,위탁,인천광역시 미추홀구 인주대로 427,인천광역시 미추홀구 주안동 1482-10,37.4513908919,126.6841738300,319.42,2010-11,1,"가정용 가전·가구, 사무용 가구",주안사무용가구와중고알뜰센터,032-421-4988,권영태,09:00,19:00,09:00,19:00,"2,4째 일요일",구입 후 6개월,gagu4988.com,032-880-4354,인천 미추홀구청 자원순환과,2020-07-08,3510500,인천광역시 미추홀구
차차차 중고가전가구마트,위탁,인천광역시 미추홀구 경인로 108,인천광역시 미추홀구 숭의동 67-6,37.4659873478,126.6545869454,192.4,2012-11,1,"가정용 가전·가구, 사무용 가구",차차차중고가전가구,032-885-2232,차순재,09:30,18:00,09:30,18:00,-,3~6개월(제품마다 상이),없음,032-880-4354,인천 미추홀구청 자원순환과,2020-07-08,3510500,인천광역시 미추홀구
평택시북부재활용센터,위탁,경기도 평택시 밀월로 15번길 83-10,경기도 평택시 신장동 274-96,37.0789217167,127.0514802172,154.56,1999-03,1,"가전제품, 가구류 등",북부재활용센터,031-665-4589,조명현,09:00,18:00,00:00,00:00,,판매일로부터 6개월이내 무상 수리,X,031-8024-3767,경기도 평택시청,2020-07-02,3910000,경기도 평택시
보성군 환경자원사업소,직영,전라남도 보성군 보성읍 평동로 1654-30(용문리),전라남도 보성군 보성읍 용문리 616,34.78118168,127.0852306,198,2008-01,4,"플라스틱류, 병류, 스티로폼류, 고철류 등",보성군,061-850-5859,보성군수,09:00,18:00,00:00,00:00,법정 공휴일,,,061-850-5341,보성군청 환경생태과,2020-07-27,4890000,전라남도 보성군
동해시가전가구재활용센터,위탁,강원도 동해시 봉수로 160,강원도 동해시 대진동 73-7,37.57651247,129.1085604,545,2095-07,3,"냉장고,가구등",동해시가전가구재활용센터,033-531-8272,김원경,09:00,18:00,00:00,00:00,"일요일,공휴일",,,033-530-2153,강원도 동해시청,2020-06-11,4210000,강원도 동해시
목동재활용센터,위탁,서울특별시 양천구 목동서로 262,서울특별시 양천구 목1동 408-78,37.5239435682,126.8691106,1087.9,2095-01,3,"책장, 장롱,소파,냉장고,TV",목동재활용센터,02-2651-2582,박철순,09:00,19:00,09:00,18:00,,가능,,02-2620-3436,서울특별시 양천구청,2020-05-28,3140000,서울특별시 양천구
북부재활용센터,위탁,경상남도 양산시 중앙로 109,경상남도 양산시 남부동 452-12,35.340437,129.0373754908,243.88,1999-10,2,"가전제품, 폐가구",북부재활용센터,055-389-1457,김명옥,09:00,19:00,09:00,19:00,연중무휴,판매일로부터 6개월이내 무상수리,없음,055-392-3342,경상남도 양산시청,2020-05-26,5380000,경상남도 양산시
(사)인천내일을 여는 집 계양구 재활용센터(계산점),위탁,인천광역시 계양구 계양대로205번길 11-3,인천광역시 계양구 계산동 942-10,37.5417181,126.7219284,1053,2001-01,3,"가전제품, 가구 등",(사)인천내일을 여는집,032-555-8899,이준모,09:00,18:00,00:00,00:00,공휴일(토요일운영),3개월,없음,032-450-5452,청소행정과,2020-04-14,3550000,인천광역시 계양구
원주시 중고가전가구재활용센터(2호점),위탁,강원도 원주시 원일로 214(학성동),강원도 원주시 학성동 430-8,37.3557821,127.9445329,330,2012-07,1,중고가구가전제품,개인,033-743-0119,원덕자,09:00,18:30,00:00,00:00,매주 일요일,애프터서비스운영,wjrecycle.com,033-737-3091,강원도 원주시청,2019-05-28,4190000,강원도 원주시
강남구재활용센터,위탁,서울특별시 강남구 개포로 247,서울특별시 강남구 개포동 1259-6 재승빌딩,37.4791380,127.0494793,660,2018-01,4,가전가구류,강남구재활용센터,02-579-6677,유익조,09:00,19:00,09:00,19:00,격주일요일,판매후6개월,www.kn4989.com,02-3423-6008,서울특별시 강남구청,2019-08-21,3220000,서울특별시 강남구
유창알앤씨,위탁,대구광역시 서구 국채보상로20길 25,,35.8663065,128.5417173,4658,2004-01,15,재활용품,서구청(민간위탁),053-663-2723,성기원,06:00,15:00,06:00,15:00,일요일 수거안함,N,www.ucrnc.co.kr,053-663-2722,대구광역시 서구청,2020-07-10,3430000,대구광역시 서구
영도구 재활용선별장,직영,부산광역시 영도구 해양로 202,부산광역시 영도구 동삼동 201-14,35.08794406,129.0719674,2639,1996-07,2,재활용품,영도구 재활용선별장,051-419-4467,김철훈,09:00,18:00,00:00,00:00,공휴일,,http://www.yeongdo.go.kr/00492/00563/01723.web,051-419-4462,영도구청 청소행정과,2020-07-15,3280000,부산광역시 영도구
사천시 재활용선별장,직영,경상남도 사천시 환경길 55,경상남도 사천시 사등동 86-9,34.92509077,128.115744,1234,2007-07,5,잉코트 외 11개 품목,사천시(환경사업소),055-831-5606,사천시장(송도근),08:00,17:00,00:00,00:00,"토,일 제외 공휴일",,http://www.sacheon.go.kr,055-831-5606,사천시,2020-07-10,5340000,경상남도 사천시
옥천군 생활자원회수센터,직영,충청북도 옥천군 군북면 이평1길 199,충청북도 옥천군 군북면 추소리 1,36.34698788,127.5781691,1331,2019-12,3,재활용가능자원,옥천군청,043-730-3455,옥천군수,09:00,18:00,00:00,00:00,,,,043-730-3455,옥천군청,2020-07-16,4430000,충청북도 옥천군
재활용센터,위탁,경기도 의왕시 가나무로 20,경기도 의왕시 이동 478,37.3377705101,126.9642594352,12653,2017-10,0,"음시물처리시설, 재활용선별장, 압축파쇄시설, 대형폐기물파쇄시설",㈜이엠종합건설,070-4649-7431,황근순,08:00,16:00,16:00,16:00,매주 일요일,,,031-345-2862,경기도 의왕시청,2020-07-13,4030000,경기도 의왕시
영암군 공공재활용선별시설,직영,전라남도 영암군 군서면 녹색환경길 374,전라남도 영암군 군서면 도장리 1094-1,34.80677839,126.6101002,1209,2017-10,1,"고지, 고철, 소각고철, 철캔, 알루미늄캔, PET, PE, PP, PS, 플라스틱, 공병, 잡병, 스티로폼(인고트)",영암군(지자체),061-470-2169,영암군수(전동평),10:00,18:00,10:00,10:00,"매주 토요일, 일요일, 공휴일",해당없음,해당없음,061-470-2169,영암군,2020-07-13,4940000,전라남도 영암군
칠고국 환경종합센터,직영,경상북도 칠곡군 왜관읍 강변대로 888,,35.95678064,128.3993445,450,2002-04,4,"파지, 압축PET, 잡병, 프라스틱 등",칠곡군청,054-979-6745,백선기,09:00,18:00,00:00,00:00,,,,054-979-6745,칠곡군청,2020-07-01,5220000,경상북도 칠곡군
고성군생활자원회수센터,직영,강원도 고성군 죽왕면 짱고개길 253,강원도 고성군 죽왕면 향목리 225,38.3633077892,128.4819008607,1696,2014-07,3,"PET,PS,컬캔,알류미늄캔 등",고성군,033-680-3983,함명준,09:00,18:00,24:00,24:00,법정공휴일,,,033-680-3983,강원도 고성군청,2020-07-14,4340000,강원도 고성군
자원새롬센터,위탁,경기도 연천군 청산면 초대로 106번길 125,경기도 연천군 청산면 대전리 458,37.99813896,127.0844951,328,2094-02,10,"파지, 유리병, 금속캔, 합성수지, 필름시트,단일/복합재질포장재, 전지, 형광등, 전자제품 등",(주)티에스케이워터,031-833-5707,최규남,08:00,17:00,00:00,00:00,공휴일,,,031-839-2257,경기도 연천군청 혼경보호과,2020-07-01,4140000,경기도 연천군
청도환경관리센터,직영,경상북도 청도군 매전면 중앙로 84-460,경상북도 청도군 매전면 송원리 산194-1,35.6348144484,128.7778449887,700,2006-03,9,"종이, 신문지류, 캔류, 플라스틱류, PET류, 유리병류, 고철류, 스치로폼류 등",경상북도 청도군,054-370-6192,이승율,09:00,18:00,10:00,18:00,격주제,,,054-370-6192,경상북도 청도군청,2020-06-30,5190000,경상북도 청도군
진천음성 광역폐기물처리장 재활용선별시설,위탁,충청북도 음성군 맹동면 원중로 873-23,충청북도 음성군 맹동면 통동리 산18,36.8871897794,127.579352,3088.77,2012-01,4,"유리병, 고철, 파지, 플라스틱 등",㈜창우RS,043-870-0477,이덕희,08:00,17:00,00:00,00:00,"매주일요일,공휴일",,,043-539-7723,진천군 환경과,2020-07-15,4450000,충청북도 진천군
태백시 생활자원회수센터,직영,"강원도 태백시 용정길 307(통동,위생매립지)",강원도 태백시 통동 336-1,37.1976912018,129.0036579722,797.8,2001-11,1,"종이,플라스틱,공병,고철,캔,장판 등",태백시,033-550-2790,태백시장,06:00,16:00,06:00,12:00,"일요일,추석+설날",,,033-550-2790,강원도 태백시청,2020-07-14,4220000,강원도 태백시
군위군 환경괸리센터,직영,경상북도 군위군 군위읍 내량길 150,경상북도 군위군 군위읍 내량리 산58-3,36.2367554075,128.5419161894,84800,2020-04,0,생활폐기물+종이+고철+PET+알루미늄,경상북도 군위군청,054-380-7991,김영만,09:00,18:00,00:00,23:59,공휴일,,,054-380-7991,경상북도 군위군청,2020-07-13,5140000,경상북도 군위군
서천군재활용처리시설,직영,충청남도 서천군 비인면 충서로 636,충청남도 서천군 비인면 관리 547-1,36.11779119,126.6258564,1021.65,2006-12,4,"PET, PE, PP, PS, 종이류, 스티로품, 고철, 캔, 비닐, 유리병 등",충청남도 서천군,041-950-4336,서천군수,09:00,18:00,09:00,13:00,매주일요일,-,-,041-950-4336,충청남도 서천군청,2020-07-10,4580000,충청남도 서천군
용우재활용센터,위탁,부산광역시 수영구 광안로7번길 42(광안동),,35.15902805,129.1149138,150,2020-01,1,업소냉장고 온풍기,용우재활용센터,051-752-2781,,09:00,20:00,00:00,00:00,"매주일요일, 공휴일",,,051-610-4455,부산광역시 수영구,2020-06-20,3380000,부산광역시 수영구
신수영재활용마트,위탁,부산광역시 수영구 연수로392번길 18(광안동),,35.16864148,129.1116115,198,2020-01,1,가전 가구,신수영재활용마트,051-753-8270,,09:00,18:00,00:00,00:00,"매주일요일, 공휴일",,,051-610-4455,부산광역시 수영구,2020-06-20,3380000,부산광역시 수영구
부전식당용 중고마트,위탁,부산광역시 수영구 연수로 272(망미동),,35.1728305,129.1003937,66,2020-03,1,주방용품,부전식당용 중고마트,051-755-3250,,09:00,18:00,00:00,00:00,"매주일요일, 공휴일",,,051-610-4455,부산광역시 수영구,2020-06-20,3380000,부산광역시 수영구
대산매립장 광역재활용품선별시설,직영,전라북도 남원시 대산면 노산하대길 134,전라북도 남원시 대산면 대곡리 311번지 일원,35.4140574314,127.3184415541,0,2008-10,6,"고철, 파지 등 재활용품 선별",남원시,063-620-6771,남원시장,09:00,18:00,18:00,18:00,공휴일휴무,,,063-620-6771,남원시,2019-09-10,4700000,전라북도 남원시
고흥자원재활용센터,직영,전라남도 고흥군 고흥읍 봉계2길 142,전라남도 고흥군 고흥읍 남계리 786-5,34.597277,127.2904069549,3452,2014-01,17,생활폐기물,고흥군,061-830-5304,고흥군수,08:00,17:00,08:00,12:00,"신정, 설날, 근로자의날, 일요일",,,061-830-5304,고흥군,2019-09-25,4880000,전라남도 고흥군
사하구재활용센터,직영,부산광역시 사하구 낙동대로 641,부산광역시 사하구 하단동 845-52,35.12022201,128.962916,865,1997-07,2,가전 가구 사무용품 등,사하구재활용센터,051-220-4452,김태석,09:00,18:00,00:00,00:00,일요일 공휴일,,,051-220-4438,부산광역시 사하구청,2019-09-16,3340000,부산광역시 사하구
대정읍 구억리 재활용 도움센터,직영,제주특별자치도 서귀포시 대정읍 영어도시로 35-3,제주특별자치도 서귀포시 대정읍 보성리 173-1,33.2755102,126.2762766,98.94,2019-05,0,생활쓰레기 배출,제주특별자치도 서귀포시 대정읍,064-760-4061,김우숙,06:00,22:00,06:00,22:00,없음,,,064-760-3201,제주특별자치도 서귀포시청,2019-05-31,6520000,제주특별자치도 서귀포시
새서귀포 재활용 도움센터,직영,제주특별자치도 서귀포시 신서귀로 87(법환동),제주특별자치도 서귀포시 법환동 731-2,33.2563333,126.5078479,86.21,2019-03,0,생활쓰레기 배출,제주특별자치도 서귀포시 대륜동,064-760-4771,강성규,06:00,22:00,06:00,22:00,없음,,,064-760-3201,제주특별자치도 서귀포시청,2019-05-31,6520000,제주특별자치도 서귀포시
성산읍 성산리 재활용 도움센터,직영,제주특별자치도 서귀포시 성산읍 일출로 221,제주특별자치도 서귀포시 성산읍 성산리 400-18,33.4600127,126.9299495,96.8,2019-01,0,생활쓰레기 배출,제주특별자치도 서귀포시 성산읍,064-760-4261,정영헌,06:00,22:00,06:00,22:00,없음,,,064-760-3201,제주특별자치도 서귀포시청,2019-05-31,6520000,제주특별자치도 서귀포시
성산읍 온평리 재활용 도움센터,직영,제주특별자치도 서귀포시 성산읍 온평포구로62번길 13,제주특별자치도 서귀포시 성산읍 온평리 1107-6,33.4014609,126.9025243,86.94,2019-01,0,생활쓰레기 배출,제주특별자치도 서귀포시 성산읍,064-760-4261,정영헌,06:00,22:00,06:00,22:00,없음,,,064-760-3201,제주특별자치도 서귀포시청,2019-05-31,6520000,제주특별자치도 서귀포시
호근 재활용 도움센터,직영,제주특별자치도 서귀포시 호근로26번길 10(호근동),제주특별자치도 서귀포시 호근동 1729-2,33.2541798,126.5267220,79.12,2018-12,0,생활쓰레기 배출,제주특별자치도 서귀포시 대륜동,064-760-4771,강성규,06:00,22:00,06:00,22:00,없음,,,064-760-3201,제주특별자치도 서귀포시청,2019-05-31,6520000,제주특별자치도 서귀포시
안덕면 감산리 재활용 도움센터,직영,제주특별자치도 서귀포시 안덕면 일주서로 1519,제주특별자치도 서귀포시 안덕면 감산리 346-2,33.2582489,126.3540239,91.42,2018-09,0,생활쓰레기 배출,제주특별자치도 서귀포시 안덕면,064-760-4361,이상헌,06:00,22:00,06:00,22:00,없음,,,064-760-3201,제주특별자치도 서귀포시청,2019-05-31,6520000,제주특별자치도 서귀포시
남원읍 남원리 재활용 도움센터,직영,제주특별자치도 서귀포시 남원읍 남태해안로 100,제주특별자치도 서귀포시 남원읍 남원리 128-16,33.2761560,126.7172550,108.66,2018-04,0,생활쓰레기 배출,제주특별자치도 서귀포시 남원읍,064-760-4161,고철환,06:00,22:00,06:00,22:00,없음,,,064-760-3201,제주특별자치도 서귀포시청,2019-05-31,6520000,제주특별자치도 서귀포시
동홍동 재활용 도움센터,직영,제주특별자치도 서귀포시 동홍로 162번길 45(동홍동),제주특별자치도 서귀포시 동홍동 2174,33.2646922267,126.5717238085,99,2018-02,0,생활쓰레기 배출,제주특별자치도 서귀포시 동홍동,064-760-4691,오창섭,06:00,22:00,06:00,22:00,없음,,,064-760-3201,제주특별자치도 서귀포시청,2019-05-31,6520000,제주특별자치도 서귀포시
대정읍 하모3리 재활용 도움센터,직영,제주특별자치도 서귀포시 대정읍 신영로36번길 69-11,제주특별자치도 서귀포시 대정읍 하모리 1089-40,33.2205077,126.2475930,103.8,2018-02,0,생활쓰레기 배출,제주특별자치도 서귀포시 대정읍,064-760-4061,김우숙,06:00,22:00,06:00,22:00,없음,,,064-760-3201,제주특별자치도 서귀포시청,2019-05-31,6520000,제주특별자치도 서귀포시
효돈동 재활용 도움센터,직영,제주특별자치도 서귀포시 월라봉로34번길 37(신효동),제주특별자치도 서귀포시 신효동 593-5,33.2663737701,126.60922888,103.1,2017-12,0,생활쓰레기 배출,제주특별자치도 서귀포시 효돈동,064-760-4631,임광철,08:00,22:00,08:00,22:00,없음,,,064-760-3201,제주특별자치도 서귀포시청,2019-05-31,6520000,제주특별자치도 서귀포시
표선면 표선리 재활용 도움센터,직영,제주특별자치도 서귀포시 표선면 표선동서로 203-1,제주특별자치도 서귀포시 표선면 표선리 1001-1,33.3227156667,126.83038413,90,2017-12,0,생활쓰레기 배출,제주특별자치도 서귀포시 표선면,064-760-4461,현덕봉,06:00,22:00,06:00,22:00,없음,,,064-760-3201,제주특별자치도 서귀포시청,2019-05-31,6520000,제주특별자치도 서귀포시
마라도 재활용 도움센터,직영,제주특별자치도 서귀포시 대정읍 마라로 127,제주특별자치도 서귀포시 대정읍 가파리 583-10,33.1139619823,126.2677860320,165.58,2016-12,0,생활쓰레기 배출,제주특별자치도 서귀포시 대정읍,064-760-4061,김우숙,08:00,23:59,08:00,23:59,없음,,,064-760-3201,제주특별자치도 서귀포시청,2019-05-31,6520000,제주특별자치도 서귀포시
중문동 재활용 도움센터,직영,제주특별자치도 서귀포시 중문상로17번길 3(중문동),제주특별자치도 서귀포시 중문동 2129-3,33.2499657121,126.424059175,83.8,2017-11,0,생활쓰레기 배출,제주특별자치도 서귀포시 중문동,064-760-4831,양동석,08:00,23:59,08:00,23:59,없음,,,064-760-3201,제주특별자치도 서귀포시청,2019-05-31,6520000,제주특별자치도 서귀포시
서홍동 재활용 도움센터,직영,제주특별자치도 서귀포시 홍중로 28(서홍동),제주특별자치도 서귀포시 서홍동 397-33,33.2553975,126.556187,53.98,2017-11,0,생활쓰레기 배출,제주특별자치도 서귀포시 서홍동,064-760-4741,김형필,06:00,23:59,06:00,23:59,없음,,,064-760-3201,제주특별자치도 서귀포시청,2019-05-31,6520000,제주특별자치도 서귀포시
천지동 재활용 도움센터,직영,제주특별자치도 서귀포시 서문서로 46-1(서귀동),제주특별자치도 서귀포시 서귀동 305-1,33.2509829,126.5587432,85,2016-01,0,생활쓰레기 배출,제주특별자치도 서귀포시,064-760-3201,양윤경,06:00,22:00,06:00,22:00,없음,,,064-760-3201,제주특별자치도 서귀포시청,2019-05-31,6520000,제주특별자치도 서귀포시
재활용선별장,위탁,경기도 양주시 은현면 은남로 160,경기도 양주시 은현면 봉암리 39,37.89328531,127.0100091,44134,2009-11,0,"파지, 고철, 플라스틱 등",양주시 시설관리공단,031-828-9752,이재호,09:00,18:00,09:00,18:00,"토, 일 휴무",,http://yjfmc.or.kr/,031-8082-6932,양주시 청소행정과,2020-04-01,5590000,경기도 양주시
리싸이클세상,위탁,서울특별시 강남구 논현로 115길 7,서울특별시 강남구 논현동 191-6,37.5087583,127.0325018,781,2018-01,3,가전가구류,(주)리싸이클세상,02-553-1111,박쌍재,09:00,19:00,09:00,19:00,연중무휴,판매후6개월,www.rety.co.kr,02-3423-6008,서울특별시 강남구청,2019-08-21,3220000,서울특별시 강남구
남구재활용센터,위탁,부산광역시 남구 석포로 87(대연동),부산광역시 남구 대연동 1164-7,35.1256405709,129.089089,99,2018-01,1,"가구, 가전제품",민간운영,051-622-8572,,12:00,00:00,12:00,00:00,,,,051-607-4451,부산광역시 남구청,2019-08-28,3310000,부산광역시 남구
도봉구재활용센터,직영,서울특별시 도봉구 마들로13길 218,서울특별시 도봉구 창동 181-39,37.659920,127.045390,1594,2001-05,3,"가전, 가구 등",도봉구재활용센터,02-902-8272,최재호,09:00,19:30,10:00,18:30,"일요일 휴무, 자세한 내용은 센터에 문의",,,02-901-5057,서울특별시 도봉구시설관리공단,2018-05-15,3090000,서울특별시 도봉구
창원시진해재활용품상설교환판매장,위탁,경상남도 창원시 진해구 동진로 44(석동),경상남도 창원시 진해구 석동84-1,35.1525172,128.700497,1461.86,1996-07,1,가구+냉장고+TV 등,진해YWCA,055-544-4980,윤미자,09:00,18:00,00:00,00:00,"토요일, 일요일, 공휴일",판매일로부터 1개월,,055-225-3585,경상남도 창원시청,2020-07-14,5670000,경상남도 창원시
연제구 환경자원관리소,직영,부산광역시 연제구 고분로 222,부산광역시 연제구 연산동 243-19,35.183252,129.106349,2864,1999-05,0,"폐지,고철,캔류,플라스틱류 등",연제구청,051-665-4452,이성문,09:00,18:00,00:00,00:00,"토,일,공휴일 미운영",,,051-665-4452,부산광역시 연제구청,2020-07-29,3370000,부산광역시 연제구
성동구 재활용센터,위탁,서울특별시 성동구 천호대로 78길 58,서울특별시 성동구 송정동 78-1,37.5564321929,127.0546679765,72,1995-06,1,"전자레인지, 전기오븐, 전기그릴, 공기청정기 등 소형가전",성동구 도시관리공단,02-2204-7997,장기천,09:00,18:00,00:00,00:00,"매주 토요일, 일요일, 공휴일",,,02-2286-5545,서울특별시 성동구청,2020-06-18,3030000,서울특별시 성동구
성북구재활용센터,위탁,서울특별시 성북구 화랑로 148 (상월곡동),서울특별시 성북구 상월곡동 97-21,37.6055044,127.0474002,305,2011-05,2,"가전, 가구 등",㈜한국리싸이클링,02-941-8272,이재호,09:00,19:00,09:00,18:00,"일요일, 설, 추석",,http://www.remarketsb.co.kr/,02-2241-4415,성북구청 청소행정과,2020-06-11,3070000,서울특별시 성북구
(사)한국생활자원재활용협회,위탁,인천광역시 계양구 장제로743번길 14,인천광역시 계양구 작전동 26-1,37.53453818,126.7334971,642,2095-01,2,"가전제품, 가구 등",(사)한국생활자원재활용협회,032-552-7282,서혜정,09:00,18:00,00:00,00:00,공휴일(토요일포함),6개월,http://gyeyangrc.co.kr,032-450-5452,청소행정과,2020-04-14,3550000,인천광역시 계양구
사상구재활용센터,위탁,부산광역시 사상구 백양대로 858(모라동),부산광역시 사상구 모라동 1365-3,35.18310703,128.989651,264,2095-03,1,"가구, 가전제품 등",오병선,051-315-9721,오병선,09:00,18:30,09:00,18:30,"매주일요일, 설·추석 공휴일",판매일로부터 6개월 이내 무상 수리,,051-310-4452,부산광역시 사상구청,2020-03-11,3390000,부산광역시 사상구
송파구재활용센터,위탁,서울특별시 송파구 문정로246 (마천동),서울특별시 송파구 마천동 27,37.4999099010,127.1420313086,627.75,2017-01,3,"가전제품, 가구 등",새마을운동송파구지회,02-409-9859,박선규,09:00,18:00,09:00,15:00,"매주일요일, 공휴일",판매일로부터 3개월 무상 수리,없음,02-2147-2840,서울특별시 송파구청,2020-02-14,3230000,서울특별시 송파구
구로구 재활용센터,위탁,서울특별시 구로구 새말로48,서울특별시 구로구 구로동 557-11,37.503211,126.886038,792,2095-03,1,가전제품 가구,구로재활용센터,02-858-8272,김영순,09:30,18:30,09:30,18:30,일요일,판매일로부터 6개월이내 무상 수리,www.gurogu.co.kr,02-860-2620,서울특별시 구로구청,2020-02-20,3160000,서울특별시 구로구
김포시재활용수집소,위탁,경기도 김포시 금포로1119,경기도 김포시 걸포동 1-3,37.6461166,126.7057508,1912.92,2005-10,17,"종이류(신문, 파지, 우유팩) 외 11종",김포시시설관리공단,031-980-2969,차동국,08:00,17:00,06:00,13:00,"매주 일요일, 공휴일",,http://www.gp.or.kr,031-980-2776,경기도 김포시청,2019-09-04,4090000,경기도 김포시
보령시 공공재활용 기반시설,위탁,충청남도 보령시 해안로 543,충청남도 보령시 남곡동 1145-8,36.3382969,126.5395340,736,2008-08,1,"플라스틱류, 스티로폼, 캔 등",삼원환경산업㈜,041-931-1420,남궁훈,09:00,18:00,00:00,00:00,"일요일,공휴일",재활용품 선별,없음,041-930-3676,충청남도 보령시,2019-09-06,4510000,충청남도 보령시
영동군자원순환센터,직영,충청북도 영동군 용산면 남부로 621-39,충청북도 영동군 용산면 율리 800번지,36.2207185,127.8009978,1187,2009-12,2,"폐지,우유팩,고철,알미늄캔, 철캔, 플라스틱, 병류, 장판, 스티로품",영동군,043-740-3415,영동군수,09:00,18:00,09:00,12:00,,,,043-740-3415,충청북도 영동군청,2018-05-01,4440000,충청북도 영동군
재활용선별장,위탁,광주광역시 서구 서창둑길 166(세하동),광주광역시 서구 세하동 765,35.1212223,126.826536,2880,2009-01,16,"대형폐기물 및 재활용품 수집·운반·처리, 선별장 내 시설·장비 유지관리",㈜희망자원,062-374-9446,정향자,08:30,17:30,00:00,00:00,명절+공휴일+일요일,,,062-360-7667,서구청 청소행정과,2019-03-11,3600000,광주광역시 서구
임실군 생활쓰레기처리장,직영,전라북도 임실군 관촌면 관진로 233,전라북도 임실군 관촌면 복흥리 620,35.678597,127.291534,1133.5,2012-01,1,종이+PET+플라스틱+유리병+고철+스티로폼,임실군청,063-640-2391,임실군수,09:00,18:00,09:00,18:00,연중무휴,,,063-640-2391,전라북도 임실군청,2019-05-01,4760000,전라북도 임실군
강진환경정화센터,직영,,전라남도 강진군 강진읍 남당로97-73,34.623583,126.776748,124491,2006-07,12,각종생활쓰레기,강진군,061-430-3963,강진군수,06:00,18:00,00:00,00:00,,,,061-430-3963,전라남도 강진군,2019-09-11,4920000,전라남도 강진군
곡성군재활용품선별장,직영,전라남도 곡성군 곡성읍 곡고로 98-157,전라남도 곡성군 곡성읍 신리 87-1,35.281973,127.325154,826.4,2009-09,2,"유리병, 고철, 캔,  플라스틱 등",곡성군청,061-360-8237,곡성군수,08:00,17:00,08:00,17:00,일요일,없음,없음,061-360-8237,곡성군청,2019-06-27,4860000,전라남도 곡성군
덕계재활용센터,위탁,경상남도 양산시 웅상대로 1038,경상남도 양산시 주진동 115-5,35.3914538421,129.1586463015,334.55,2014-01,2,"폐가구, 냉장고",양산덕계웅상재활용센터,055-364-2740,박경순,09:00,17:00,09:00,12:00,일요일,없음,없음,055-392-3342,경상남도 양산시청,2020-05-26,5380000,경상남도 양산시
동구자원재활용센터,위탁,대구광역시 동구 공항로31길 26(불로동),대구광역시 동구 불로동 866-9,35.903514,128.6309953980,3667.9,2099-07,34,"플라스틱, 캔, 유리병 등",㈜유창알앤씨,053-985-3840,성기원,08:00,17:00,08:00,12:00,일요일,,,053-662-2723,대구광역시 동구청,2020-05-26,3420000,대구광역시 동구
용인시 재활용센터,위탁,경기도 용인시 처인구 경안천로 288,경기도 용인시 처인구 고림동 954-3,37.25655776,127.2198445,15569,2007-08,7,"혼합재활용품, 유리병",용인도시공사,031-332-1190,김한섭,08:00,17:00,08:00,17:00,,,,031-324-2334,경기도 용인시청,2019-10-04,4050000,경기도 용인시
이동읍 재활용센터,위탁,경기도 용인시 처인구 백옥대로489번길 19-6,경기도 용인시 처인구 이동읍 덕성리 1130-7,37.1815787609,127.2001044782,9000,2013-08,2,"스티로폼, 매트리스",용인도시공사,031-332-1190,김한섭,08:00,17:00,08:00,17:00,,,,031-324-2334,경기도 용인시청,2019-10-04,4050000,경기도 용인시
맑은누리센터 재활용선별시설,위탁,충청남도 예산군 대흥면 차동로 1661-157,충청남도 예산군 대흥면 대률리 1-4,36.6633398364,126.8412887257,1034.58,2004-12,2,"플라스틱,철,병,종이",한라오엠에스,031-335-6571,박상수,09:00,18:00,00:00,00:00,"토일,공유일 휴무",,,041-339-7532,충청남도 예산군청,2019-10-02,4610000,충청남도 예산군
강북구재활용센터,위탁,서울특별시 강북구 노해로 70,서울특별시 강북구 수유동 188-26,37.6418313859,127.022653,316.6,2018-09,2,중고가구가전,강북구재활용센터,02-992-8425,김승일,09:30,19:30,09:30,19:30,연중무휴,6개월,https://www.rety.co.kr/shop/shop.asp?code=AF12,02-901-6764,강북구청,2019-05-27,3080000,서울특별시 강북구
중앙 재활용 도움센터,직영,제주특별자치도 서귀포시 중앙로62번길 18(서귀동),제주특별자치도 서귀포시 서귀동 277-1,33.2501708,126.5636786,92.4,2019-05,0,생활쓰레기 배출,제주특별자치도 서귀포시,064-760-3201,양윤경,00:00,23:59,00:00,23:59,없음,,,064-760-3201,제주특별자치도 서귀포시청,2019-05-31,6520000,제주특별자치도 서귀포시
경남거제지역자활센터,위탁,경상남도 거제시 거제중앙로13길 22 (고현동),경상남도 거제시 사등면 두동로 1길 109(사등면),34.88276848,128.6237194,402,2017-01,1,가구/ 전제품/헌옷 등,경남거제지역자활센터,055-688-5890,주순금,09:00,18:00,00:00,00:00,일요일/공휴일,,http://www.kojejh.or.kr/index.php,055-639-4835,거제시청,2019-07-25,5370000,경상남도 거제시
거제YWCA 아나바다 재활용센터,위탁,경상남도 거제시 탑곡로 75 (아주동),경상남도 거제시 아주동 290,34.86244036,128.691074,192,2017-01,1,가구/ 전제품/헌옷 등,거제YWCA 아나바다 재활용센터,055-682-4950,김복례,09:00,18:00,00:00,00:00,일요일/공휴일,,http://www.gjywca.or.kr,055-639-4835,거제시청,2019-07-25,5370000,경상남도 거제시
예천군생활자원회수센터,직영,경상북도 예천군 예천읍 원고개길 57-25,경상북도 예천군 예천읍 청복리 650,36.6378176422,128.461653299,812,2019-01,22,플라스틱류,예천군,054-650-6175,김학동,09:00,18:00,00:00,00:00,"토,일요일",,,054-650-6175,경상북도 예천군청,2019-09-10,5230000,경상북도 예천군
양구군 전처리시설,직영,강원도 양구군 남면 국토정중앙로 300,,38.0707181246,128.0409528721,196,2018-10,10,재활용품 등,양구군청,033-480-2833,양구군수,09:00,18:00,09:00,18:00,일요일,,,033-480-2833,양구군청,2019-10-10,4320000,강원도 양구군
수원시자원순환센터,위탁,경기도 수원시 영통구 광교호수로 278-1(하동),경기도 수원시 영통구 하동 17-3,37.2892399636,127.0862851904,90444,2009-12,10,"플라스틱, 스티로폼, 병류, 고철, 알루미늄 캔 등",수원도시공사,031-888-7911,김귀연,08:00,17:00,08:00,14:00,"일요일, 공휴일",,http://www.suwonfmc.or.kr,031-888-7911,경기도 수원시,2019-10-15,3740000,경기도 수원시
중구재활용센터,위탁,서울특별시 중구 다산로 174,서울특별시 중구 청구동 330-17,37.5589776922,127.0134048849,390,1997-05,2,"가전, 가구, 컴퓨터, 의류, 도서 등",중구/동대문구 재활용센터,02-2233-7289,이재구,09:00,19:00,09:00,18:00,공휴일,판매일로부터 3개월이내 무상 수리,www.remarketc.co.kr,02-3396-5462,서울특별시 중구청,2019-12-23,3010000,서울특별시 중구
용산구 재활용센터,위탁,서울특별시 용산구 한강대로67길 22-20(한강로1가),서울특별시 용산구 한강로1가 73-1,37.53764656,126.971403,360,1996-07,1,"가전제품,가구류,사무용 기기,기타 재활용 가능한 물품",용산구 재활용센터,02-794-8666,제갈재호,09:00,19:00,10:00,18:00,법정공휴일 휴무,구입 후 6개월간,없음,02-2199-7314,용산구청,2020-01-21,3020000,서울특별시 용산구
용산구 재활용센터,위탁,서울특별시 용산구 한강대로67길 22-20(한강로1가),서울특별시 용산구 한강로1가 73-1,37.53764656,126.971403,360,1996-07,1,"가전제품,가구류,사무용 기기,기타 재활용 가능한 물품",용산구 재활용센터,02-794-8665,제갈재호,09:00,19:00,10:00,18:00,법정공휴일 휴무,구입 후 6개월간,없음,02-2199-7314,용산구청,2020-01-21,3020000,서울특별시 용산구
정읍시 재활용선별장,직영,전라북도 정읍시 영파길 169,전라북도 정읍시 영파동 399-1,35.6142384471,126.8549416486,1047,2005-02,3,"플라스틱, 스티로폼, 병, 종이, 고철, 비고철, 장판",전라북도 정읍시,063-539-5743,유진섭,09:00,18:00,09:00,13:00,"매주일요일, 설, 추석, 근로자의날",,,063-539-5743,전라북도 정읍시청,2020-01-31,4690000,전라북도 정읍시
남구 재활용품 및 대형폐기물 집하장,직영,광주광역시 남구 효천길 25-21,,35.1053990848,126.8782638972,684,2020-01,4,"플라스틱, 비닐, 스티로폼, 대형폐기물, 폐형광등, 잡병",광주광역시 남구청,,,09:00,18:00,00:00,00:00,,,,062-607-3631,광주광역시 남구청,2020-03-12,3610000,광주광역시 남구
의령군 재활용센터,위탁,"경상남도 의령군 의령읍 의병로8길 44, 3층",,35.3154531394,128.2558940961,45,2017-01,1,"옷, 가방 등",자원봉사협의회,,김선옥,09:00,18:00,00:00,00:00,공휴일 미운영,,,055-570-2622,경상남도 의령군청,2020-04-20,5390000,경상남도 의령군
청주시재활용(3R)센터,위탁,충청북도 청주시 서원구 무심서로 333,충청북도 청주시 서원구 모충동 94-9,36.6240125864,127.489364026,1070,2010-01,3,"가구, 세탁기, 냉장고 등",㈜청주재활용센터,043-285-7289,박흥규,09:00,18:00,00:00,00:00,"매주 일요일, 공휴일",판매일로부터 6개월 이내 무상수리,www.cjrecycling.co.kr,043-201-4672,충청북도 청주시청,2019-06-07,5710000,충청북도 청주시
안덕면 화순리 재활용 도움센터,직영,제주특별자치도 서귀포시 안덕면 화순로 154-42,제주특별자치도 서귀포시 안덕면 화순리 1989,33.2504308849,126.330419997,95.02,2017-09,0,생활쓰레기 배출,제주특별자치도 서귀포시 안덕면,064-760-4361,이상헌,06:00,22:00,06:00,22:00,없음,,,064-760-3201,제주특별자치도 서귀포시청,2019-05-31,6520000,제주특별자치도 서귀포시
밀양시 재활용품 선별장,직영,경상남도 밀양시 무안면 신생길 53-246,경상남도 밀양시 무안면 마흘리 산229-4,35.479551,128.686726,7137,2017-02,2,"플라스틱, 병류, 캔류, 스티로폼",밀양시,055-359-5328,밀양시장,09:00,18:00,00:00,00:00,"토요일, 일요일",없음,http://www.miryang.go.kr/station/main/?sk_id=envmng,055-359-5327,밀양시청,2017-11-01,5360000,경상남도 밀양시
동두천시 재활용선별장,직영,경기도 동두천시 강변로 872,경기도 동두천시 동두천동 432-1,37.9422687,127.0565911,7887,2005-06,3,"종이, 유리병, 비닐, 고철 등",경기도 동두천시청(환경보호과 재활용팀),031-860-2254,동두천시장,09:00,18:00,00:00,00:00,"토요일, 일요일",,없음,031-860-2254,동두천시청 환경보호과,2019-08-31,3920000,경기도 동두천시
김천시재활용선별장,위탁,경상북도 김천시 공단4길 51-11,경상북도 김천시 응명동1012-1,36.158511616,128.123453518,7110,2018-03,0,재활용품(29품목),김천시청,,김충섭,08:00,17:00,00:00,00:00,"일요일, 공휴일",,없음,053-357-3389,해동자원,2019-09-10,5060000,경상북도 김천시
중구새마을부녀회알뜰매장,위탁,대전광역시 중구 대종로386번길 69,대전광역시 중구 문창동 46-1,36.3213988,127.4340625,198,2000-03,1,"옷, 신발, 가방 등",새마을운동 대전광역시중구지회,042-252-4957,,13:00,17:00,00:00,00:00,"토, 일, 공휴일",물품 교환,,042-252-4957,새마을운동 대전광역시중구지회,2019-09-10,3650000,대전광역시 중구
대청면 대청 재활용 선별장,직영,인천광역시 옹진군 대청면 대청북로 53,인천광역시 옹진군 대청면 대청리 산16-26,37.8392089242,124.7053034687,415,2009-07,2,"재활용품(종이류,고철류,캔류,병류,플라스틱류,필름류,스티로폼류 등)",인천광역시 옹진군 대청면,032-899-3610,조윤길,09:00,18:00,09:00,13:00,일요일,,,032-899-2620,인천광역시 옹진군,2019-06-28,3580000,인천광역시 옹진군
백령면 재활용 선별장,직영,인천광역시 옹진군 백령면 백령남로72번길 356,인천광역시 옹진군 백령면 진촌리 2376,37.9571392948,124.6965634355,645.5,2008-10,6,"재활용품(종이류,고철류,캔류,병류,플라스틱류,필름류,스티로폼류 등)",인천광역시 옹진군 백령면,032-899-3420,조윤길,09:00,18:00,09:00,13:00,일요일,,,032-899-2620,인천광역시 옹진군,2019-06-28,3580000,인천광역시 옹진군
연평면 소연평 재활용 선별장,직영,인천광역시 옹진군 연평면 소연평로 161-94,인천광역시 옹진군 연평면 연평리 931-4,37.6127353584,125.7204598845,150,2006-11,0,"재활용품(종이류,고철류,캔류,병류,플라스틱류,필름류,스티로폼류 등)",인천광역시 옹진군 연평면,032-899-3490,조윤길,09:00,18:00,09:00,13:00,일요일,,,032-899-2620,인천광역시 옹진군,2019-06-28,3580000,인천광역시 옹진군
연평면 대연평 재활용 선별장,직영,인천광역시 옹진군 연평면 연평로 746-46,인천광역시 옹진군 연평면 연평리 505-1,37.6526547723,125.6910026155,309,2007-04,3,"재활용품(종이류,고철류,캔류,병류,플라스틱류,필름류,스티로폼류 등)",인천광역시 옹진군 연평면,032-899-3490,조윤길,09:00,18:00,09:00,13:00,일요일,,,032-899-2620,인천광역시 옹진군,2019-06-28,3580000,인천광역시 옹진군
북도면 장봉리 재활용 선별장,직영,인천광역시 옹진군 북도면 장봉로 678,인천광역시 옹진군 북도면 장봉리 546-2,37.5434518574,126.3327049375,336,2008-11,1,"재활용품(종이류,고철류,캔류,병류,플라스틱류,필름류,스티로폼류 등)",인천광역시 옹진군 북도면,032-899-3410,조윤길,09:00,18:00,09:00,13:00,일요일,,,032-899-2620,인천광역시 옹진군,2019-06-28,3580000,인천광역시 옹진군
북도면 신도리 재활용 선별장,직영,인천광역시 옹진군 북도면 시도로86번길 78,인천광역시 옹진군 북도면 시도리 277-31,37.5355577434,126.4316112448,321,2007-04,4,"재활용품(종이류,고철류,캔류,병류,플라스틱류,필름류,스티로폼류 등)",인천광역시 옹진군 북도면,032-899-3410,조윤길,09:00,18:00,09:00,13:00,일요일,,,032-899-2620,인천광역시 옹진군,2019-06-28,3580000,인천광역시 옹진군
평택시남부재활용센터,위탁,경기도 평택시 성동로 11번길 26,경기도 평택시 비전동 621-12,36.995207,127.091064,153.36,1998-01,1,"가전제품, 가구류 등",남부재활용센터,031-653-7288,김홍직,09:00,18:00,00:00,00:00,,판매일로부터 6개월이내 무상 수리,X,031-8024-3767,경기도 평택시청,2020-07-02,3910000,경기도 평택시
동래구 재활용센터,위탁,부산광역시 동래구 충렬대로202번길 33(수안동),부산광역시 동래구 수안동 2-7,35.201229,129.081915686,231.4,1995-12,1,가구 및 가전제품,동래구 재활용센터,051-554-5088,차복수,09:00,18:00,09:00,18:00,매주 일요일 휴무,구입 후 1년간 A/S가능,해당없음,051-550-4451,동래구 청소과,2019-08-20,3300000,부산광역시 동래구
익산시 생활자원 회수센터,위탁,전라북도 익산시 선화로 798,전라북도 익산시 부송동 157-93,35.96726401,127.000364,2972,2010-01,19,시홈페이지,(유)행복나누미,063-840-4430,김형섭,05:30,16:30,05:30,11:00,없음,없음,www. Iksan.go.kr,063-859-5471,전라북도 익산시청,2019-08-08,4680000,전라북도 익산시
서대문구재활용센터,위탁,서울특별시 서대문구 연희로 292,"서울특별시 서대문구 홍은동 425(구관), 426(신관)",37.583342,126.936452,1171.77,2019-05,04,"가전제품, 가구 등",(주)서대문구 재활용센터,02-394-8272,조봉현,09:00,18:00,00:00,00:00,공휴일    휴무,공휴일 제회 AS    가능,http://www.s8272.co.kr/,02-330-1713,서대문구청 청소행정과,2019-01-16,3120000,서울특별시 서대문구
환경자원센터,위탁,강원도 양양군 양양읍 되넘이길 80,강원도 양양군 양양읍 화일리 485,38.0937569,128.571566,1257,2009-01,3,재활용품 선별,(유)양양자활환경자원센터,033-671-2788,임무경,09:00,18:00,00:00,00:00,"토요일, 공휴일",,,033-670-2186,양양군청,2019-08-21,4350000,강원도 양양군
순천시자원순환센터,직영,전라남도 순천시 동주로 2230-63,전라남도 순천시 주암면 구산리 832,35.06763363,127.2463813,2391000,2014-04,3,재활용품 선별,순천에코그린㈜,061-751-8864,신수열,08:00,17:00,08:00,17:00,일,,,061-751-8864,순천시청,2019-08-28,4820000,전라남도 순천시
남부재활용센터,위탁,부산광역시 남구 홍곡로 26(감만동),부산광역시 남구 감만동 162-22,35.1161314009,129.082796,52,2018-01,1,가전제품,민간운영,051-644-8572,,12:00,00:00,12:00,00:00,,,,051-607-4451,부산광역시 남구청,2019-08-28,3310000,부산광역시 남구
용성가전에어컨,위탁,부산광역시 남구 용호로109번길3(용호동),부산광역시 남구 용호동366-8,35.1224926246,129.112594,66,2018-01,1,가전제품,민간운영,051-628-7704,,12:00,00:00,12:00,00:00,,,,051-607-4451,부산광역시 남구청,2019-08-28,3310000,부산광역시 남구
동아재활용센터,위탁,부산광역시 남구 동명로115-1(용호동),부산광역시 남구 용호동 413-13,35.1202162145,129.109779,40,2018-01,1,가전제품,민간운영,051-626-1713,,12:00,00:00,12:00,00:00,,,,051-607-4451,부산광역시 남구청,2019-08-28,3310000,부산광역시 남구
남구재활용센터,위탁,부산광역시 남구 석포로 126번길 4(대연동),부산광역시 남구 대연동 967-1,35.1281566978,129.091304,132,2018-01,1,"가구, 가전제품",민간운영,051-624-7282,,12:00,00:00,12:00,00:00,,,,051-607-4451,부산광역시 남구청,2019-08-28,3310000,부산광역시 남구
안산시재활용센터,위탁,경기도 안산시 단원구 선부광장로 45,경기도 안산시 단원구 선부동 1076-10,37.334924,126.812081,375.3,2019-07,2,"가구, 가전",(사)한국생활자원재활용협의회 안산시지회,031-405-8272,이종남,09:30,19:00,09:30,19:00,일요일,판매후 6개월 A/S,없음,031-481-2253,안산시청 자원순환과,2019-07-05,3930000,경기도 안산시
평창군 자원회수센터,직영,강원도 평창군 미탄면 서동로 3391-27,강원도 평창군 미탄면 창리 1006,37.342343,128.473812,1159,2019-04,0,"재활용품(폐지, 철캔, 알루미늄캔, 고철, PET, PS, PP, PE, 스티로폼, 공병)",평창군청,033-330-2059,평창군수,09:00,18:00,00:00,00:00,-,-,-,033-330-2059,평창군,2019-05-24,4280000,강원도 평창군
대정읍 동일1리 재활용 도움센터,직영,제주특별자치도 서귀포시 대정읍 동일하모로 90,제주특별자치도 서귀포시 대정읍 동일리 2829-3,33.2285266502,126.241454874,99.89,2017-07,0,생활쓰레기 배출,제주특별자치도 서귀포시,064-760-3201,양윤경,06:00,22:00,06:00,22:00,없음,,,064-760-3201,제주특별자치도 서귀포시청,2019-05-31,6520000,제주특별자치도 서귀포시
원주시 중고가전가구재활용센터(1호점),위탁,강원도 원주시 치악로 1601-6(단구동),강원도 원주시 단구동 724-22,37.3260743,127.9599504,495,2012-07,2,중고가구가전제품,개인,033-735-7388,원덕자,09:00,18:30,00:00,00:00,매주 일요일,애프터서비스운영,wjrecycle.com,033-737-3091,강원도 원주시청,2019-05-28,4190000,강원도 원주시
부산진구 재활용센터,위탁,부산광역시 부산진구 신천대로 155(부전동),부산광역시 부산진구 부전동 384-65,35.1556331471,129.050741067,145,1995-02,1,중고가구 및 잡화,한국재활용센터협의회 부산진구지회,051-805-8272,,09:00,18:00,00:00,00:00,"일, 공휴일 휴무",,,051-605-4457,부산진구청,2019-08-22,3290000,부산광역시 부산진구
정선군쓰레기위생매립장,직영,강원도 정선군 남면 광락로 691-233,강원도 정선군 남면 광덕리 365번지,37.307495,128.678191,44000,1997-03,9,생활폐기물,정선군,033-560-2398,정선군수,09:00,18:00,09:00,18:00,,,,033-560-2398,정선군,2019-06-30,4290000,강원도 정선군
의정부시재활용수리판매소,위탁,경기도 의정부시 장곡로 450(신곡동),경기도 의정부시 신곡동 681,37.7435522,127.0552001213,478.5,1998-06,2,"가전,가구 등",(사)한국생활자원재활용협회 의정부지회,031-842-7282,이종철,09:00,20:00,10:00,20:00,일요일 월 3회 휴무,판매 또는 교환물품이 6개월이내에 하자 발생시 무상수리,없음,031-828-2792,경기도 의정부시청,2019-10-03,3820000,경기도 의정부시
목포시 재활용선별센터,직영,전라남도 목포시 대양로 241-55,전라남도 목포시 대양동 산109-3,34.8279825265,126.4080457772,1404,2004-08,4,"페트, 혼합플라스틱, 철캔, 고철, 폐기, 알캔, 플라스틱, 병류, 스티로폼 등",전라남도 목포시청,061-270-8076,목포시장,07:00,17:00,00:00,00:00,매주 일요일,,없음,061-270-8076,전라남도 목포시청,2019-10-08,4800000,전라남도 목포시
광주광역시 동구 재활용선별장,직영,광주광역시 동구 남문로 486(소태동),광주광역시 동구 소태동 189-1,35.1150617,126.936132,410,2004-02,1,"스티로폼,플라스틱,캔 외 재활용가능자원",광주광역시 동구청,062-608-8936,임택,09:00,18:00,00:00,00:00,공휴일 미운영,,,062-608-8936,광주광역시 동구청,2019-10-08,3590000,광주광역시 동구
금산군재활용선별장,직영,충청남도 금산군 추부면 용천로798-51,충청남도 금산군 추부면 용지리 430,36.1711666465,127.4411889072,528,2016-01,0,"PET,공병,파지",충청남도 금산군청,041-750-2554,문정우,09:00,18:00,00:00,00:00,법정공휴일,,,041-750-2554,충청남도 금산군청,2019-07-09,4550000,충청남도 금산군
울주군 재활용품 선별장,직영,울산광역시 울주군 온산읍 화산로 113-11,울산광역시 울주군 온산읍 화산리 산 176-5,35.4194608,129.3287862,1432,1994-04,1,"폐합성수지, 종이류, 플라스틱, 고철, 캔류 등",울산광역시 울주군청,052-204-2153,울주군수,09:00,18:00,00:00,00:00,"매주토요일,일요일 및 법정공휴일",,,052-204-2153,울산광역시 울주군청,2019-09-06,3730000,울산광역시 울주군
