자동차검사소명,자동차검사소유형,소재지도로명주소,소재지지번주소,위도,경도,검사소전화번호,운영시간,검사진로수,부지면적,건물면적,검사기술인력수,신규검사여부,정기검사여부,튜닝검사여부,임시검사여부,수리검사여부,배출가스정밀검사여부,택시미터검정여부,관리기관전화번호,관리기관명,데이터기준일자,제공기관코드,제공기관명
상암자동차검사소,공공,서울특별시 마포구 구룡길 15  (상암동),,37.586536,126.883891,02-309-7033,평일 9~18 토요일 9~13,3,6620,3005,,Y,Y,Y,Y,Y,Y,Y,02-309-5000,서울본부,2018-09-10,B500011,교통안전공단
주식회사태안현대정비공장,민간,충청남도 태안군 태안읍 평촌길 26,충청남도 태안군 태안읍 평촌길 26,36.7539207587,126.3305716317,041-675-9913,평일:09~18:00+토요일:09:00~13:00,1,2085,2085,2,Y,Y,Y,Y,Y,Y,N,041-670-2718,태안군,2020-03-25,4620000,충청남도 태안군
태안기아서비스(주),민간,충청남도 태안군 태안읍 서해로2068-16,충청남도 태안군 태안읍 평천리63-13,36.75654089,126.3324482,041-675-6666,평일:09~18:00+토요일:09:00~13:00,1,4160,4160,2,Y,Y,Y,Y,Y,Y,N,041-670-2805,태안군,2020-03-25,4620000,충청남도 태안군
안면자동차공업사,민간,충청남도 태안군 안면읍 장터로181-5,충청남도 태안군 안면읍 승언리965,36.52326127,126.3445332,041-674-8888,평일:09~18:00+토요일:09:00~13:00,1,5725,5725,2,Y,Y,Y,Y,Y,Y,N,041-670-2805,태안군,2020-03-25,4620000,충청남도 태안군
태안현대서비스,민간,충청남도 태안군 태안읍 원이로79,충청남도 태안군 태안읍 삭선리514-2,36.7640948,126.2875168,041-675-5217,평일:09~18:00+토요일:09:00~13:00,1,3228,3228,2,Y,Y,Y,Y,Y,Y,N,041-670-2805,태안군,2020-03-25,4620000,충청남도 태안군
반도자동차공업사,민간,충청남도 태안군 태안읍 환동로11,충청남도 태안군 태안읍 남문리653-3,36.74841941,126.2923958,041-675-4011,평일:09~18:00+토요일:09:00~13:00,1,1258,1258,2,Y,Y,Y,Y,Y,Y,N,041-670-2805,태안군,2020-03-25,4620000,충청남도 태안군
북광주자동차검사소,공공,광주광역시 광산구  사암로  877 (도천동),,35.218149,126.825158,062-962-0990,평일 9~18 토요일 9~13,3,4776,923,,Y,Y,Y,Y,Y,Y,Y,062-606-7610,광주전남본부,2018-09-10,B500011,교통안전공단
강남자동차검사소,공공,서울특별시 강남구  헌릉로745길  13 (율현동),,37.468380,127.119242,02-459-2844,평일 9~18 토요일 9~13,5,4837,967,,Y,Y,Y,Y,Y,Y,Y,02-309-5000,서울본부,2018-09-10,B500011,교통안전공단
새성호정비공업사,민간,경상남도 고성군 고성읍 공단로 71,경상남도 고성군 고성읍 율대리 716,34.9699638555,128.337929595,055-673-7700,평일:09:00~18:00,2,556,556,,N,Y,N,Y,N,N,N,,경상남도 고성군청,2019-09-06,5420000,경상남도 고성군
고성정비,민간,경상남도 고성군 회화면 배둔로 9,경상남도 고성군 회화면 배둔리829-8,35.0566278,128.3672325,055-673-6855,평일:09:00~18:00,2,658,658,,N,Y,N,Y,N,N,N,,경상남도 고성군청,2019-09-06,5420000,경상남도 고성군
경남자동차중기정비,민간,경상남도 고성군 고성읍 남해안대로 2556,경상남도 고성군 고성읍 율대리656-8,34.9721813609,128.335971,055-674-3170,평일:09:00~18:00,2,3362,1456,,N,Y,N,Y,N,N,N,,경상남도 고성군청,2019-09-06,5420000,경상남도 고성군
(유)영진종합자동차정비,민간,경상남도 고성군 고성읍 공단로 61,경상남도 고성군 고성읍 율대리 766,34.969513923,128.336227338,055-674-1996,평일:09:00~18:00,2,2971,917,3,N,Y,N,Y,N,N,N,,경상남도 고성군청,2019-09-06,5420000,경상남도 고성군
성산자동차검사소,공공,서울특별시 마포구 월드컵로 220  (성산동),,37.567364,126.900682,02-306-5986,평일 9~18 토요일 9~13,8,15731,2549,,Y,Y,Y,Y,Y,Y,Y,02-309-5000,서울본부,2018-09-10,B500011,교통안전공단
노원자동차검사소,공공,서울특별시 노원구  공릉로62길  41 (하계동),,37.637477,127.071626,02-972-4121,평일 9~18 토요일 9~13,6,9456,1847,,Y,Y,Y,Y,Y,Y,Y,02-309-5000,서울본부,2018-09-10,B500011,교통안전공단
구로자동차검사소,공공,서울특별시 구로구  경인로  113 (오류동),,37.492573,126.833986,02-2037-6000,평일 9~18 토요일 9~13,5,4114,1510,,Y,Y,Y,Y,Y,Y,Y,02-309-5000,서울본부,2018-09-10,B500011,교통안전공단
성동자동차검사소,공공,서울특별시 성동구  가람길  117 (송정동),,37.554015,127.057745,02-2244-2556,평일 9~18 토요일 9~13,2,3089,491,,Y,Y,Y,Y,Y,Y,Y,02-309-5000,서울본부,2018-09-10,B500011,교통안전공단
사하자동차검사소,공공,부산광역시 사하구  을숙도대로  631 (신평동),,35.085862,128.974128,051-204-9536,평일 9~18 토요일 9~13,3,10126,1404,,Y,Y,Y,Y,Y,Y,Y,051-315-5000,부산본부,2018-09-10,B500011,교통안전공단
주례자동차검사소,공공,부산광역시 사상구  학장로  256 (주례동),,35.145118,128.994556,051-324-1431,평일 9~18 토요일 9~13,4,10542,1924,,Y,Y,Y,Y,Y,Y,Y,051-315-5000,부산본부,2018-09-10,B500011,교통안전공단
하나윈모터스종합정비,민간,경상남도 고성군 고성읍 율대4길 4-21,경상남도 고성군 고성읍 율대리 764-1,34.9687455386,128.337252836,055-670-1004,평일:09:00~18:00,4,2138,411.72,3,N,Y,N,Y,N,N,N,,경상남도 고성군청,2019-09-06,5420000,경상남도 고성군
신라자동차1급정비공업사,민간,경상남도 고성군 고성읍 남해안대로 2524,경상남도 고성군 고성읍 율대리 684-2,34.9693068501,128.335387456,055-673-7711,평일:09:00~18:00,4,5279,904,,N,Y,N,Y,N,N,N,,경상남도 고성군청,2019-09-06,5420000,경상남도 고성군
대도정비,민간,경상남도 의령군 의령읍 의병로 107,,35.32107666,128.2489696,055-573-8275,평일:09:00~17:30 + 토요일:9:00~11:30,1,1058,526.1,1,N,Y,N,N,N,N,Y,055-570-3134,의령군,2020-04-09,5390000,경상남도 의령군
동부1급정비공장,민간,경상남도 의령군 부림면 의합대로 2102,,35.46086044,128.3300157,055-574-9300,평일:08:00~17:30 + 토요일:운영안함,1,1234,504,1,N,Y,N,N,N,Y,N,055-570-3134,의령군,2020-04-09,5390000,경상남도 의령군
해운대자동차검사소,공공,부산광역시 해운대구  센텀동로  201 (재송동),,35.184029,129.119750,051-783-2500,평일 9~18 토요일 9~13,6,11424,2363,,Y,Y,Y,Y,Y,Y,Y,051-315-5000,부산본부,2018-09-10,B500011,교통안전공단
이현자동차검사소,공공,대구광역시 서구  문화로  27 (이현동),,35.874780,128.535678,053-565-5000,평일 9~18 토요일 9~13,4,8145,1910,,Y,Y,Y,Y,Y,Y,Y,053-794-3812,대구경북본부,2018-09-10,B500011,교통안전공단
수성자동차검사소,공공,대구광역시 수성구  노변로  33 (노변동),,35.834071,128.699010,053-791-6040,평일 9~18 토요일 9~13,4,10240,2038,,Y,Y,Y,Y,Y,Y,Y,053-794-3812,대구경북본부,2018-09-10,B500011,교통안전공단
달서자동차검사소,공공,대구광역시 달서구  월배로5길  10 (유천동),,35.813098,128.516955,053-587-8181,평일 9~18 토요일 9~13,2,2790,419,,Y,Y,Y,Y,Y,Y,Y,053-794-3812,대구경북본부,2018-09-10,B500011,교통안전공단
인천자동차검사소,공공,인천광역시 미추홀구 아암대로253번길 81 (학익동),,37.441810,126.637672,032-831-0196,평일 9~18 토요일 9~13,5,6627,1690,,Y,Y,Y,Y,Y,Y,Y,032-833-5000,인천본부,2018-09-10,B500011,교통안전공단
서인천자동차검사소,공공,인천광역시 서구 중봉대로 218  (가좌동),,37.498787,126.648920,032-579-7811,평일 9~18 토요일 9~13,4,4304,1097,,Y,Y,Y,Y,Y,Y,Y,032-833-5000,인천본부,2018-09-10,B500011,교통안전공단
광주자동차검사소,공공,광주광역시 남구  송암로  96 (송하동),,35.113635,126.875295,062-606-7650,평일 9~18 토요일 9~13,4,8504,2276,,Y,Y,Y,Y,Y,Y,Y,062-606-7610,광주전남본부,2018-09-10,B500011,교통안전공단
대전자동차검사소,공공,대전광역시 서구 변동로 44  (변동),,36.325276,127.377910,042-523-5095,평일 9~18 토요일 9~13,3,5671,1097,,Y,Y,Y,Y,Y,Y,Y,042-933-4325,대전충남본부,2018-09-10,B500011,교통안전공단
신탄진자동차검사소,공공,대전광역시 대덕구  대덕대로1417번길  31 (문평동),,36.447401,127.405709,042-931-8106,평일 9~18 토요일 9~13,3,6150,1649,,Y,Y,Y,Y,Y,Y,Y,042-933-4325,대전충남본부,2018-09-10,B500011,교통안전공단
유성자동차검사소,공공,대전광역시 서구  계룡로232번길  123 (월평동),,36.346190,127.354967,042-535-7147,평일 9~18 토요일 9~13,2,1321,222,,Y,Y,Y,Y,Y,Y,Y,042-933-4325,대전충남본부,2018-09-10,B500011,교통안전공단
울산자동차검사소,공공,울산광역시 남구 장생포로 8  (여천동),,35.519047,129.343996,052-269-8598,평일 9~18 토요일 9~13,3,3347,1226,,Y,Y,Y,Y,Y,Y,Y,052-256-9373,울산본부,2018-09-10,B500011,교통안전공단
세종자동차검사소,공공,세종특별자치시    종합운동장로  11-5 (대평동),,36.467698,127.267753,044-868-0515,평일 9~18 토요일 9~13,3,7197,1426,,Y,Y,Y,Y,Y,Y,Y,042-933-4325,대전충남본부,2018-09-10,B500011,교통안전공단
수원자동차검사소,공공,경기도 수원시 영통구 신원로 240  (매탄동),,37.256963,127.060248,031-211-2414,평일 9~18 토요일 9~13,3,5270,1166,,Y,Y,Y,Y,Y,Y,Y,031-297-5000,경기남부본부,2018-09-10,B500011,교통안전공단
의정부자동차검사소,공공,경기도 의정부시  평화로  287 (호원동),,37.717530,127.046759,031-871-5000,평일 9~18 토요일 9~13,2,3198,507,,Y,Y,Y,Y,Y,Y,Y,031-297-5000,경기북부본부,2018-09-10,B500011,교통안전공단
성남자동차검사소,공공,경기도 성남시 중원구 사기막골로148번길 8  (상대원동),,37.441054,127.178370,031-747-9467,평일 9~18 토요일 9~13,3,4222,1107,,Y,Y,Y,Y,Y,Y,Y,031-297-5000,경기남부본부,2018-09-10,B500011,교통안전공단
부천자동차검사소,공공,경기도 부천시 오정구  오정로  42 (삼정동),,37.525119,126.765158,032-674-5000,평일 9~18 토요일 9~13,4,6817,1555,,Y,Y,Y,Y,Y,Y,Y,032-833-5000,인천본부,2018-09-10,B500011,교통안전공단
안양자동차검사소,공공,경기도 안양시 동안구 시민대로 392  (관양동),,37.395469,126.973593,031-422-4500,평일 9~18 토요일 9~13,4,4367,1254,,Y,Y,Y,Y,Y,Y,Y,031-297-5000,경기남부본부,2018-09-10,B500011,교통안전공단
고양자동차검사소,공공,경기도 고양시 일산동구  성석로  141 (성석동),,37.689878,126.797928,031-977-3939,평일 9~18 토요일 9~13,3,4714,1022,,Y,Y,Y,Y,Y,Y,Y,031-837-7603,경기북부본부,2018-09-10,B500011,교통안전공단
남양주자동차검사소,공공,경기도 남양주시 진건읍 독정로273번길 31-19,,37.676141,127.196278,031-575-1472,평일 9~18 토요일 9~13,3,2625,861,,Y,Y,Y,Y,Y,Y,Y,031-837-7603,경기북부본부,2018-09-10,B500011,교통안전공단
서수원자동차검사소,공공,경기도 수원시 권선구 수인로 24  (서둔동),,37.256963,127.060248,031-293-9339,평일 9~18 토요일 9~13,4,6166,1232,,Y,Y,Y,Y,Y,Y,Y,031-297-5000,경기남부본부,2018-09-10,B500011,교통안전공단
용인자동차검사소,공공,경기도 용인시 기흥구  중부대로  853 (상하동),,37.253021,127.146295,031-281-3709,평일 9~18 토요일 9~13,2,4323,776,,Y,Y,Y,Y,Y,Y,Y,031-297-5000,경기남부본부,2018-09-10,B500011,교통안전공단
안산자동차검사소,공공,경기도 안산시 상록구  안산천서로6길  16 (월피동),,37.337451,126.849213,031-475-5270,평일 9~18 토요일 9~13,2,4480,826,,Y,Y,Y,Y,Y,Y,Y,031-297-5000,경기남부본부,2018-09-10,B500011,교통안전공단
춘천자동차검사소,공공,강원도 춘천시 동내로 10  (석사동),,37.849651,127.754299,033-262-2255,평일 9~18 토요일 9~13,2,4174,939,,Y,Y,Y,Y,Y,Y,Y,033-261-1580,강원본부,2018-09-10,B500011,교통안전공단
원주자동차검사소,공공,강원도 원주시 행구로 255  (행구동),,37.344080,127.984073,033-747-1110,평일 9~18 토요일 9~13,2,5699,827,,Y,Y,Y,Y,Y,Y,Y,033-261-1580,강원본부,2018-09-10,B500011,교통안전공단
강릉자동차검사소,공공,강원도 강릉시  경강로  1952-10 (홍제동),,37.747298,128.882390,033-646-5000,평일 9~18 토요일 9~13,1,2975,408,,Y,Y,Y,Y,Y,Y,Y,033-261-1580,강원본부,2018-09-10,B500011,교통안전공단
태백자동차검사소,공공,강원도 태백시  태백로  576 (화전동),,37.186924,128.961678,033-553-8191,평일 9~18 토요일 9~13,1,3306,451,,Y,Y,Y,Y,Y,N,Y,033-261-1580,강원본부,2018-09-10,B500011,교통안전공단
동해자동차검사소,공공,강원도 동해시  강원남부로  4772 (단봉동),,37.475050,129.119491,033-521-6303,평일 9~18 토요일 9~13,1,4704,459,,Y,Y,Y,Y,Y,N,Y,033-261-1580,강원본부,2018-09-10,B500011,교통안전공단
청주자동차검사소,공공,충청북도 청주시 흥덕구  사운로386번길  21 (신봉동),,36.661164,127.466372,043-272-1889,평일 9~18 토요일 9~13,2,3902,912,,Y,Y,Y,Y,Y,Y,Y,043-269-5000,충북본부,2018-09-10,B500011,교통안전공단
충주자동차검사소,공공,충청북도 충주시 목행산단6로 27  (금릉동),,37.000899,127.919672,043-853-5050,평일 9~18 토요일 9~13,1,4961,833,,Y,Y,Y,Y,Y,Y,Y,043-269-5000,충북본부,2018-09-10,B500011,교통안전공단
천안자동차검사소,공공,충청남도 천안시 서북구  음봉로  909-15 (백석동),,36.825738,127.106228,041-552-6905,평일 9~18 토요일 9~13,2,4215,839,,Y,Y,Y,Y,Y,Y,Y,042-933-4325,대전충남본부,2018-09-10,B500011,교통안전공단
홍성자동차검사소,공공,충청남도 홍성군 홍성읍 충서로 1207,,36.583788,126.654917,041-632-5837,평일 9~18 토요일 9~13,1,5446,774,,Y,Y,Y,Y,Y,Y,Y,042-933-4325,대전충남본부,2018-09-10,B500011,교통안전공단
전주자동차검사소,공공,전라북도 전주시 덕진구 팔복동3가 신행로  44 (팔복동3가),,35.849189,127.093172,063-211-9936,평일 9~18 토요일 9~13,3,4737,1278,,Y,Y,Y,Y,Y,Y,Y,063-212-4740,전북본부,2018-09-10,B500011,교통안전공단
군산자동차검사소,공공,전라북도 군산시 외항로 292  (소룡동),,35.969750,126.636934,063-467-3508,평일 9~18 토요일 9~13,1,3306,404,,Y,Y,Y,Y,Y,Y,Y,063-212-4740,전북본부,2018-09-10,B500011,교통안전공단
남원자동차검사소,공공,전라북도 남원시  충정로  265-15 (월락동),,35.426106,127.396764,063-625-2803,평일 9~18 토요일 9~13,1,3208,458,,Y,Y,Y,Y,Y,N,Y,063-212-4740,전북본부,2018-09-10,B500011,교통안전공단
정읍자동차검사소,공공,전라북도 정읍시  해평복룡길  11 (공평동),,35.583689,126.831870,063-535-6009,평일 9~18 토요일 9~13,2,3838,774,,Y,Y,Y,Y,Y,N,Y,063-212-4740,전북본부,2018-09-10,B500011,교통안전공단
익산자동차검사소,공공,전라북도 익산시 석암로13길 101-7  (팔봉동),,35.954731,127.004955,063-832-0404,평일 9~18 토요일 9~13,2,989,301,,Y,Y,Y,Y,Y,N,Y,063-212-4740,전북본부,2018-09-10,B500011,교통안전공단
목포자동차검사소,공공,전라남도 목포시 옥암로 153  (상동),,34.811941,126.422817,061-283-5004,평일 9~18 토요일 9~13,2,3596,774,,Y,Y,Y,Y,Y,Y,Y,062-606-7610,광주전남본부,2018-09-10,B500011,교통안전공단
순천자동차검사소,공공,전라남도 순천시 해촌길 10  (조례동),,34.964914,127.549540,061-741-5532,평일 9~18 토요일 9~13,2,2578,512,,Y,Y,Y,Y,Y,Y,Y,062-606-7610,광주전남본부,2018-09-10,B500011,교통안전공단
여수자동차검사소,공공,전라남도 여수시  만성로  184-11 (만흥동),,34.773412,127.716752,061-653-9893,평일 9~18 토요일 9~13,1,3258,368,,Y,Y,Y,Y,Y,Y,Y,062-606-7610,광주전남본부,2018-09-10,B500011,교통안전공단
포항자동차검사소,공공,경상북도 포항시 남구  섬안로45번길  34 (괴동동),,35.995630,129.365259,054-285-2134,평일 9~18 토요일 9~13,2,4959,996,,Y,Y,Y,Y,Y,Y,Y,053-794-3812,대구경북본부,2018-09-10,B500011,교통안전공단
구미자동차검사소,공공,경상북도 구미시  야은로  722 (원평동),,36.124653,128.358293,054-456-7514,평일 9~18 토요일 9~13,2,3293,620,,Y,Y,Y,Y,Y,Y,Y,053-794-3812,대구경북본부,2018-09-10,B500011,교통안전공단
안동자동차검사소,공공,경상북도 안동시  경북대로  166-13 (수상동),,36.548136,128.702860,054-858-8447,평일 9~18 토요일 9~13,2,4629,833,,Y,Y,Y,Y,Y,Y,Y,053-794-3812,대구경북본부,2018-09-10,B500011,교통안전공단
영주자동차검사소,공공,경상북도 영주시  구성로88번길  52 (휴천동),,36.803413,128.633022,054-636-0279,평일 9~18 토요일 9~13,1,2729,458,,Y,Y,Y,Y,Y,N,Y,053-794-3812,대구경북본부,2018-09-10,B500011,교통안전공단
문경자동차검사소,공공,경상북도 문경시  영신로  81 (점촌동),,36.593401,128.208688,054-552-2820,평일 9~18 토요일 9~13,1,2259,322,,Y,Y,Y,Y,Y,N,Y,053-794-3812,대구경북본부,2018-09-10,B500011,교통안전공단
경주자동차검사소,공공,경상북도 경주시  산업로  4391 (용강동),,35.871898,129.224581,054-773-0448,평일 9~18 토요일 9~13,1,4537,1253,,Y,Y,Y,Y,Y,Y,Y,053-794-3812,대구경북본부,2018-09-10,B500011,교통안전공단
창원자동차검사소,공공,경상남도 창원시 의창구  창원대로  494 (대원동),,35.228841,128.649330,055-273-5000,평일 9~18 토요일 9~13,5,5883,1692,,Y,Y,Y,Y,Y,Y,Y,055-294-2501,경남본부,2018-09-10,B500011,교통안전공단
진주자동차검사소,공공,경상남도 진주시 솔밭로43번길 15  (상평동),,35.172720,128.105534,055-752-0814,평일 9~18 토요일 9~13,2,2670,709,,Y,Y,Y,Y,Y,Y,Y,055-294-2501,경남본부,2018-09-10,B500011,교통안전공단
거창자동차검사소,공공,경상남도 거창군 거창읍 밤티재로  1301 (거창읍),,35.671440,127.930642,055-945-1444,평일 9~18 토요일 9~13,1,3323,472,,Y,Y,Y,Y,Y,N,Y,055-294-2501,경남본부,2018-09-10,B500011,교통안전공단
김해자동차검사소,공공,경상남도 김해시 주촌면 골든루트로 65-6,,35.212194,128.828033,055-333-5205,평일 9~18 토요일 9~13,2,3449,973,,Y,Y,Y,Y,Y,Y,Y,055-294-2501,경남본부,2018-09-10,B500011,교통안전공단
제주자동차검사소,공공,제주특별자치도 제주시  삼봉로  79 (도련이동),,33.514340,126.589609,064-723-3114,평일 9~18 토요일 9~13,2,4893,966,,Y,Y,Y,Y,Y,Y,Y,064-755-3110,제주본부,2018-09-10,B500011,교통안전공단
㈜울산남구모터스,민간,울산광역시 남구 봉월로 74,울산광역시 남구 신정동 1136-8,35.5390124,129.3058069186,052-274-8888,평일:09~18시 토요일:09~13시,1,915,100,2,N,Y,N,N,N,Y,Y,052-229-4282,울산광역시 교통정책과,2019-11-22,3700000,울산광역시 남구
㈜오토종합정비,민간,울산광역시 남구 산업로 100,울산광역시 남구 상개동 50,35.5059144758,129.3200084518,052-912-0011,평일:09~18시 토요일:09~13시,1,2909,100,3,N,Y,N,N,N,Y,N,052-229-4282,울산광역시 교통정책과,2019-11-22,3700000,울산광역시 남구
1급강서정비공업사,민간,울산광역시 남구 남산로 29,울산광역시 남구 무거동 117-1,35.5528618,129.2738437,052-277-9400,평일:09~18시 토요일:09~13시,1,1236,100,4,N,Y,N,N,N,Y,N,052-229-4282,울산광역시 교통정책과,2019-11-22,3700000,울산광역시 남구
여천자동차종합정비,민간,울산광역시 남구 여천로 80,울산광역시 남구 야음동 168-1,35.5240496307,129.3428216119,052-256-3800,평일:09~18시 토요일:09~13시,1,1310,100,2,N,Y,N,N,N,Y,Y,052-229-4282,울산광역시 교통정책과,2019-11-22,3700000,울산광역시 남구
주식회사 처용,민간,울산광역시 남구 두왕로 69,울산광역시 남구 두왕동 71-13,35.5095647356,129.3084058,052-227-1234,평일:09~18시 토요일:09~13시,1,3899,100,3,N,Y,N,N,N,Y,Y,052-229-4282,울산광역시 교통정책과,2019-11-22,3700000,울산광역시 남구
태양종합정비㈜,민간,울산광역시 남구 산업로 585번길 24,울산광역시 남구 여천동 1268-8,35.5333774,129.3477222,052-268-1113,평일:09~18시 토요일:09~13시,1,3084,100,3,N,Y,N,N,N,Y,Y,052-229-4282,울산광역시 교통정책과,2019-11-22,3700000,울산광역시 남구
동영1급종합정비,민간,울산광역시 남구 화합로 14,울산광역시 남구 여천동 1108-3,35.5265699926,129.3438825132,052-266-1424,평일:09~18시 토요일:09~13시,1,2909,100,2,N,Y,N,N,N,Y,Y,052-229-4282,울산광역시 교통정책과,2019-11-22,3700000,울산광역시 남구
남구현대종합정비,민간,울산광역시 남구 신복로6번길 29,울산광역시 남구 무거동 1524-2,35.5498982248,129.2621297,052-247-9310,평일:09~18시 토요일:09~13시,1,952,100,3,N,Y,N,N,N,Y,Y,052-229-4282,울산광역시 교통정책과,2019-11-22,3700000,울산광역시 남구
수성1급종합정비,민간,울산광역시 남구 산업로 130,울산광역시 남구 상개동 79,35.5067617655,129.3211171771,052-257-8777,평일:09~18시 토요일:09~13시,1,4284,100,4,N,Y,N,N,N,Y,Y,052-229-4282,울산광역시 교통정책과,2019-11-22,3700000,울산광역시 남구
신일공업㈜,민간,울산광역시 남구 남중로 133,울산광역시 남구 삼산동 178-2,35.5462115,129.3481241980,052-288-7777,평일:09~18시 토요일:09~13시,1,1745,100,3,N,Y,N,N,N,Y,Y,052-229-4282,울산광역시 교통정책과,2019-11-22,3700000,울산광역시 남구
성웅종합정비,민간,울산광역시 남구 돋질로 312,울산광역시 남구 삼산동 1545-6,35.5439221606,129.3388542,052-272-8200,평일:09~18시 토요일:09~13시,1,1014,100,3,N,Y,N,N,N,Y,Y,052-229-4282,울산광역시 교통정책과,2019-11-22,3700000,울산광역시 남구
강남자동차검사소,공공,서울특별시 강남구 헌릉로745길 13 (율현동),서울특별시 강남구 율현동 123-1,37.4685085076,127.1186806857,02-459-2844,평일 9~18 토요일 9~13,5,4837,967,,Y,Y,Y,Y,Y,Y,Y,02-309-5000,서울본부,2020-06-23,B553881,한국교통안전공단
강릉자동차검사소,공공,강원도 강릉시 경강로 1952-10 (홍제동),강원도 강릉시 홍제동 365-6,37.7473558175,128.8824206682,033-646-5000,평일 9~18 토요일 9~13,1,2975,408,,Y,Y,Y,Y,Y,Y,Y,033-261-1580,강원본부,2020-06-23,B553881,한국교통안전공단
거창자동차검사소,공공,경상남도 거창군 거창읍 밤티재로 1301 (거창읍),경상남도 거창군 거창읍 정장리 207-1,35.6715261182,127.9306740664,055-945-1444,평일 9~18 토요일 9~13,1,3323,472,,Y,Y,Y,Y,Y,N,Y,055-294-2501,경남본부,2020-06-23,B553881,한국교통안전공단
경주자동차검사소,공공,경상북도 경주시 산업로 4391 (용강동),경상북도 경주시 용강동 859-3,35.8719412554,129.2245804,054-773-0448,평일 9~18 토요일 9~13,1,4537,1253,,Y,Y,Y,Y,Y,Y,Y,053-794-3812,대구경북본부,2020-06-23,B553881,한국교통안전공단
고양자동차검사소,공공,경기도 고양시 일산동구 성석로 141 (성석동),경기도 고양시 일산동구 성석동 827-2,37.6899097290,126.7979117201,031-977-3939,평일 9~18 토요일 9~13,3,4714,1022,,Y,Y,Y,Y,Y,Y,Y,031-837-7603,경기북부본부,2020-06-23,B553881,한국교통안전공단
광주자동차검사소,공공,광주광역시 남구 송암로 96 (송하동),광주광역시 남구 송하동 251-4,35.1136346,126.8750002244,062-606-7650,평일 9~18 토요일 9~13,4,8504,2276,,Y,Y,Y,Y,Y,Y,Y,062-606-7610,광주전남본부,2020-06-23,B553881,한국교통안전공단
구로자동차검사소,공공,서울특별시 구로구 경인로 113 (오류동),서울특별시 구로구 오류동 91-1,37.4926481681,126.8334218087,02-2037-6000,평일 9~18 토요일 9~13,5,4114,1510,,Y,Y,Y,Y,Y,Y,Y,02-309-5000,서울본부,2020-06-23,B553881,한국교통안전공단
구미자동차검사소,공공,경상북도 구미시 야은로 722 (원평동),경상북도 구미시 원평동 941,36.1247009027,128.3582939,054-456-7514,평일 9~18 토요일 9~13,2,3293,620,,Y,Y,Y,Y,Y,Y,Y,053-794-3812,대구경북본부,2020-06-23,B553881,한국교통안전공단
군산자동차검사소,공공,전라북도 군산시 외항로 292 (소룡동),전라북도 군산시 소룡동 60-2,35.9698484426,126.6369344,063-467-3508,평일 9~18 토요일 9~13,1,3306,404,,Y,Y,Y,Y,Y,Y,Y,063-212-4740,전북본부,2020-06-23,B553881,한국교통안전공단
김해자동차검사소,공공,경상남도 김해시 주촌면 골든루트로 65-6,경상남도 김해시 주촌면 농소리 633-1,35.2122932813,128.8281836,055-333-5205,평일 9~18 토요일 9~13,2,3449,973,,Y,Y,Y,Y,Y,Y,Y,055-294-2501,경남본부,2020-06-23,B553881,한국교통안전공단
남양주자동차검사소,공공,경기도 남양주시 진건읍 독정로273번길 31-19,경기도 남양주시 진건읍 송능리 60-7,37.6769141,127.1962784,031-575-1472,평일 9~18 토요일 9~13,3,2625,861,,Y,Y,Y,Y,Y,Y,Y,031-837-7603,경기북부본부,2020-06-23,B553881,한국교통안전공단
남원자동차검사소,공공,전라북도 남원시 충정로 265-15 (월락동),전라북도 남원시 월락동 530,35.4258176846,127.3964367527,063-625-2803,평일 9~18 토요일 9~13,1,3208,458,,Y,Y,Y,Y,Y,N,Y,063-212-4740,전북본부,2020-06-23,B553881,한국교통안전공단
노원자동차검사소,공공,서울특별시 노원구 공릉로62길 41 (하계동),서울특별시 노원구 하계동 252,37.6374723,127.071625,02-972-4121,평일 9~18 토요일 9~13,6,9456,1847,,Y,Y,Y,Y,Y,Y,Y,02-309-5000,서울본부,2020-06-23,B553881,한국교통안전공단
달서자동차검사소,공공,대구광역시 달서구 월배로5길 10 (유천동),대구광역시 달서구 유천동 360-6,35.8128169125,128.5170497148,053-587-8181,평일 9~18 토요일 9~13,2,2790,419,,Y,Y,Y,Y,Y,Y,Y,053-794-3812,대구경북본부,2020-06-23,B553881,한국교통안전공단
대전자동차검사소,공공,대전광역시 서구 변동로 44 (변동),대전광역시 서구 변동 51-1,36.3248411684,127.3779096,042-523-5095,평일 9~18 토요일 9~13,3,5671,1097,,Y,Y,Y,Y,Y,Y,Y,042-933-4325,대전충남본부,2020-06-23,B553881,한국교통안전공단
동해자동차검사소,공공,강원도 동해시 강원남부로 4772 (단봉동),강원도 동해시 단봉동 271-7,37.4750363587,129.1195303461,033-521-6303,평일 9~18 토요일 9~13,1,4704,459,,Y,Y,Y,Y,Y,N,Y,033-261-1580,강원본부,2020-06-23,B553881,한국교통안전공단
목포자동차검사소,공공,전라남도 목포시 옥암로 153 (상동),전라남도 목포시 상동 713-22,34.8119407,126.4227879622,061-283-5004,평일 9~18 토요일 9~13,2,3596,774,,Y,Y,Y,Y,Y,Y,Y,062-606-7610,광주전남본부,2020-06-23,B553881,한국교통안전공단
문경자동차검사소,공공,경상북도 문경시 영신로 81 (점촌동),경상북도 문경시 점촌동 17-1,36.5933976,128.2086838,054-552-2820,평일 9~18 토요일 9~13,1,2259,322,,Y,Y,Y,Y,Y,N,Y,053-794-3812,대구경북본부,2020-06-23,B553881,한국교통안전공단
부천자동차검사소,공공,경기도 부천시 오정로42 (삼정동),경기도 부천시 삼정동 29-4,37.5245932723,126.7650540450,032-674-5000,평일 9~18 토요일 9~13,4,6817,1555,,Y,Y,Y,Y,Y,Y,Y,032-833-5000,인천본부,2020-06-23,B553881,한국교통안전공단
북광주자동차검사소,공공,광주광역시 광산구 사암로 877 (도천동),광주광역시 광산구 도천동 1-9,35.2180285052,126.8247380121,062-962-0990,평일 9~18 토요일 9~13,3,4776,923,,Y,Y,Y,Y,Y,Y,Y,062-606-7610,광주전남본부,2020-06-23,B553881,한국교통안전공단
사하자동차검사소,공공,부산광역시 사하구 을숙도대로 631 (신평동),부산광역시 사하구 신평동 572,35.0860850117,128.9747312720,051-204-9536,평일 9~18 토요일 9~13,3,10126,1404,,Y,Y,Y,Y,Y,Y,Y,051-315-5000,부산본부,2020-06-23,B553881,한국교통안전공단
상암자동차검사소,공공,서울특별시 마포구 구룡길 15 (상암동),서울특별시 마포구 상암동 1733,37.5864923,126.8840895724,02-309-7033,평일 9~18 토요일 9~13,3,6620,3005,,Y,Y,Y,Y,Y,Y,Y,02-309-5000,서울본부,2020-06-23,B553881,한국교통안전공단
서수원자동차검사소,공공,경기도 수원시 권선구 수인로 24 (서둔동),경기도 수원시 권선구 서둔동 9-19,37.2707557,126.9954540891,031-293-9339,평일 9~18 토요일 9~13,4,6166,1232,,Y,Y,Y,Y,Y,Y,Y,031-297-5000,경기남부본부,2020-06-23,B553881,한국교통안전공단
서인천자동차검사소,공공,인천광역시 서구 중봉대로 218 (가좌동),인천광역시 서구 가좌동 602-2,37.4985462951,126.6485610347,032-579-7811,평일 9~18 토요일 9~13,4,4304,1097,,Y,Y,Y,Y,Y,Y,Y,032-833-5000,인천본부,2020-06-23,B553881,한국교통안전공단
성남자동차검사소,공공,경기도 성남시 중원구 사기막골로148번길 8 (상대원동),경기도 성남시 중원구 상대원동 171-5,37.4410537,127.1783702,031-747-9467,평일 9~18 토요일 9~13,3,4222,1107,,Y,Y,Y,Y,Y,Y,Y,031-297-5000,경기남부본부,2020-06-23,B553881,한국교통안전공단
성동자동차검사소,공공,서울특별시 성동구 가람길 117 (송정동),서울특별시 성동구 송정동 73-36,37.5526032354,127.0578565467,02-2244-2556,평일 9~18 토요일 9~13,2,3089,491,,Y,Y,Y,Y,Y,Y,Y,02-309-5000,서울본부,2020-06-23,B553881,한국교통안전공단
성산자동차검사소,공공,서울특별시 마포구 월드컵로 220 (성산동),서울특별시 마포구 성산동 436-1,37.5673389,126.9013650589,02-306-5986,평일 9~18 토요일 9~13,8,15731,2549,,Y,Y,Y,Y,Y,Y,Y,02-309-5000,서울본부,2020-06-23,B553881,한국교통안전공단
세종자동차검사소,공공,세종특별자치시 종합운동장로 11-5 (대평동),세종특별자치시 대평동 583-2,36.4675000670,127.2671512642,044-868-0515,평일 9~18 토요일 9~13,3,7197,1426,,Y,Y,Y,Y,Y,Y,Y,042-933-4325,대전충남본부,2020-06-23,B553881,한국교통안전공단
수성자동차검사소,공공,대구광역시 수성구 노변로 33 (노변동),대구광역시 수성구 노변동 435,35.8343084492,128.6990104,053-791-6039,평일 9~18 토요일 9~13,4,10240,2038,,Y,Y,Y,Y,Y,Y,Y,053-794-3812,대구경북본부,2020-06-23,B553881,한국교통안전공단
수원자동차검사소,공공,경기도 수원시 영통구 신원로 240 (매탄동),경기도 수원시 영통구 매탄동 495-7,37.2566634061,127.0607000687,031-211-2414,평일 9~18 토요일 9~13,3,5270,1166,,Y,Y,Y,Y,Y,Y,Y,031-297-5000,경기남부본부,2020-06-23,B553881,한국교통안전공단
순천자동차검사소,공공,전라남도 순천시 해촌길 10 (조례동),전라남도 순천시 조례동 1791,34.9649137,127.5495402,061-741-5532,평일 9~18 토요일 9~13,2,2578,512,,Y,Y,Y,Y,Y,Y,Y,062-606-7610,광주전남본부,2020-06-23,B553881,한국교통안전공단
신탄진자동차검사소,공공,대전광역시 대덕구 대덕대로1417번길 31 (문평동),대전광역시 대덕구 문평동 83-1,36.4470167,127.4051162726,042-931-8106,평일 9~18 토요일 9~13,3,6150,1649,,Y,Y,Y,Y,Y,Y,Y,042-933-4325,대전충남본부,2020-06-23,B553881,한국교통안전공단
안동자동차검사소,공공,경상북도 안동시 경북대로 166-13 (수상동),경상북도 안동시 수상동 590-41,36.548134,128.7028337966,054-858-8447,평일 9~18 토요일 9~13,2,4629,833,,Y,Y,Y,Y,Y,Y,Y,053-794-3812,대구경북본부,2020-06-23,B553881,한국교통안전공단
㈜풍성자동차공업사,민간,서울특별시 성동구 성수이로22길 21,서울특별시 성동구 성수동2가 277-49,37.544214,127.059605,02-462-9002,09:00~18:00,1,1489.64,1489.64,4,Y,Y,N,N,N,Y,Y,02-2286-5702,성동구청,2020-06-17,3030000,서울특별시 성동구
안산자동차검사소,공공,경기도 안산시 상록구 안산천서로6길 16 (월피동),경기도 안산시 상록구 월피동 483-1,37.3373915178,126.849213,031-475-5270,평일 9~18 토요일 9~13,2,4480,826,,Y,Y,Y,Y,Y,Y,Y,031-297-5000,경기남부본부,2020-06-23,B553881,한국교통안전공단
안양자동차검사소,공공,경기도 안양시 동안구 시민대로 392 (관양동),경기도 안양시 동안구 관양동 909-1,37.3955071370,126.9736054306,031-422-4500,평일 9~18 토요일 9~13,4,4367,1254,,Y,Y,Y,Y,Y,Y,Y,031-297-5000,경기남부본부,2020-06-23,B553881,한국교통안전공단
여수자동차검사소,공공,전라남도 여수시 만성로 184-11 (만흥동),전라남도 여수시 만흥동 1372-7,34.7733143057,127.7167516,061-653-9893,평일 9~18 토요일 9~13,1,3258,368,,Y,Y,Y,Y,Y,Y,Y,062-606-7610,광주전남본부,2020-06-23,B553881,한국교통안전공단
영주자동차검사소,공공,경상북도 영주시 구성로88번길 52 (휴천동),경상북도 영주시 휴천동 1878,36.803408,128.6330261,054-636-0279,평일 9~18 토요일 9~13,1,2729,458,,Y,Y,Y,Y,Y,N,Y,053-794-3812,대구경북본부,2020-06-23,B553881,한국교통안전공단
용인자동차검사소,공공,경기도 용인시 기흥구 중부대로 853 (상하동),경기도 용인시 기흥구 상하동 64-27,37.2528659829,127.1458856316,031-281-3709,평일 9~18 토요일 9~13,2,4323,776,,Y,Y,Y,Y,Y,Y,Y,031-297-5000,경기남부본부,2020-06-23,B553881,한국교통안전공단
울산자동차검사소,공공,울산광역시 남구 장생포로 8 (여천동),울산광역시 남구 여천동 866,35.5192646608,129.3440447310,052-269-8598,평일 9~18 토요일 9~13,3,3347,1226,,Y,Y,Y,Y,Y,Y,Y,052-256-9373,울산본부,2020-06-23,B553881,한국교통안전공단
원주자동차검사소,공공,강원도 원주시 행구로 255 (행구동),강원도 원주시 행구동 1537-2,37.3434873550,127.9843491001,033-747-1110,평일 9~18 토요일 9~13,2,5699,827,,Y,Y,Y,Y,Y,Y,Y,033-261-1580,강원본부,2020-06-23,B553881,한국교통안전공단
유성자동차검사소,공공,대전광역시 서구 계룡로232번길 123 (월평동),대전광역시 서구 월평동 135-8,36.3462118264,127.3550213679,042-535-7147,평일 9~18 토요일 9~13,2,1321,222,,Y,Y,Y,Y,Y,Y,Y,042-933-4325,대전충남본부,2020-06-23,B553881,한국교통안전공단
의정부자동차검사소,공공,경기도 의정부시 평화로 287 (호원동),경기도 의정부시 호원동 441-9,37.7179065492,127.0467063702,031-871-5000,평일 9~18 토요일 9~13,2,3198,507,,Y,Y,Y,Y,Y,Y,Y,031-297-5000,경기북부본부,2020-06-23,B553881,한국교통안전공단
이현자동차검사소,공공,대구광역시 서구 문화로 27 (이현동),대구광역시 서구 이현동 42-238,35.8749419,128.5357905,053-565-5000,평일 9~18 토요일 9~13,4,8145,1910,,Y,Y,Y,Y,Y,Y,Y,053-794-3812,대구경북본부,2020-06-23,B553881,한국교통안전공단
익산자동차검사소,공공,전라북도 익산시 석암로13길 101-7 (팔봉동),전라북도 익산시 팔봉동 835-1,35.9547307,127.0049552,063-832-0404,평일 9~18 토요일 9~13,2,989,301,,Y,Y,Y,Y,Y,Y,Y,063-212-4740,전북본부,2020-06-23,B553881,한국교통안전공단
인천자동차검사소,공공,인천광역시 미추홀구 아암대로253번길 81 (학익동),인천광역시 미추홀구 학익동 587-76,37.4411840843,126.6376729,032-831-0196,평일 9~18 토요일 9~13,5,6627,1690,,Y,Y,Y,Y,Y,Y,Y,032-833-5000,인천본부,2020-06-23,B553881,한국교통안전공단
전주자동차검사소,공공,전라북도 전주시 덕진구 신행로44 (팔복동3가),전라북도 전주시 덕진구 팔복동3가 211-5,35.8490141415,127.0928186904,063-211-9936,평일 9~18 토요일 9~13,3,4737,1278,,Y,Y,Y,Y,Y,Y,Y,063-212-4740,전북본부,2020-06-23,B553881,한국교통안전공단
정읍자동차검사소,공공,전라북도 정읍시 해평복룡길 11 (공평동),전라북도 정읍시 공평동 314,35.5835888459,126.8312269844,063-535-6009,평일 9~18 토요일 9~13,2,3838,774,,Y,Y,Y,Y,Y,Y,Y,063-212-4740,전북본부,2020-06-23,B553881,한국교통안전공단
제주자동차검사소,공공,제주특별자치도 제주시 삼봉로 79 (도련이동),제주특별자치도 제주시 도련이동 568-1,33.5143462,126.5894927817,064-723-3114,평일 9~18 토요일 9~13,2,4893,966,,Y,Y,Y,Y,Y,Y,Y,064-755-3110,제주본부,2020-06-23,B553881,한국교통안전공단
주례자동차검사소,공공,부산광역시 사상구 학장로 256 (주례동),부산광역시 사상구 주례동 1287,35.1456721271,128.9946988849,051-324-1431,평일 9~18 토요일 9~13,4,10542,1924,,Y,Y,Y,Y,Y,Y,Y,051-315-5000,부산본부,2020-06-23,B553881,한국교통안전공단
진주자동차검사소,공공,경상남도 진주시 솔밭로43번길 15 (상평동),경상남도 진주시 상평동 235-8,35.1727322,128.1055381,055-752-0814,평일 9~18 토요일 9~13,2,2670,709,,Y,Y,Y,Y,Y,Y,Y,055-294-2501,경남본부,2020-06-23,B553881,한국교통안전공단
창원자동차검사소,공공,경상남도 창원시 의창구 창원대로 494 (대원동),경상남도 창원시 의창구 대원동 76,35.2290613373,128.6487970205,055-273-5000,평일 9~18 토요일 9~13,5,5883,1692,,Y,Y,Y,Y,Y,Y,Y,055-294-2501,경남본부,2020-06-23,B553881,한국교통안전공단
천안자동차검사소,공공,충청남도 천안시 서북구 음봉로 909-15 (백석동),충청남도 천안시 서북구 백석동 604-18,36.8256827586,127.1063325273,041-552-6905,평일 9~18 토요일 9~13,2,4215,839,,Y,Y,Y,Y,Y,Y,Y,042-933-4325,대전충남본부,2020-06-23,B553881,한국교통안전공단
청주자동차검사소,공공,충청북도 청주시 흥덕구 사운로386번길 21 (신봉동),충청북도 청주시 흥덕구 신봉동 260-6,36.6612277265,127.466392,043-272-1889,평일 9~18 토요일 9~13,2,3902,912,,Y,Y,Y,Y,Y,Y,Y,043-269-5000,충북본부,2020-06-23,B553881,한국교통안전공단
춘천자동차검사소,공공,강원도 춘천시 동내로 10 (석사동),강원도 춘천시 석사동 123-1,37.8497642801,127.7544064088,033-262-2255,평일 9~18 토요일 9~13,2,4174,939,,Y,Y,Y,Y,Y,Y,Y,033-261-1580,강원본부,2020-06-23,B553881,한국교통안전공단
충주자동차검사소,공공,충청북도 충주시 목행산단6로 29 (금릉동),충청북도 충주시 금릉동 206-46,37.0006899081,127.9190498406,043-853-5050,평일 9~18 토요일 9~13,1,4961,833,,Y,Y,Y,Y,Y,Y,Y,043-269-5000,충북본부,2020-06-23,B553881,한국교통안전공단
태백자동차검사소,공공,강원도 태백시 태백로 576 (화전동),강원도 태백시 화전동 83-9,37.1869235,128.9616777,033-553-8191,평일 9~18 토요일 9~13,1,3306,451,,Y,Y,Y,Y,Y,N,Y,033-261-1580,강원본부,2020-06-23,B553881,한국교통안전공단
포항자동차검사소,공공,경상북도 포항시 남구 섬안로45번길 34 (괴동동),경상북도 포항시 남구 괴동동 1100-4,35.9955294054,129.3652649,054-285-2134,평일 9~18 토요일 9~13,2,4959,996,,Y,Y,Y,Y,Y,Y,Y,053-794-3812,대구경북본부,2020-06-23,B553881,한국교통안전공단
해운대자동차검사소,공공,부산광역시 해운대구 센텀동로 201 (재송동),부산광역시 해운대구 재송동 801-17,35.1840271,129.1197484,051-781-7570,평일 9~18 토요일 9~13,6,11424,2363,,Y,Y,Y,Y,Y,Y,Y,051-315-5000,부산본부,2020-06-23,B553881,한국교통안전공단
홍성자동차검사소,공공,충청남도 홍성군 홍성읍 충서로 1207,충청남도 홍성군 홍성읍 남장리 217,36.5838908705,126.6549167,041-632-5837,평일 9~18 토요일 9~13,1,5446,774,,Y,Y,Y,Y,Y,Y,Y,042-933-4325,대전충남본부,2020-06-23,B553881,한국교통안전공단
무진장공업사,민간,전라북도 진안군 진안읍 전진로 3136-9,전라북도 진안군 진안읍 정곡리 47-1,35.7800172168,127.4047396882,063-433-7711,09:00~18:00,20,3656,957.3,2,N,Y,N,N,Y,Y,N,063-430-2355,진안군 건설교통과,2020-06-22,4730000,전라북도 진안군
진안공업사,민간,전라북도 진안군 진안읍 전진로 3152-4,전라북도 진안군 진안읍 정곡리 43-13,35.7805012,127.4051451082,063-433-3448,09:00~18:00,20,500,208.9,5,N,Y,N,N,Y,Y,N,063-430-2355,진안군 건설교통과,2020-06-22,4730000,전라북도 진안군
안천공업사,민간,전라북도 진안군 안천면 진무로 3023,전라북도 진안군 안천면 노성리 697-1,35.8990157,127.5548345,063-432-4141,09:00~18:00,20,987,231,1,N,Y,N,N,Y,Y,N,063-430-2355,진안군 건설교통과,2020-06-22,4730000,전라북도 진안군
화영공업사주식회사,민간,서울특별시 성동구 자동차시장1길 94-25,서울특별시 성동구 용답동 238-3,37.5593125,127.067939,02-2244-8757,09:00~18:00,1,2053.36,2053.36,3,Y,Y,N,N,N,Y,N,02-2286-5702,성동구청,2020-06-17,3030000,서울특별시 성동구
월드자동차서비스센타㈜,민간,서울특별시 성동구 아차산로 171,"서울특별시 성동구 성수동2가 277-69,139",37.542934,127.063011,02-464-6464,09:00~18:00,1,1120.49,1120.49,4,Y,Y,N,N,N,Y,Y,02-2286-5702,성동구청,2020-06-17,3030000,서울특별시 성동구
㈜호혜자동차,민간,서울특별시 성동구 성수이로22길 40,서울특별시 성동구 성수동2가 277-62,37.5434002,127.061338,02-465-9494,09:00~18:00,1,1000.55,1000.55,3,Y,Y,N,N,N,Y,Y,02-2286-5702,성동구청,2020-06-17,3030000,서울특별시 성동구
㈜한양그린모터스,민간,서울특별시 성동구 왕십리로 155,서울특별시 성동구 성수동1가 674-17,37.551375,127.0434335800,02-464-5484,09:00~18:00,1,1003.22,1003.22,5,Y,Y,N,N,N,Y,Y,02-2286-5702,성동구청,2020-06-17,3030000,서울특별시 성동구
화양검사정비사업소,민간,서울특별시 성동구 광나루로 320-2,"서울특별시 성동구 성수동2가 281-8,9",37.5479071497,127.064929,02-469-3611,09:00~18:00,1,1021.27,1021.27,3,Y,Y,N,N,N,Y,Y,02-2286-5702,성동구청,2020-06-17,3030000,서울특별시 성동구
(주)에이원모터스,민간,서울특별시 성동구 광나루로 192,서울특별시 성동구 성수동1가 13-13,37.5506312386,127.051355,02-463-0027,09:00~18:00,1,1110.03,1110.03,3,Y,Y,N,N,N,Y,Y,02-2286-5702,성동구청,2020-06-17,3030000,서울특별시 성동구
㈜해성자동차,민간,서울특별시 성동구 아차산로 147,서울특별시 성동구 성수동2가 277-59,37.5437108944,127.0604043,02-465-4111,09:00~18:00,1,718,718,5,Y,Y,N,N,N,Y,Y,02-2286-5702,성동구청,2020-06-17,3030000,서울특별시 성동구
대명자동차공업㈜,민간,서울특별시 성동구 고산자로 354,서울특별시 성동구 마장동 523-4,37.5712041419,127.038328,02-2294-0011,09:00~18:00,1,1491.23,1491.23,4,Y,Y,N,N,N,Y,N,02-2286-5702,성동구청,2020-06-17,3030000,서울특별시 성동구
대덕자동차공업사,민간,서울특별시 성동구 가람길 281,서울특별시 성동구 용답동 238-10,37.5593079211,127.0689261271,02-2249-6666,09:00~18:00,1,1044.35,1044.35,5,Y,Y,N,N,N,Y,N,02-2286-5702,성동구청,2020-06-17,3030000,서울특별시 성동구
성동자동차검사소,공공,서울특별시 성동구 가림길 117,서울특별시 성동구 송정동 73-36,37.552671,127.0578565467,02-2244-2556,09:00~18:00,1,35089,35089,5,Y,Y,Y,Y,N,Y,N,1577-0990,교통안전공단,2020-06-17,3030000,서울특별시 성동구
성우자동차공업사(주),공공,서울특별시 성동구 왕십리로16길 26,서울특별시 성동구 성수1가2동 5-1,37.5512096851,127.0470548168,02-465-3554,09:00~18:00,1,3217.59,3217.59,5,Y,Y,Y,Y,N,Y,N,1577-0990,교통안전공단,2020-06-17,3030000,서울특별시 성동구
㈜성수검사정비,민간,서울특별시 성동구 성수이로20길 29,서울특별시 성동구 성수동2가 273-39,37.5429074409,127.0599582510,02-499-0111,09:00~18:00,1,615.015,615.015,4,Y,Y,N,N,N,Y,N,02-2286-5702,성동구청,2020-06-17,3030000,서울특별시 성동구
㈜아남모터스,민간,서울특별시 성동구 광나루로6길 48,서울특별시 성동구 성수동2가 279-51,37.5458099945,127.0642696616,02-452-8282,09:00~18:00,1,1057,1057,2,Y,Y,N,N,N,Y,N,02-2286-5702,성동구청,2020-06-17,3030000,서울특별시 성동구
용상종합정비㈜,민간,충청북도 단양군 단양읍 단양로957,충청북도 단양군 단양읍 상진리 211-7,36.97745528,128.3448483,043-422-2222,4월~9월:09:00~17:30+10월~3월:09:00~17:00,1,4959,1028,1,Y,Y,Y,N,Y,N,Y,043-420-2497,충청북도 단양군청,2020-04-20,4480000,충청북도 단양군
태극모터스,민간,인천광역시 옹진군 백령면 백령로 857,인천광역시 옹진군 백령면 북포리 531-24,37.9576410312,124.6635559673,032-836-5800,08:30~07:30,1,1267,402,1,Y,Y,N,N,N,N,N,032-899-2532,옹진군청,2020-03-17,3580000,인천광역시 옹진군
대림자동차정비서비스(유),공공,경기도 성남시 수정구 사송로77번길 68,경기도 성남시 수정구 사송동 356-2,37.409306,127.1143041078,031-723-8207,평일:09~18:00+토요일:09:00~13:00,1,2147,297,5,N,Y,N,Y,N,Y,Y,031-729-3705,경기도 성남시 교통도로국 대중교통과,2020-03-24,3780000,경기도 성남시
세원자동차써비스㈜,공공,경기도 성남시 중원구 둔촌대로458,경기도 성남시 중원구 상대원동 513-18,37.4315111069,127.1677577808,031-731-6911,평일:09~18:00+토요일:09:00~13:00,1,2640,1345,3,N,Y,N,Y,N,Y,Y,031-729-3705,경기도 성남시 교통도로국 대중교통과,2020-03-24,3780000,경기도 성남시
르노삼성 중원자동차,공공,경기도 성남시 중원구 둔촌대로 156,경기도 성남시 중원구 하대원동 110,37.429105,127.136411,031-752-8204,평일:09~18:00+토요일:09:00~13:00,1,1260,853,5,N,Y,N,Y,N,Y,Y,031-729-3705,경기도 성남시 교통도로국 대중교통과,2020-03-24,3780000,경기도 성남시
1급분당종합정비사업(주),공공,경기도 성남시 분당구 동원북로 18,경기도 성남시 분당구 동원동 108-1,37.346282,127.0993968177,031-711-3334,평일:09~18:00+토요일:09:00~13:00,1,975,733,4,N,Y,N,Y,N,Y,Y,031-729-3705,경기도 성남시 교통도로국 대중교통과,2020-03-24,3780000,경기도 성남시
(주)현대자동차검사정비사업소,공공,경기도 성남시 분당구 대왕판교로 277,경기도 성남시 분당구 궁내동 239-2,37.368205,127.1009250300,031-726-7890,평일:09~18:00+토요일:09:00~13:00,1,1380,627,3,N,Y,N,Y,N,Y,Y,031-729-3705,경기도 성남시 교통도로국 대중교통과,2020-03-24,3780000,경기도 성남시
(주)일급신분당검사정비사업소,공공,경기도 성남시 분당구 이매로 118,경기도 성남시 분당구 이매동 366-3,37.39212248,127.1324456781,031-707-4979,평일:09~18:00+토요일:09:00~13:00,1,2015,400,2,N,Y,N,Y,N,Y,Y,031-729-3705,경기도 성남시 교통도로국 대중교통과,2020-03-24,3780000,경기도 성남시
고속종합정비공장,민간,경상북도 김천시 새까끔길 5,경상북도 김천시 다수동 111,36.12724088,128.0731941,054-435-3399,08:30~18:00,1,1000,480,1,N,Y,N,N,N,N,N,054-420-6254,교통행정과,2020-03-23,5060000,경상북도 김천시
김천현대종합정비,민간,경상북도 김천시 공단2길 15,경상북도 김천시 대광동 953-2,36.14082434,128.137104,054-430-8181,08:30~18:00,1,3820,523,1,N,Y,N,N,N,N,N,054-420-6254,교통행정과,2020-03-23,5060000,경상북도 김천시
황악자동차정비공장,민간,경상북도 김천시 대항면 복전길 190,경상북도 김천시 대항면 복전리 49,36.13446079,128.0334636,054-436-8811,08:30~17:30,1,1478,1180,1,N,Y,N,N,N,N,N,054-420-6254,교통행정과,2020-03-23,5060000,경상북도 김천시
스마일자동차종합,민간,경상북도 김천시 영남대로 2097-6,경상북도 김천시 덕곡동 738-2,36.11509138,128.157771,054-430-2225,08:30~17:30,1,592,783,1,N,Y,N,N,N,N,N,054-420-6254,교통행정과,2020-03-23,5060000,경상북도 김천시
태성종합정비,민간,경상북도 김천시 영남대로 2137,경상북도 김천시 덕곡동 784-2,36.1133484,128.1616948,054-433-4982,08:30~17:30,1,181,1079,1,N,Y,N,N,N,N,N,054-420-6254,교통행정과,2020-03-23,5060000,경상북도 김천시
그린자동차종합정비,민간,경상북도 김천시 영남대로 2078,경상북도 김천시 덕곡동 972,36.115077,128.1550032698,054-431-7200,08:30~18:00,1,1627,971,1,N,Y,N,N,N,N,N,054-420-6254,교통행정과,2020-03-23,5060000,경상북도 김천시
삼성자동차종합정비,민간,경상북도 김천시 백옥1길 5,경상북도 김천시 백옥동 174,36.124685,128.082138,054-437-8282,08:30~18:00,1,1597,486,1,N,Y,N,N,N,N,N,054-420-6254,교통행정과,2020-03-23,5060000,경상북도 김천시
삼영자동차정비공장,민간,경상북도 김천시 농공단지2길 12,경상북도 김천시 신음동 100-1,36.13209554,128.1327771,054-430-2477,08:30~18:00,1,4584,1082,1,N,Y,N,N,N,N,N,054-420-6254,교통행정과,2020-03-23,5060000,경상북도 김천시
김천제일종합정비공장,민간,경상북도 김천시 시청로 172,경상북도 김천시 신음동 569-1,36.1431832,128.1193818,054-432-3500,08:30~18:00,1,3165,730,1,N,Y,N,N,N,N,N,054-420-6254,교통행정과,2020-03-23,5060000,경상북도 김천시
영남종합정비,민간,경상북도 김천시 아홉사리길 8,경상북도 김천시 응명동 895-1,36.15424568,128.1166944,054-437-8541,08:30~17:30,1,6225,1569,1,N,Y,N,N,N,N,N,054-420-6254,교통행정과,2020-03-23,5060000,경상북도 김천시
김천자동차공업사,민간,경상북도 김천시 양금로 206,경상북도 김천시 황금동 129,36.11214541,128.1234235,054-439-3636,08:30~17:30,1,4227,996,1,N,Y,N,N,N,N,N,054-420-6254,교통행정과,2020-03-23,5060000,경상북도 김천시
안국자동차정비공장,민간,경상북도 김천시 평화장미길 87,경상북도 김천시 평화동 70-16,36.12796572,128.1130517,054-439-1244,08:30~18:00,1,912,508,1,N,Y,N,N,N,N,N,054-420-6254,교통행정과,2020-03-23,5060000,경상북도 김천시
황악모터스주식회사,민간,경상북도 김천시 남면 아포대로 348-7,경상북도 김천시 남면 초곡리 97,36.13471849,128.184633,054-431-7272,08:30~17:30,1,1650,945,1,N,Y,N,N,N,N,N,054-420-6254,교통행정과,2020-03-23,5060000,경상북도 김천시
서김천현대서비스,민간,경상북도 김천시 속구미길 65,경상북도 김천시 신음동 78-3,36.1291113275,128.1334940140,054-433-1154,08:30~18:00,1,9352,1401,1,N,Y,N,N,N,N,N,054-420-6254,교통행정과,2020-03-23,5060000,경상북도 김천시
하진1급자동차공업사,민간,광주광역시 서구 상무누리로 133,,35.1550208724,126.8381530464,062-367-0888,평일 : 09:00-18:00/토요일 : 09:00-12:00,1,2500,180,3,Y,Y,N,N,Y,Y,Y,062-360-7817,광주광역시 서구청,2020-03-17,3600000,광주광역시 서구
상무정비마을1급자동차공업사,민간,광주광역시 서구 시청서편로 9,,35.1596215,126.8452604420,062-383-3455,평일 : 09:00-17:00/토요일 : 09:00-11:00,1,1300,250,2,Y,Y,N,N,Y,Y,N,062-360-7817,광주광역시 서구청,2020-03-17,3600000,광주광역시 서구
뉴신한자동차공업사,민간,광주광역시 서구 무진대로772번길 6,,35.1610924948,126.8646674877,062-376-2104,평일 : 08:00-18:00/토요일 : 08:00-13:00,1,450,250,4,N,Y,N,N,N,Y,Y,062-360-7817,광주광역시 서구청,2020-03-17,3600000,광주광역시 서구
삼삼1급자동차공업사,민간,광주광역시 서구 상무누리로 137,,35.1553340808,126.8378056133,062-381-3333,평일 : 09:00-18:00/토요일 : 09:00-13:00,1,2555,174,4,N,Y,N,N,N,Y,Y,062-360-7817,광주광역시 서구청,2020-03-17,3600000,광주광역시 서구
한솔자동차공업사,민간,광주광역시 서구 풍서우로 172,,35.1284307033,126.8436343586,062-374-9988,평일 : 08:30-18:00/토요일 : 08:30-13:00,1,1322,592,3,Y,Y,N,N,Y,Y,Y,062-360-7817,광주광역시 서구청,2020-03-17,3600000,광주광역시 서구
상무1급자동차공업사,민간,광주광역시 서구 상무누리로 131-1,,35.15485446,126.8377319,062-371-3444,평일 : 09:00-18:00/토요일 : 09:00-13:00,1,1185,192,4,N,Y,N,N,N,Y,Y,062-360-7817,광주광역시 서구청,2020-03-17,3600000,광주광역시 서구
국제자동차공업사,민간,전라북도 익산시 서동로 205,전라북도 익산시 금강동 951-4,35.9388690214,126.9726220574,063-855-0776,평일:09:00~18:00토요일:09:00~13:00,1,2408,1118.43,3,N,Y,N,N,N,Y,Y,063-280-3424,전라북도 교통물류도로과,2020-03-13,4680000,전라북도 익산시
(유)익산자동차공업사,민간,전라북도 익산시 목천로1길 19,전라북도 익산시 평화동 246,35.9310440037,126.9450943747,063-855-0841,평일:09:00~17:00토요일:09:00~12:00,1,3345.6,1377.09,1,N,Y,N,N,N,N,Y,063-280-3424,전라북도 교통물류도로과,2020-03-13,4680000,전라북도 익산시
(유)유신공업사,민간,전라북도 익산시 서동로 209,전라북도 익산시 금강동 951-16,35.9390746664,126.9733401273,063-855-0327,평일:08:30~17:30토요일:08:30~12:00,1,3068,687.7,1,N,Y,N,N,N,N,Y,063-280-3424,전라북도 교통물류도로과,2020-03-13,4680000,전라북도 익산시
1급 서일특장자동차 공업사,민간,전라북도 익산시 함열읍 함열10길 25,전라북도 익산시 함열읍 와리 189,36.0760819311,126.9664820118,063-861-0334,평일:09:00~17:00토요일:09:00~12:00,1,1230,296.63,1,N,Y,N,N,N,N,Y,063-280-3424,전라북도 교통물류도로과,2020-03-13,4680000,전라북도 익산시
새한자동차공업사,민간,전라북도 익산시 목천로 51,전라북도 익산시 목천동 311-4,35.9192609424,126.933902,063-852-1234,평일:09:00~17:00토요일:09:00~12:00,1,6507,2747.18,1,N,Y,N,N,N,N,Y,063-280-3424,전라북도 교통물류도로과,2020-03-13,4680000,전라북도 익산시
진우자동차공업사,민간,전라북도 익산시 약촌로 63,전라북도 익산시 신흥동 856-1,35.939383,126.9770548682,063-842-3355,평일:08:30~17:30토요일:08:30~12:00,1,1518,655.15,1,N,Y,N,N,N,N,Y,063-280-3424,전라북도 교통물류도로과,2020-03-13,4680000,전라북도 익산시
(유)대호자동차공업사,민간,전라북도 익산시 서동로 469,전라북도 익산시 용제동 190-1,35.9430286741,126.9996453448,063-835-9886,평일:09:00~17:00토요일:09:00~12:00,1,1734,419.81,1,N,Y,N,N,N,N,Y,063-280-3424,전라북도 교통물류도로과,2020-03-13,4680000,전라북도 익산시
대훈자동차공업사(유),민간,전라북도 익산시 목천로12길 15,전라북도 익산시 인화동1가 207-4,35.9281509097,126.9489525265,063-841-9577,평일:09:00~17:00토요일:09:00~12:00,1,1394.9,826.84,1,N,Y,N,N,N,N,Y,063-280-3424,전라북도 교통물류도로과,2020-03-13,4680000,전라북도 익산시
대신자동차공업사,민간,전라북도 익산시 목천로10길 12,전라북도 익산시 인화동1가 202-2,35.9284605325,126.9480082315,063-842-6280,평일:08:30~17:30토요일:08:30~12:00,1,1625.4,828.86,1,N,Y,N,N,N,N,Y,063-280-3424,전라북도 교통물류도로과,2020-03-13,4680000,전라북도 익산시
1급 신하림자동차공업사,민간,전라북도 익산시 함열읍 익산대로 1676-22,전라북도 익산시 함열읍 와리 42-6,36.0689985379,126.9672709407,063-862-2678,평일:09:00~17:00토요일:09:00~12:00,1,3511,658.1,1,N,Y,N,N,N,N,Y,063-280-3424,전라북도 교통물류도로과,2020-03-13,4680000,전라북도 익산시
(유)제일자동차공업사,민간,전라북도 익산시 군익로 446-1,전라북도 익산시 송학동 262,35.9431116509,126.9343311017,063-855-0020,평일:09:00~17:00토요일:09:00~12:00,1,3655.5,1955.95,1,N,Y,N,N,N,N,Y,063-280-3424,전라북도 교통물류도로과,2020-03-13,4680000,전라북도 익산시
동산자동차공업사,민간,전라북도 익산시 목천로6길 42,전라북도 익산시 인화동1가 206-1,35.928531,126.9496924492,063-856-3800,평일:08:30~17:30토요일:08:30~12:00,1,2650.4,771.34,1,N,Y,N,N,N,N,Y,063-280-3424,전라북도 교통물류도로과,2020-03-13,4680000,전라북도 익산시
현대자동차공업사,민간,전라북도 익산시 동서로39길 2,전라북도 익산시 영등동 261-22,35.950533,126.9720106301,063-852-8597,평일:09:00~17:00토요일:09:00~12:00,1,1970,542.1,1,N,Y,N,N,N,N,Y,063-280-3424,전라북도 교통물류도로과,2020-03-13,4680000,전라북도 익산시
(유)남성자동차공업사,민간,전라북도 익산시 동서로 341,전라북도 익산시 영등동 273-7,35.9509596617,126.9708266991,063-842-9435,평일:09:00~17:00토요일:09:00~12:00,1,1864,372.9,1,N,Y,N,N,N,N,Y,063-280-3424,전라북도 교통물류도로과,2020-03-13,4680000,전라북도 익산시
백제자동차공업사,민간,전라북도 익산시 마한로 161,전라북도 익산시 어양동 412-1,35.966015,126.9821379380,063-832-3900,평일:08:30~17:30토요일:08:30~12:00,1,3414,653.86,1,N,Y,N,N,N,N,Y,063-280-3424,전라북도 교통물류도로과,2020-03-13,4680000,전라북도 익산시
이한자동차공업사,민간,전라북도 익산시 춘포로 81,전라북도 익산시 금강동 1127-8,35.9154492182,126.9818169398,063-854-0790,평일:09:00~17:00토요일:09:00~12:00,1,1269,344.9,1,N,Y,N,N,N,N,Y,063-280-3424,전라북도 교통물류도로과,2020-03-13,4680000,전라북도 익산시
길자동차공업사,민간,전라북도 익산시 신왕길 13,전라북도 익산시 석왕동 107-17,35.971788,127.027331,063-834-7458,평일:09:00~17:00토요일:09:00~12:00,1,1448,282.71,1,N,Y,N,N,N,N,Y,063-280-3424,전라북도 교통물류도로과,2020-03-13,4680000,전라북도 익산시
(유)일급엘지자동차공업사,민간,전라북도 익산시 춘포로 35,전라북도 익산시 금강동 255-5,35.9193278227,126.9795823915,063-842-6600,평일:08:30~17:30토요일:08:30~12:00,1,1909,561.97,1,N,Y,N,N,N,N,Y,063-280-3424,전라북도 교통물류도로과,2020-03-13,4680000,전라북도 익산시
(유)1급진성자동차공업사,민간,전라북도 익산시 서동로46길 8,전라북도 익산시 용제동 46-4,35.9445751602,127.003319,063-832-5454,평일:09:00~17:00토요일:09:00~12:00,1,2420,477.5,1,N,Y,N,N,N,N,Y,063-280-3424,전라북도 교통물류도로과,2020-03-13,4680000,전라북도 익산시
G.S 1급 자동차공업사,민간,전라북도 익산시 평동로 806,전라북도 익산시 동산동 1007-12,35.9256300577,126.966778,063-842-4975,평일:09:00~17:00토요일:09:00~12:00,1,1019,356.38,1,N,Y,N,N,N,N,Y,063-280-3424,전라북도 교통물류도로과,2020-03-13,4680000,전라북도 익산시
(유)원창자동차공업사,민간,전라북도 익산시 마한로 57,전라북도 익산시 영등동 439,35.9648421793,126.970076613,063-853-1600,평일:08:30~17:30토요일:08:30~12:00,1,1390,488,1,N,Y,N,N,N,N,Y,063-280-3424,전라북도 교통물류도로과,2020-03-13,4680000,전라북도 익산시
에이플러스자동차공업사,민간,전라북도 익산시 무왕로 798,전라북도 익산시 모현동2가 172,35.9638396484,126.947978,063-723-2121,평일:09:00~17:00토요일:09:00~12:00,1,2138,426.3,1,N,Y,N,N,N,N,Y,063-280-3424,전라북도 교통물류도로과,2020-03-13,4680000,전라북도 익산시
서호자동차공업사,민간,전라북도 익산시 황등면 화강암로 86-8,전라북도 익산시 황등면 황등리 193-17,35.9954307981,126.950282,063-856-0606,평일:09:00~17:00토요일:09:00~12:00,1,1021,274.34,1,N,Y,N,N,N,N,Y,063-280-3424,전라북도 교통물류도로과,2020-03-13,4680000,전라북도 익산시
하나로공업사,민간,전라북도 익산시 하나로 543-12,전라북도 익산시 어양동 278-11,35.969440292,126.978447526,063-851-4488,평일:08:30~17:30토요일:08:30~12:00,1,3794,701.15,2,N,Y,N,N,N,Y,Y,063-280-3424,전라북도 교통물류도로과,2020-03-13,4680000,전라북도 익산시
교통안전공단 익산검사소,공공,전라북도 익산시 석암로13길 101-7,전라북도 익산시 팔봉동 835-1,35.954742,127.004997,063-832-0404,평일:09:00~18:00토요일:09:00~13:00,1,988.7,301.08,2,Y,Y,Y,Y,Y,N,Y,1577-0990,교통안전공단,2020-03-13,4680000,전라북도 익산시
(유)새천년모터스공업사,민간,전라북도 임실군 임실읍 호국로 1766,전라북도 임실군 임실읍 이도리 71-3,35.6184079188,127.292881,063-644-1515,9:00,1,1000,100,1,Y,Y,Y,Y,Y,Y,Y,063-640-2571,전라북도 임실군청,2020-03-10,4760000,전라북도 임실군
(유)임실모터스,민간,전라북도 임실군 임실읍 춘향로 2999,전라북도 임실군 임실읍 두곡리 184,35.635822,127.2834200143,063-644-9119,9:00,1,1000,100,1,Y,Y,Y,Y,Y,Y,Y,063-640-2571,전라북도 임실군청,2020-03-10,4760000,전라북도 임실군
㈜영남중공업,민간,서울특별시 금천구 시흥대로153길 26,서울특별시 금천구 독산동 143-19,37.4778287798,126.8969244137,02-855-9966,평일:08:30~17:30,2,4950,2640,5,N,Y,N,N,N,Y,Y,02-2627-1752,서울특별시 금천구청,2020-03-10,3170000,서울특별시 금천구
현대오토모터스,민간,서울특별시 금천구 두산로 3,서울특별시 금천구 독산동 336-11,37.4708401,126.8882906,1588-8297,평일:09:00~18:00,1,1500,543,4,N,Y,N,N,N,Y,Y,02-2627-1752,서울특별시 금천구청,2020-03-10,3170000,서울특별시 금천구
상신정비공업㈜,민간,서울특별시 금천구 시흥대로 287,서울특별시 금천구 시흥동 113-16,37.4589193843,126.8980942136,02-804-5559,평일:08:30~17:30,2,3038,1319,4,N,Y,N,N,N,Y,Y,02-2627-1752,서울특별시 금천구청,2020-03-10,3170000,서울특별시 금천구
비케이프라임산업㈜,민간,서울특별시 금천구 범안로17길 67,서울특별시 금천구 독산동 330-5,37.4695468440,126.8930335187,02-858-4729,평일:09:00~18:00,1,2286,957,3,N,Y,N,N,N,Y,Y,02-2627-1752,서울특별시 금천구청,2020-03-10,3170000,서울특별시 금천구
금천자동차검사정비센타,민간,서울특별시 금천구 시흥대로27길 26,서울특별시 금천구 시흥동 984-30,37.4410019,126.9020668,02-893-5579,평일:09:00~18:00,1,902,540,3,N,Y,N,N,N,Y,Y,02-2627-1752,서울특별시 금천구청,2020-03-10,3170000,서울특별시 금천구
금강자동차정비산업㈜,민간,서울특별시 금천구 시흥대로 453,서울특별시 금천구 독산동 150-13,37.4741102888,126.8979273,02-856-7800,평일:09:00~18:00,1,1707,575,4,N,Y,N,N,N,Y,Y,02-2627-1752,서울특별시 금천구청,2020-03-10,3170000,서울특별시 금천구
현대오토프라자,민간,서울특별시 금천구 시흥대로115길 21,서울특별시 금천구 독산동 292-36,37.4680218245,126.8965083229,02-808-1236,평일:09:00~18:00,2,2091,660,5,N,Y,N,N,N,Y,Y,02-2627-1752,서울특별시 금천구청,2020-03-10,3170000,서울특별시 금천구
평화정비,민간,경상북도 예천군 예천읍 충효로 372,경상북도 예천군 예천읍 동본리 431-6,36.655250,128.462605,054-655-4444,평일:09:00~18:00+토요일:09:00~13:00,1,1095,206.62,4,N,Y,N,Y,N,N,N,054-650-6561,경상북도 예천군청,2020-02-28,5230000,경상북도 예천군
예천자동차공업사,민간,경상북도 예천군 예천읍 충효로 89,경상북도 예천군 예천읍 대심리 731-1,36.645688,128.435391,054-652-3595,평일:09:00~18:00+토요일:09:00~13:00,1,1896,594,6,N,Y,N,Y,N,N,N,054-650-6561,경상북도 예천군청,2020-02-28,5230000,경상북도 예천군
양궁종합정비공업사,민간,경상북도 예천군 예천읍 양궁로 226,경상북도 예천군 예천읍 청복리 222-3,36.637218,128.472241,054-653-0909,평일:09:00~18:00+토요일:09:00~13:00,1,1632,554,10,N,Y,N,Y,N,N,N,054-650-6561,경상북도 예천군청,2020-02-28,5230000,경상북도 예천군
라오닐,공공,경상북도 예천군 예천읍 도립대학길 114,경상북도 예천군 예천읍 청복리 927,36.643728,128.454636,054-650-0157,평일:09:00~18:00,1,1881,1881,0,N,N,N,N,N,N,N,054-650-6561,경상북도 예천군청,2020-02-28,5230000,경상북도 예천군
통명1급자동차정비공장,민간,경상북도 예천군 예천읍 보문로 185-1,경상북도 예천군 예천읍 통명리 85-5,36.660491,128.483505,054-655-4474,평일:09:00~18:00+토요일:09:00~13:00,1,1966,384.73,4,N,Y,N,Y,N,N,N,054-650-6561,경상북도 예천군청,2020-02-28,5230000,경상북도 예천군
센텀종합정비,민간,부산광역시 해운대구 해운대로 1083(송정동),부산광역시 해운대구 송정동 140-14,35.1823109,129.1994673,051-702-5600,평일 09:00~18:00+토요일 09:00~13:00,1,1189,704.23,6,Y,Y,N,N,N,Y,Y,051-749-4657,부산시 해운대구청 교통행정과,2020-01-14,3330000,부산광역시 해운대구
㈜현대정비공업,민간,부산광역시 해운대구 선수촌로 134(반여동),부산광역시 해운대구 반여동 1228-2,35.2051163,129.1215408,051-529-0020,평일 09:00~18:00+토요일 09:00~13:00,1,1449,952.13,7,Y,Y,N,N,N,Y,Y,051-749-4657,부산시 해운대구청 교통행정과,2020-01-14,3330000,부산광역시 해운대구
금사정비공업사,민간,부산광역시 해운대구 선수촌로 125(반여동),부산광역시 해운대구 반여동 1229-3,35.20494615,129.1205222,051-525-0011,평일 09:00~18:00+토요일 09:00~13:00,1,1243,789,6,Y,Y,N,N,N,Y,Y,051-749-4657,부산시 해운대구청 교통행정과,2020-01-14,3330000,부산광역시 해운대구
해운대종합정비㈜,민간,부산광역시 해운대구 해운대로 1101(송정동),"부산광역시 해운대구 송정동 137-2,4",35.18378266,129.2007575,051-703-7868,평일 09:00~18:00+토요일 09:00~13:00,1,1346,502.78,12,Y,Y,N,N,N,Y,Y,051-749-4657,부산시 해운대구청 교통행정과,2020-01-14,3330000,부산광역시 해운대구
㈜명성테크,민간,부산광역시 해운대구 해운대로 76번길 35-3(재송동),부산광역시 해운대구 재송동 900-11,35.18904329,129.1186379,051-784-0070,평일 09:00~18:00+토요일 09:00~13:00,1,2610,2025.7,6,Y,Y,N,N,N,Y,Y,051-749-4657,부산시 해운대구청 교통행정과,2020-01-14,3330000,부산광역시 해운대구
교통안전공단 해운대검사소,공공,부산광역시 해운대구 센텀동로 201,부산광역시 해운대구 재송동 801-17,35.1840243,129.1197506,051-781-7570,평일 09:00~18:00+토요일 09:00~13:00,6,11424,2362.6,15,Y,Y,Y,Y,Y,Y,Y,051-315-1421,부산경남지역본부,2020-01-14,3330000,부산광역시 해운대구
㈜에코자동차종합정비,민간,부산광역시 해운대구 수영강변대로 278(재송동),부산광역시 해운대구 재송동 826-1,35.18390049,129.1189961,051-783-4972,평일 09:00~18:00+토요일 09:00~13:00,1,785,1321,7,Y,Y,N,N,N,Y,Y,051-749-4657,부산시 해운대구청 교통행정과,2020-01-14,3330000,부산광역시 해운대구
인천자동차검사소,공공,인천광역시 미추홀구 아암대로253번길 81,인천광역시 미추홀구 학익동 587-76,37.4411840843,126.6376729,032-831-0196,평일:09~18:00+토요일:09:00~13:00,5,6627,1690,,Y,Y,Y,Y,Y,Y,Y,032-833-5000,교통안전공단 인천본부,2019-11-07,3510500,인천광역시 미추홀구
평화공업사,민간,강원도 양구군 양구읍 박수근로 349,강원도 양구군 양구읍 정림리 184-4,38.1025698144,127.9819108215,033-482-7272,09:00~18:00,1,3641,530,3,Y,Y,Y,Y,Y,N,N,033-480-2715,양구군,2019-10-10,4320000,강원도 양구군
양구공업사,민간,강원도 양구군 양구읍 중심로 9,강원도 양구군 양구읍 송청리 110,38.0922104391,127.9959482386,033-481-1170,09:00~18:00,1,3600,1110,2,Y,Y,Y,Y,Y,N,N,033-480-2715,양구군,2019-10-10,4320000,강원도 양구군
㈜엠원기업,민간,대전광역시 서구 월드컵대로 484번길82-20,,36.346941,127.352904,042-538-7796,평일09:00-18:00+토요일09:00-13:00,1,1077,214,3,Y,Y,N,N,N,Y,Y,042-270-5851,대전광역시청,2019-10-08,6300000,대전광역시
㈜월평정비검사장,민간,대전광역시 서구 월드컵대로 484번길148-4,,36.34407374,127.3539735,042-528-9501,평일09:00-18:00+토요일09:00-13:00,1,1884,306,3,Y,Y,N,N,N,Y,Y,042-270-5851,대전광역시청,2019-10-08,6300000,대전광역시
㈜청모터스,민간,대전광역시 서구 복수북로1,,36.30762248,127.3707416,042-585-9119,평일09:00-18:00+토요일09:00-13:00,1,1776,354,3,Y,Y,N,N,N,Y,Y,042-270-5851,대전광역시청,2019-10-08,6300000,대전광역시
㈜한스오토스,민간,대전광역시 서구 혜천로36,,36.305854,127.369912,042-584-3333,평일09:00-18:00+토요일09:00-13:00,1,1917,381,3,Y,Y,N,N,N,Y,Y,042-270-5851,대전광역시청,2019-10-08,6300000,대전광역시
관저자동차공업사,민간,대전광역시 유성구 계백로937,,36.30158586,127.3270612,042-544-2222,평일09:00-18:00+토요일09:00-13:00,1,3746,450,3,Y,Y,N,N,N,Y,Y,042-270-5851,대전광역시청,2019-10-08,6300000,대전광역시
㈜서대전공업사,민간,대전광역시 유성구 계백로963,,36.301954,127.3301133,042-545-7181,평일09:00-18:00+토요일09:00-13:00,1,2621,1115,3,Y,Y,N,N,N,Y,Y,042-270-5851,대전광역시청,2019-10-08,6300000,대전광역시
유화자동차공업사,민간,대전광역시 유성구 계백로919,,36.3010496,127.325429,042-545-2245,평일09:00-18:00+토요일09:00-13:00,1,7604,2538,4,Y,Y,N,N,N,Y,Y,042-270-5851,대전광역시청,2019-10-08,6300000,대전광역시
대성공업사,민간,대전광역시 대덕구 대화로16,,36.3684909,127.4179108,042-624-7771,평일09:00-18:00+토요일09:00-13:00,1,586,323,3,Y,Y,N,N,N,Y,Y,042-270-5851,대전광역시청,2019-10-08,6300000,대전광역시
삼성자동차공업㈜,민간,대전광역시 대덕구 신일동로33번길85,,36.44502852,127.4075284,042-936-7777,평일09:00-18:00+토요일09:00-13:00,1,1926,1329,3,Y,Y,N,N,N,Y,Y,042-270-5851,대전광역시청,2019-10-08,6300000,대전광역시
삼우자동차정비(합),민간,대전광역시 대덕구 대화로101,,36.36607482,127.4088055,042-627-5600,평일09:00-18:00+토요일09:00-13:00,1,3610,1064,3,Y,Y,N,N,N,Y,Y,042-270-5851,대전광역시청,2019-10-08,6300000,대전광역시
새한현대서비스㈜,민간,대전광역시 대덕구 대전로1324,,36.37210705,127.4208051,042-634-1122,평일09:00-18:00+토요일09:00-13:00,1,3373,1730,4,Y,Y,N,N,N,Y,Y,042-270-5851,대전광역시청,2019-10-08,6300000,대전광역시
신대덕자동차공업사,민간,대전광역시 대덕구 한남로 138번길 12,,36.34826809,127.4149508,042-623-7700,평일09:00-18:00+토요일09:00-13:00,1,1444,824,3,Y,Y,N,N,N,Y,Y,042-270-5851,대전광역시청,2019-10-08,6300000,대전광역시
카신모터스,민간,대전광역시 대덕구 아리랑로55번길7,,36.37781545,127.411974,042-633-4004,평일09:00-18:00+토요일09:00-13:00,1,2848,568,4,Y,Y,N,N,N,Y,Y,042-270-5851,대전광역시청,2019-10-08,6300000,대전광역시
신탄1급정비검사장,민간,대전광역시 대덕구 신탄진로756번안길68-1,,36.44329001,127.433499,042-932-7005,평일09:00-18:00+토요일09:00-13:00,1,9674,562,3,Y,Y,N,N,N,Y,Y,042-270-5851,대전광역시청,2019-10-08,6300000,대전광역시
대한상용자동차,민간,대전광역시 대덕구 신탄진로1,,36.38351398,127.4243929,042-717-1346,평일09:00-18:00+토요일09:00-13:00,1,60243,10913,3,Y,Y,N,N,N,Y,Y,042-270-5851,대전광역시청,2019-10-08,6300000,대전광역시
안전자동차정비공업사,민간,대전광역시 대덕구 대화로32번길223,,36.37675982,127.410698,042-636-3530,평일09:00-18:00+토요일09:00-13:00,1,1898,599,2,Y,Y,N,N,N,Y,Y,042-270-5851,대전광역시청,2019-10-08,6300000,대전광역시
㈜대전공업사,민간,대전광역시 대덕구 벚꽃길86,,36.431589,127.424182,042-932-9733,평일09:00-18:00+토요일09:00-13:00,1,1552,937,3,Y,Y,N,N,N,Y,Y,042-270-5851,대전광역시청,2019-10-08,6300000,대전광역시
㈜대진자동차공업사,민간,대전광역시 대덕구 신탄진로756번안길79,,36.44436152,127.4331607,042-933-1282,평일09:00-18:00+토요일09:00-13:00,1,8680,1401,3,Y,Y,N,N,N,Y,Y,042-270-5851,대전광역시청,2019-10-08,6300000,대전광역시
㈜서울모터스,민간,대전광역시 대덕구 갑천도시고속도로1079,,36.39144012,127.4132362,042-639-4646,평일09:00-18:00+토요일09:00-13:00,1,9206,1839,3,Y,Y,N,N,N,Y,Y,042-270-5851,대전광역시청,2019-10-08,6300000,대전광역시
동아자동차기업㈜,민간,대전광역시 대덕구 대화로50번길96,,36.36884941,127.419463,042-626-1800,평일09:00-18:00+토요일09:00-13:00,1,2174,674,4,Y,Y,N,N,N,Y,Y,042-270-5851,대전광역시청,2019-10-08,6300000,대전광역시
㈜대전공단모터스 기아오토큐,민간,대전광역시 대덕구 신일동로 7,,36.444431,127.4057007806,042-935-0981,평일09:00-18:00+토요일09:00-13:00,1,1949,940,2,Y,Y,N,N,N,Y,Y,042-270-5851,대전광역시청,2019-10-08,6300000,대전광역시
교통안전공단 대전검사소,공공,대전광역시 서구 변동로44,,36.32484117,127.377932,042-523-5095,평일09:00-18:00+토요일09:00-13:00,1,5670,1096,9,Y,Y,Y,Y,Y,Y,Y,042-270-5851,대전광역시청,2019-10-08,6300000,대전광역시
교통안전공단 신탄진검사소,공공,대전광역시 대덕구 대덕대로 1417번길31,,36.44704811,127.4051163,042-931-8106,평일09:00-18:00+토요일09:00-13:00,1,6149,1649,7,Y,Y,Y,Y,Y,Y,Y,042-270-5851,대전광역시청,2019-10-08,6300000,대전광역시
교통안전공단 유성검사소,공공,대전광역시 서구 계룡로 232번길 123,,36.346222,127.3550214,042-535-7147,평일09:00-18:00+토요일09:00-13:00,1,1321,228,5,Y,Y,Y,Y,Y,Y,Y,042-270-5851,대전광역시청,2019-10-08,6300000,대전광역시
남부자동차공업㈜,민간,대전광역시 동구 옥천로273,,36.31994416,127.4699639,042-285-5200,평일09:00-18:00+토요일09:00-13:00,1,2365,553,3,Y,Y,N,N,N,Y,Y,042-270-5851,대전광역시청,2019-10-08,6300000,대전광역시
㈜고속모터스,민간,대전광역시 동구 합내로73,,36.349588,127.439805,042-627-4972,평일09:00-18:00+토요일09:00-13:00,1,610,488,3,Y,Y,N,N,N,Y,Y,042-270-5851,대전광역시청,2019-10-08,6300000,대전광역시
㈜동구자동차공업검사,민간,대전광역시 동구 충무로203번길76,,36.32502563,127.437007,042-283-3636,평일09:00-18:00+토요일09:00-13:00,1,418,307,3,Y,Y,N,N,N,Y,Y,042-270-5851,대전광역시청,2019-10-08,6300000,대전광역시
㈜동부자동차검사정비센터,민간,대전광역시 동구 대종로15,,36.29593969,127.4590035,042-272-1500,평일09:00-18:00+토요일09:00-13:00,1,1534,306,3,Y,Y,N,N,N,Y,Y,042-270-5851,대전광역시청,2019-10-08,6300000,대전광역시
㈜으뜸자동차,민간,대전광역시 동구 대전로 261,,36.291641,127.462285,042-282-1500,평일09:00-18:00+토요일09:00-13:00,1,2749,548,3,Y,Y,N,N,N,Y,Y,042-270-5851,대전광역시청,2019-10-08,6300000,대전광역시
㈜태광모터스,민간,대전광역시 동구 산내로1412-4,,36.28870783,127.4648074,042-286-8770,평일09:00-18:00+토요일09:00-13:00,1,3240,620,3,Y,Y,N,N,N,Y,Y,042-270-5851,대전광역시청,2019-10-08,6300000,대전광역시
㈜대창기업,민간,대전광역시 중구 유등천동로324번길6,,36.31136324,127.3880762,042-582-1701,평일09:00-18:00+토요일09:00-13:00,1,1877,1248,4,Y,Y,N,N,N,Y,Y,042-270-5851,대전광역시청,2019-10-08,6300000,대전광역시
㈜통운모터스,민간,대전광역시 중구 유등천동로790,,36.34751498,127.4054199,042-242-7770,평일09:00-18:00+토요일09:00-13:00,1,1603,319,3,Y,Y,N,N,N,Y,Y,042-270-5851,대전광역시청,2019-10-08,6300000,대전광역시
충남공업㈜,민간,대전광역시 중구 대종로326,,36.3146822,127.4344643,042-255-3011,평일09:00-18:00+토요일09:00-13:00,1,5094,2044,3,Y,Y,N,N,N,Y,Y,042-270-5851,대전광역시청,2019-10-08,6300000,대전광역시
(합)유승기업,민간,대전광역시 서구 계룡로510,,36.34340913,127.3802282,042-523-0033,평일09:00-18:00+토요일09:00-13:00,1,8164,2757,3,Y,Y,N,N,N,Y,Y,042-270-5851,대전광역시청,2019-10-08,6300000,대전광역시
21세기모터스검사장,민간,대전광역시 서구 대덕대로 67,,36.339668,127.373205,042-527-0203,평일09:00-18:00+토요일09:00-13:00,1,1014,199,3,Y,Y,N,N,N,Y,Y,042-270-5851,대전광역시청,2019-10-08,6300000,대전광역시
21세기안전검사소,민간,대전광역시 서구 월드컵대로 484번길59,,36.34722417,127.3540011,042-544-8770,평일09:00-18:00+토요일09:00-13:00,1,1045,207,4,Y,Y,N,N,N,Y,Y,042-270-5851,대전광역시청,2019-10-08,6300000,대전광역시
대원자동차공업사,민간,대전광역시 서구 도산로181번길21,,36.32467621,127.3777138,042-523-9921,평일09:00-18:00+토요일09:00-13:00,1,3972,1760,3,Y,Y,N,N,N,Y,Y,042-270-5851,대전광역시청,2019-10-08,6300000,대전광역시
빛나는자동차공업㈜,민간,대전광역시 서구 도산로365,,36.33745834,127.3912175,042-523-9301,평일09:00-18:00+토요일09:00-13:00,1,3972,1760,4,Y,Y,N,N,N,Y,Y,042-270-5851,대전광역시청,2019-10-08,6300000,대전광역시
아크로모터스,민간,대전광역시 유성구 한밭대로 17,,36.36203256,127.305578,042-719-1233,평일09:00-18:00+토요일09:00-13:00,1,1070,360.62,3,Y,Y,N,N,N,Y,Y,042-270-5852,대전광역시청,2019-10-08,6300000,대전광역시
이안현대모터스,민간,대전광역시 동구 안골로 45,,36.2685906420,127.4719618359,042-282-2506,평일09:00-18:00+토요일09:00-13:00,1,0,0,,Y,Y,N,N,N,Y,Y,042-270-5851,대전광역시청,2019-10-08,6300000,대전광역시
용인종합정비,민간,대전광역시 동구 옥천로 321,,36.323093,127.471814,042-283-4502,평일09:00-18:00+토요일09:00-13:00,1,0,0,,Y,Y,N,N,N,Y,Y,042-270-5851,대전광역시청,2019-10-08,6300000,대전광역시
모든모터스,민간,대전광역시 서구 도산로 169,,36.323686,127.3779005447,042-484-5459,평일09:00-18:00+토요일09:00-13:00,1,0,0,,Y,Y,N,N,N,Y,Y,042-270-5851,대전광역시청,2019-10-08,6300000,대전광역시
대진공업사,민간,인천광역시 강화군 선원면 중앙로374,인천광역시 강화군 선원면 냉정리 550,37.7173382621,126.4718496504,032-934-3992,평일09:00~18:00,1,5289,248,3,Y,Y,N,Y,Y,N,N,032-930-3376,강화군청,2019-09-20,3570000,인천광역시 강화군
남도공업사,민간,인천광역시 강화군 선원면 중앙로222,인천광역시 강화군 선원면 창리 580-1,37.7261253182,126.4842556328,032-933-9338,평일09:00~18:00,1,5190,231,3,Y,Y,N,Y,Y,N,N,032-930-3376,강화군청,2019-09-20,3570000,인천광역시 강화군
선두공업사,민간,인천광역시 강화군 선원면 중앙로148,인천광역시 강화군 선원면 창리 398,37.7305757498,126.4891479854,032-934-7785,평일09:00~18:00,1,2645,231,3,Y,Y,N,Y,Y,N,N,032-930-3376,강화군청,2019-09-20,3570000,인천광역시 강화군
강구종합정비,민간,경상북도 영덕군 강구면 동해대로 4404-4,경상북도 영덕군 강구면 삼사리 71-1,36.3508581057,129.379569,054-733-3364,평일:08:30~18:00+토요일:08:30~13:00,1,3300,660,,N,Y,N,Y,N,N,Y,054-730-6252,경상북도 영덕군청,2019-09-19,5180000,경상북도 영덕군
영해그린정비,민간,경상북도 영덕군 영해면 영덕로 1759,경상북도 영덕군 영해면 성내리 801,36.5336407623,129.404388,054-734-1993,평일:08:30~17:30+토요일(격주):08:30~11:00,1,2000,1054,,N,Y,N,N,N,N,N,054-730-6252,경상북도 영덕군청,2019-09-19,5180000,경상북도 영덕군
화성종합정비,민간,경상북도 영덕군 영덕읍 영덕로 299,경상북도 영덕군 영덕읍 화수리 665-3,36.420801,129.374431462,054-733-3366,평일:08:30~17:00+토요일:09:00~11:30,1,300,120,,Y,Y,N,N,N,N,Y,054-730-6252,경상북도 영덕군청,2019-09-19,5180000,경상북도 영덕군
영덕종합정비,민간,경상북도 영덕군 영덕읍 영덕로 293,경상북도 영덕군 영덕읍 화수리 677,36.420436683,129.37357638,054-732-7171,평일:09:00~17:00+토요일:09:00~12:00,1,6000,3000,,N,Y,N,Y,N,N,Y,054-730-6252,경상북도 영덕군청,2019-09-19,5180000,경상북도 영덕군
교통안전공단 전주검사소,공공,전라북도 전주시 덕진구 신행로 44,,35.8491033,127.0930046,063-211-9936,9:00,3,939.59,943.35,13,Y,Y,Y,Y,Y,Y,Y,044-201-3859,국토교통부,2019-08-30,4640000,전라북도 전주시
교통안전공단 부천자동차검사소,공공,경기도 부천시 오정로 42,경기도 부천시 삼정동 29-4,37.524835,126.765051,032-674-5000,평일 09:00~18:00+토요일 09:00~13:00,4,6817.12,1555.1,16,Y,Y,Y,Y,Y,Y,Y,032-625-3981,경기도 부천시,2019-09-10,3860000,경기도 부천시
㈜부천자동차검사소,민간,경기도 부천시 신흥로 382,경기도 부천시 내동 65-1,37.517649,126.775531,032-672-5806,평일 09:00~18:00+토요일 09:00~13:00,1,2387.84,1872.4,3,Y,Y,N,N,N,Y,Y,032-625-3981,경기도 부천시,2019-09-10,3860000,경기도 부천시
삼정자동차정비㈜,민간,경기도 부천시 오정로 108,경기도 부천시 삼정동 71-26,37.525408,126.772541,032-673-9991,평일 09:00~18:00+토요일 09:00~13:00,1,2373.13,781.44,4,Y,Y,N,N,N,Y,Y,032-625-3981,경기도 부천시,2019-09-10,3860000,경기도 부천시
㈜인철스카이정비 부천지점,민간,경기도 부천시 송내대로518번길30,경기도 부천시 삼정동 14-13,37.529181,126.762047,032-682-9997,평일 09:00~18:00+토요일 09:00~13:00,1,12621,2121.68,3,Y,Y,N,N,N,Y,Y,032-625-3981,경기도 부천시,2019-09-10,3860000,경기도 부천시
형제자동차공업사,민간,경기도 부천시 오정로107,경기도 부천시 삼정동 71-11,37.526082,126.772107,032-672-2311,평일 09:00~18:00+토요일 09:00~13:00,2,2330,879.63,4,Y,Y,N,N,N,Y,Y,032-625-3981,경기도 부천시,2019-09-10,3860000,경기도 부천시
선경1급자동차,민간,경기도 부천시 부천로198번길79,경기도 부천시 춘의동 158-2,37.502723,126.790975,032-655-2100,평일 09:00~18:00+토요일 09:00~13:00,1,1207.3,453.44,3,Y,Y,N,N,N,Y,Y,032-625-3981,경기도 부천시,2019-09-10,3860000,경기도 부천시
예지엠에스(주),민간,경기도 부천시 오정로282,경기도 부천시 오정동 111-5,37.531305,126.789347,032-671-5500,평일 09:00~18:00+토요일 09:00~13:00,2,2885,585.04,4,Y,Y,N,N,N,Y,Y,032-625-3981,경기도 부천시,2019-09-10,3860000,경기도 부천시
㈜아주자동차공업사,민간,경기도 부천시 신흥로300,경기도 부천시 약대동 176-20,37.510254,126.775362,032-662-7000,평일 09:00~18:00+토요일 09:00~13:00,2,1948.04,1072.2,4,Y,Y,N,N,N,Y,Y,032-625-3981,경기도 부천시,2019-09-10,3860000,경기도 부천시
오토맥스,민간,경기도 부천시 부천로190,경기도 부천시 춘의동 202-1,37.500978,126.786957,032-656-8030,평일 09:00~18:00+토요일 09:00~13:00,1,3306.1,1981.81,4,Y,Y,N,N,N,Y,Y,032-625-3981,경기도 부천시,2019-09-10,3860000,경기도 부천시
영광모터스,민간,경기도 부천시 경인옛로45,경기도 부천시 소사본동 65-22,37.480986,126.797236,032-342-6589,평일 09:00~18:00+토요일 09:00~13:00,1,4188.6,1459.1,3,Y,Y,N,N,N,Y,Y,032-625-3981,경기도 부천시,2019-09-10,3860000,경기도 부천시
㈜서광1급정비,민간,경기도 부천시 봉오대로556번길 10,경기도 부천시 고강동 1-1,37.5387685262,126.820990657,032-673-7001,평일 09:00~18:00+토요일 09:00~13:00,1,1555.4,1335.1,5,Y,Y,N,N,N,Y,Y,032-625-3981,경기도 부천시,2019-09-10,3860000,경기도 부천시
대성모터스㈜,민간,경기도 부천시 신흥로413번길 18,경기도 부천시 삼정동 198,37.520636,126.774376,032-674-3411,평일 09:00~18:00+토요일 09:00~13:00,1,8351.35,5468.85,2,Y,Y,N,N,N,Y,Y,032-625-3981,경기도 부천시,2019-09-10,3860000,경기도 부천시
청진자동차공업㈜,민간,서울특별시 서초구 과천대로 904-6,서울특별시 서초구 방배동 2680,37.471832,126.984003,02-2155-7199,평일:09~18:00+토요일:09~13:00,1,1560,1335,,N,Y,N,N,N,Y,Y,02-2155-7199,서초구청,2019-08-08,3210000,서울특별시 서초구
양재현대서비스 주식회사,민간,서울특별시 서초구 남부순환로342길 100-9(양재동),서울특별시 서초구 양재동 189-1,37.476073,127.027718,02-572-4665,평일:09~18:00+토요일:09~13:00,1,3939,1884,,N,Y,N,N,N,Y,Y,02-2155-7199,서초구청,2019-08-08,3210000,서울특별시 서초구
쌍용자동차 남부정비사업소,민간,서울특별시 서초구 사임당로 22(서초동),서울특별시 서초구 서초동 1596-5,37.487568,127.012571,02-586-5582,평일:09~18:00+토요일:09~13:00,1,1976.4,2760.1,,N,Y,N,N,N,Y,Y,02-2155-7199,서초구청,2019-08-08,3210000,서울특별시 서초구
현대정비,민간,경상남도 하동군 하동읍 섬진강대로 2334,경상남도 하동군 하동읍 두곡리 750,35.0810584,127.7362621,055-882-6600,09:00~18:00,1,1000,494.5,1,N,Y,N,N,Y,N,Y,055-211-4356,경상남도,2019-06-16,5440000,경상남도 하동군
대광정비,민간,경상남도 하동군 진교면 새미골길 32-2,경상남도 하동군 진교면 고룡리 259번지 3호,35.0201443,127.9005620,055-883-9173,08:30~17:30,1,2919,753.45,1,N,Y,N,N,Y,N,Y,055-211-4356,경상남도,2019-06-16,5440000,경상남도 하동군
두일정비,민간,경상남도 하동군 하동읍 화심길 126,경상남도 하동군 하동읍 화심리 303-5,35.0882830,127.7323050,055-882-2500,09:00~17:40,1,6429,2423.76,2,N,Y,N,N,Y,N,Y,055-211-4356,경상남도,2019-06-16,5440000,경상남도 하동군
이화모터스,민간,경상남도 하동군 적량면 경서대로 501,경상남도 하동군 적량면 동산리 618-11,35.0789949,127.7800969,055-882-0521,08:30~18:00,1,431,203.95,1,N,Y,N,N,Y,N,Y,055-211-4356,경상남도,2019-06-16,5440000,경상남도 하동군
청도제일정비공장,민간,경상북도 청도군 청도읍 중앙로 28,경상북도 청도군 청도읍 고수리 813번지,35.64363528,128.7473755,054-373-3502,평일:09~18:00+토요일:09:00~13:00,1,2970,384,1,Y,Y,Y,Y,Y,Y,Y,054-370-2252,경상북도 청도군청,2019-06-13,5190000,경상북도 청도군
화양자동차정비공장,민간,경상북도 청도군 화양읍 청려로1832-5,경상북도 청도군 화양읍 동천리 479-6,35.6509217839,128.718873002,054-371-0341,평일:09~18:00+토요일:09:00~13:00,1,1379,275,1,Y,Y,Y,Y,Y,Y,Y,054-370-2252,경상북도 청도군청,2019-06-13,5190000,경상북도 청도군
청도대성자동차정비공장,민간,경상북도 청도군 청도읍 모강길 5,경상북도 청도군 청도읍 원정리 1258-25,35.64947703,128.7515491,054-373-8572,평일:09~18:00+토요일:09:00~13:00,1,1839,365,1,Y,Y,Y,Y,Y,Y,Y,054-370-2252,경상북도 청도군청,2019-06-13,5190000,경상북도 청도군
현대자동차청도서비스,민간,경상북도 청도군 화양읍 청려로 1798,경상북도 청도군 화양읍 동천리 136-5,35.65098628,128.7154408,054-373-8401,평일:09~18:00+토요일:09:00~13:00,1,2373,848,3,Y,Y,Y,Y,Y,Y,N,054-370-2252,경상북도 청도군청,2019-06-13,5190000,경상북도 청도군
에덴종합정비공장,민간,경상북도 청도군 화양읍 청려로 1810,경상북도 청도군 화양읍 동천리 370,35.65118858,128.7162819,054-372-8581,평일:09~18:00+토요일:09:00~13:00,1,2818,550,2,Y,Y,Y,Y,Y,Y,Y,054-370-2252,경상북도 청도군청,2019-06-13,5190000,경상북도 청도군
㈜성산자동차,민간,강원도 홍천군 홍천읍 구시울1길 16,,37.672364,127.854252,033-435-2200,"평일,토요일:08:00~19:00 + 일요일:08:00~18:00",4,5604,988,,Y,Y,Y,Y,N,N,Y,033-430-2944,홍천군 전원도시과,2018-08-30,4250000,강원도 홍천군
(주)광건정비사업소,민간,강원도 홍천군 북방면 송학정로 23-40,,37.682133,127.854466,033-434-0074,평일:08:00~20:00,5,1909,566,,Y,Y,Y,Y,N,Y,N,033-430-2944,홍천군 전원도시과,2018-08-30,4250000,강원도 홍천군
제일자동차공업사,민간,강원도 홍천군 남면 양덕원로 183,,37.624229,127.772829,033-432-8933,평일:08:30~18:00 + 토요일:08:30~13:00,3,2085,349,,N,Y,N,N,Y,N,N,033-430-2944,홍천군 전원도시과,2018-08-30,4250000,강원도 홍천군
강원종합자동차공업사,민간,강원도 홍천군 북방면 송학정로 42,,37.682977,127.858985,033-434-0063,평일:08:30~17:30 + 토요일:09:00~12:00,1,6611,793,,N,Y,N,Y,Y,N,Y,033-430-2944,홍천군 전원도시과,2018-08-30,4250000,강원도 홍천군
(주)한서자동차공업사,민간,강원도 홍천군 북방면 송학정로 36-13,,37.682998,127.859563,033-435-1901,평일:08:30~18:00 + 토요일:08:30~12:30,10,5599,1782,,N,Y,Y,Y,N,N,Y,033-430-2944,홍천군 전원도시과,2018-08-30,4250000,강원도 홍천군
현대자동차공업사,민간,강원도 홍천군 홍천읍 공작산로 151,,37.693835,127.9076304,033-435-6400,평일:08:00~18:00 + 토요일:08:00~16:00,7,800,30,,N,Y,Y,N,N,Y,N,033-430-2944,홍천군 전원도시과,2018-08-30,4250000,강원도 홍천군
(주) 홍천자동차공업사,민간,강원도 홍천군 홍천읍 마지기로 145,,37.702192,127.882384,033-434-2425,평일:08:00~18:00 + 토요일:09:00~12:00,8,5818,1203,,N,Y,Y,N,Y,Y,Y,033-430-2944,홍천군 전원도시과,2018-08-30,4250000,강원도 홍천군
석화자동차공업사,민간,강원도 홍천군 홍천읍 마지기로 187,,37.704314,127.8791177,033-435-9650,평일:08:30~18:00 + 토요일:08:00~16:00,1,3817,1693,,Y,Y,Y,N,Y,N,Y,033-430-2944,홍천군 전원도시과,2018-08-30,4250000,강원도 홍천군
서석현대공업사,민간,강원도 홍천군 서석면 아미산길 40-3,,37.718916,128.179685,033-433-7910,평일:08:00~18:00 + 토요일:08:00~12:00,3,1487,480,,Y,Y,N,Y,Y,N,N,033-430-2944,홍천군 전원도시과,2018-08-30,4250000,강원도 홍천군
해광공업사,민간,강원도 고성군 죽왕면 선유담길 68,강원도 고성군 죽왕면 공현진리 426-1 해광공업사,38.359249,128.503762,033-631-7001,평일09:00~18:00+토요일09:00~14:00,3,4875,1353.4,9,N,Y,N,Y,N,N,Y,033-680-3023,강원도 고성군청,2018-08-20,4340000,강원도 고성군
고성공업사,민간,강원도 고성군 죽왕면 향목길 14,강원도 고성군 죽왕면 향목리 111 고성공업사,38.380853,128.490102,033-681-0001,평일09:00~18:00+토요일09:00~14:00,3,1418,321.1,7,N,Y,N,Y,N,N,Y,033-680-3023,강원도 고성군청,2018-08-20,4340000,강원도 고성군
수성공업사,민간,강원도 고성군 죽왕면 동해대로 6546-16,강원도 고성군 죽왕면 향목리 23-9,38.380976,128.495233,033-681-8585,평일09:00~17:30+토요일09:00~14:00,3,903,329.78,5,N,Y,N,Y,N,N,Y,033-680-3023,강원도 고성군청,2018-08-20,4340000,강원도 고성군
한일공업사,민간,강원도 고성군 거진읍 낙산길 12,강원도 고성군 거진읍 송포리 250-1 한일자동차공업사,38.435859,128.448135,033-681-7777,평일08:30~18:00+토요일08:30~14:00,3,2221,693,9,N,Y,N,Y,N,N,Y,033-680-3023,강원도 고성군청,2018-08-20,4340000,강원도 고성군
그린종합정비,민간,강원도 화천군 화천읍 산수화로 127,강원도 화천군 화천읍 중리 102-11,38.115745000,127.713319000,033-442-1237,09:00~18:00,0,2754,1700,1,N,Y,N,Y,Y,Y,N,033-440-2366,강원도 화천군청,2018-08-10,4310000,강원도 화천군
아로모터스,민간,강원도 화천군 화천읍 산수화로5길 17,강원도 화천군 화천읍 중리 191-22,38.109489000,127.708636000,033-442-3345,09:00~18:00,0,2046,1129,1,N,Y,N,Y,Y,Y,Y,033-440-2366,강원도 화천군청,2018-08-10,4310000,강원도 화천군
화천정비사업소,민간,강원도 화천군 화천읍 노신로 67,강원도 화천군 화천읍 신읍리 591-4,38.117531000,127.700033000,033-441-4417,09:00~18:00,0,2444,1007,1,N,Y,N,Y,Y,Y,N,033-440-2366,강원도 화천군청,2018-08-10,4310000,강원도 화천군
제일자동차종합정비,민간,충청북도 영동군 영동읍 동정로 72-45,,36.1729671,127.7874902,043-744-0111,평일 09:00~18:00 토요일: 09:00~13:00 일요일: 휴무,2,4644,527,,N,Y,N,N,N,N,Y,043-740-3512,충청북도 영동군청,2018-02-23,4440000,충청북도 영동군
영동기아서비스,민간,충청북도 영동군 영동읍 동정로 119-1,,36.1716889,127.7941132,043-745-2200,평일 09:00~18:00 토요일: 09:00~13:00 일요일: 휴무,2,2338,640.38,,N,Y,N,N,N,N,Y,043-740-3512,충청북도 영동군청,2018-02-23,4440000,충청북도 영동군
영동 현대 서비스,민간,충청북도 영동군 영동읍 기골로 190,,36.1873511,127.7908301,043-742-3333,평일 09:00~18:00 토요일: 09:00~13:00 일요일: 휴무,2,6190,743,,N,Y,N,N,N,N,Y,043-740-3512,충청북도 영동군청,2018-02-23,4440000,충청북도 영동군
서산현대자동차 공업사㈜,민간,충청남도 서산시 고운로 6-7(예천동),충청남도 서산시 예천동 488,36.773275,126.443643,041-665-2933,9시 ~ 6시,1,9178,2473,3,N,Y,N,N,N,Y,Y,041-635-4691,충청남도,2017-01-01,4530000,충청남도 서산시
종합자동차공업사,민간,충청남도 서산시 서해로 3197(예천동),충청남도 서산시 예천동 659-1,36.771467,126.435587,041-667-1241,9시 ~ 6시,1,2412,650,1,N,Y,N,N,N,N,Y,041-635-4691,충청남도,2017-01-01,4530000,충청남도 서산시
애향자동차정비공업㈜,민간,충청남도 서산시 음암면 중앙로 548,충청남도 서산시 음암면 신장리 655-1,36.752259,126.499485,041-667-2345,9시 ~ 6시,1,5279,1456,1,N,Y,N,N,N,N,Y,041-635-4691,충청남도,2017-01-01,4530000,충청남도 서산시
중앙자동차정비공업사,민간,충청남도 서산시 대산읍 충의로 1645-4,충청남도 서산시 대산읍 영탑리 440-1,36.914256,126.441942,041-681-4231,9시 ~ 6시,1,2358,538,2,N,Y,N,N,N,N,Y,041-635-4691,충청남도,2017-01-01,4530000,충청남도 서산시
현대자동차정비공업사,민간,충청남도 서산시 성연면 충의로 703,충청남도 서산시 성연면 오사리 306-2,36.832018,126.442241,041-664-8622,9시 ~ 6시,1,1001,462,1,N,Y,N,N,N,N,Y,041-635-4691,충청남도,2017-01-01,4530000,충청남도 서산시
서산현대서비스,민간,충청남도 서산시 수석순환로 5(수석동),충청남도 서산시 수석동 204-5,36.781542,126.497467,041-665-0611,9시 ~ 6시,1,8292,1477,3,N,Y,N,N,N,Y,Y,041-635-4691,충청남도,2017-01-01,4530000,충청남도 서산시
우대자동차공업사,민간,충청남도 서산시 고북면 내포로 2435,충청남도 서산시 고북면 신상리 18-8,36.698822,126.541206,041-688-7748,9시 ~ 6시,1,2702,767,1,N,Y,N,N,N,N,Y,041-635-4691,충청남도,2017-01-01,4530000,충청남도 서산시
㈜남부현대서비스,민간,충청남도 서산시 남부순환로 20-8(수석동),충청남도 서산시 수석동 570-1,36.754193,126.494075,041-668-1188,9시 ~ 6시,1,3300,892,2,N,Y,N,N,N,N,Y,041-635-4691,충청남도,2017-01-01,4530000,충청남도 서산시
부국자동차공업사,민간,충청남도 서산시 남부순환로 790(양대동),충청남도 서산시 양대동 397-1,36.747761,126.449039,041-666-5800,9시 ~ 6시,1,1671,373,1,N,Y,N,N,N,N,Y,041-635-4691,충청남도,2017-01-01,4530000,충청남도 서산시
한성모터스,민간,충청남도 서산시 덕지천로 254(오남동),충청남도 서산시 오남동 559-7,36.758525,126.471613,041-662-3223,9시 ~ 6시,1,2709,1563,1,N,Y,N,N,N,N,Y,041-635-4691,충청남도,2017-01-01,4530000,충청남도 서산시
제국모터스,민간,충청남도 서산시 양열로 212(석남동),충청남도 서산시 석남동 576,36.761922,126.453972,041-667-1171,9시 ~ 6시,1,1652,367,3,N,Y,N,N,N,Y,Y,041-635-4691,충청남도,2017-01-01,4530000,충청남도 서산시
글로벌모터스,민간,충청남도 서산시 남부순환로 907(예천동),충청남도 서산시 예천동 246,36.759142,126.450408,041-667-3311,9시 ~ 6시,1,9772,1952,1,N,Y,N,N,N,N,Y,041-635-4691,충청남도,2017-01-01,4530000,충청남도 서산시