시도명,시군구명,도로종류,도로노선번호,도로노선명,차로수,버스전용차로기점명,버스전용차로종점명,버스전용차로기점위도,버스전용차로기점경도,버스전용차로종점위도,버스전용차로종점경도,버스전용차로총연장,버스전용차로종류,버스전용차로지정해제여부,시행일자,운영시간구분,평일시작시각,평일종료시각,토요일시작시각,토요일종료시각,공휴일시작시각,공휴일종료시각,명절연휴시작시각,명절연휴종료시각,통행가능차량,버스전용차로속도,관리기관명,관리기관전화번호,데이터기준일자,제공기관코드,제공기관명
03,동구,03,광로1-1,동대구로,5,뉴대구맨션,동대구역네거리,35.881119,128.626031,35.876847,128.626306,400 m,01,Y,2017-08-02,01,24시간,24시간,24시간,24시간,24시간,24시간,24시간,24시간,도로교통법 시행령 [별표1]에 규정된 차량,60,대구광역시 버스운영과,053-803-6542,2019-05-31,6270000,대구광역시
03,동구,03,광로1-1,동대구로,5,동대구역네거리,뉴대구맨션,35.876842,128.626419,35.881164,128.626161,400 m,01,Y,2017-08-02,01,24시간,24시간,24시간,24시간,24시간,24시간,24시간,24시간,도로교통법 시행령 [별표1]에 규정된 차량,60,대구광역시 버스운영과,053-803-6542,2019-05-31,6270000,대구광역시
03,동구,03,대로1-5,안심로,3,입석네거리,반야월삼거리,35.891900,128.643725,35.874261,128.688386,"4,500 m",02,Y,1998-06-22,02,"07:00, 17:30","09:00, 19:30",-,-,-,-,-,-,도로교통법 시행령 [별표1]에 규정된 차량,70,대구광역시 버스운영과,053-803-6542,2019-05-31,6270000,대구광역시
03,동구,03,대로1-5,안심로,3,반야월삼거리,입석네거리,35.874311,128.687603,35.892006,128.643817,"4,500 m",02,Y,1998-06-22,02,"07:00, 17:30","09:00, 19:30",-,-,-,-,-,-,도로교통법 시행령 [별표1]에 규정된 차량,70,대구광역시 버스운영과,053-803-6542,2019-05-31,6270000,대구광역시
03,남구,03,광로3-1대로2-24,대명로,4,영대병원네거리,성당네거리,35.845275,128.590308,35.837786,128.557950,"3,200 m",02,Y,1998-01-20,02,"07:00, 17:30","09:00, 19:30",-,-,-,-,-,-,도로교통법 시행령 [별표1]에 규정된 차량,60,대구광역시 버스운영과,053-803-6542,2019-05-31,6270000,대구광역시
03,남구,03,광로3-1대로2-24,대명로,4,성당네거리,영대병원네거리,35.837639,128.557922,35.845172,128.590294,"3,200 m",02,Y,1998-01-20,02,"07:00, 17:30","09:00, 19:30",-,-,-,-,-,-,도로교통법 시행령 [별표1]에 규정된 차량,60,대구광역시 버스운영과,053-803-6542,2019-05-31,6270000,대구광역시
03,달서구,03,대로1-12,월배로,4,성당네거리,상인네거리,35.837331,128.557192,35.819083,128.538100,"2,800 m",02,Y,1998-01-20,02,"07:00, 17:30","09:00, 19:30",-,-,-,-,-,-,도로교통법 시행령 [별표1]에 규정된 차량,60,대구광역시 버스운영과,053-803-6542,2019-05-31,6270000,대구광역시
03,달서구,03,대로1-12,월배로,4,상인네거리,성당네거리,35.818956,128.538169,35.837311,128.557381,"2,800 m",02,Y,1998-01-20,02,"07:00, 17:30","09:00, 19:30",-,-,-,-,-,-,도로교통법 시행령 [별표1]에 규정된 차량,60,대구광역시 버스운영과,053-803-6542,2019-05-31,6270000,대구광역시
03,수성구,03,대로2-19,수성로,3,대구은행네거리,중동네거리,35.859475,128.614042,35.841047,128.612181,"2,100 m",02,Y,1998-01-20,02,1899-12-31,1899-12-31,-,-,-,-,-,-,도로교통법 시행령 [별표1]에 규정된 차량,60,대구광역시 버스운영과,053-803-6542,2019-05-31,6270000,대구광역시
03,수성구,03,대로2-19,수성로,3,중동네거리,대구은행네거리,35.841031,128.612361,35.859458,128.614142,"2,100 m",02,Y,1998-01-20,02,1899-12-31,1899-12-31,-,-,-,-,-,-,도로교통법 시행령 [별표1]에 규정된 차량,60,대구광역시 버스운영과,053-803-6542,2019-05-31,6270000,대구광역시
03,"동구, 수성구",03,광로3-2,화랑로,4,MBC네거리,효목네거리,35.866825,128.627189,35.876347,128.644753,"2,000 m",02,Y,1994-12-20,02,"07:00, 17:30","09:00, 19:30",-,-,-,-,-,-,도로교통법 시행령 [별표1]에 규정된 차량,60,대구광역시 버스운영과,053-803-6542,2019-05-31,6270000,대구광역시
03,"동구, 수성구",03,광로3-2,화랑로,4,효목네거리,MBC네거리,35.876483,128.644669,35.866933,128.627178,"2,000 m",02,Y,1994-12-20,02,"07:00, 17:30","09:00, 19:30",-,-,-,-,-,-,도로교통법 시행령 [별표1]에 규정된 차량,60,대구광역시 버스운영과,053-803-6542,2019-05-31,6270000,대구광역시
03,"중구, 남구",03,광로3-4,중앙대로,4,반월당네거리,영대병원네거리,35.865300,128.593339,35.845469,128.590422,"2,300 m",02,Y,1998-01-20,02,"07:00, 17:30","09:00, 19:30",-,-,-,-,-,-,도로교통법 시행령 [별표1]에 규정된 차량,60,대구광역시 버스운영과,053-803-6542,2019-05-31,6270000,대구광역시
03,"중구, 남구",03,광로3-4,중앙대로,4,영대병원네거리,반월당네거리,35.845461,128.590583,35.865292,128.593456,"2,300 m",02,Y,1998-01-20,02,"07:00, 17:30","09:00, 19:30",-,-,-,-,-,-,도로교통법 시행령 [별표1]에 규정된 차량,60,대구광역시 버스운영과,053-803-6542,2019-05-31,6270000,대구광역시
03,북구,03,대로1-3,중앙대로,4,대구역북편네거리,동침산네거리,35.877931,128.595239,35.886653,128.597997,"1,500 m",02,Y,1994-12-20,02,"07:00, 17:30","09:00, 19:30",-,-,-,-,-,-,도로교통법 시행령 [별표1]에 규정된 차량,60,대구광역시 버스운영과,053-803-6542,2019-05-31,6270000,대구광역시
03,북구,03,대로1-3,중앙대로,4,동침산네거리,대구역북편네거리,35.886692,128.597853,35.877961,128.595122,"1,500 m",02,Y,1994-12-20,02,"07:00, 17:30","09:00, 19:30",-,-,-,-,-,-,도로교통법 시행령 [별표1]에 규정된 차량,60,대구광역시 버스운영과,053-803-6542,2019-05-31,6270000,대구광역시
03,서구,03,대로2-5,달서로,3,반고개네거리,원대오거리,35.862394,128.572036,35.887372,128.575808,"2,900 m",02,Y,1994-12-20,02,"07:00, 17:30","09:00, 19:30",-,-,-,-,-,-,도로교통법 시행령 [별표1]에 규정된 차량,60,대구광역시 버스운영과,053-803-6542,2019-05-31,6270000,대구광역시
03,서구,03,대로2-5,달서로,3,원대오거리,반고개네거리,35.887397,128.575675,35.862367,128.571903,"2,900 m",02,Y,1994-12-20,02,"07:00, 17:30","09:00, 19:30",-,-,-,-,-,-,도로교통법 시행령 [별표1]에 규정된 차량,60,대구광역시 버스운영과,053-803-6542,2019-05-31,6270000,대구광역시
03,수성구,03,광로1-1,동대구로,5,MBC네거리,두산오거리,35.866753,128.626661,35.830425,128.623056,"4,100 m",02,Y,1994-09-22,02,1899-12-31,1899-12-31,-,-,-,-,-,-,도로교통법 시행령 [별표1]에 규정된 차량,60,대구광역시 버스운영과,053-803-6542,2019-05-31,6270000,대구광역시
03,수성구,03,광로1-1,동대구로,5,두산오거리,MBC네거리,35.830400,128.623525,35.866692,128.626994,"4,100 m",02,Y,1994-09-22,02,1899-12-31,1899-12-31,-,-,-,-,-,-,도로교통법 시행령 [별표1]에 규정된 차량,60,대구광역시 버스운영과,053-803-6542,2019-05-31,6270000,대구광역시
03,"남구, 달서구",03,대로2-10,성당로,3,내당네거리,성당네거리,35.859800,128.574447,35.837925,128.557700,"3,000 m",02,Y,1994-09-22,02,"07:00, 17:30","09:00, 19:30",-,-,-,-,-,-,도로교통법 시행령 [별표1]에 규정된 차량,60,대구광역시 버스운영과,053-803-6542,2019-05-31,6270000,대구광역시
03,"남구, 달서구",03,대로2-10,성당로,3,성당네거리,내당네거리,35.837908,128.557817,35.859728,128.574611,"3,000 m",02,Y,1994-09-22,02,"07:00, 17:30","09:00, 19:30",-,-,-,-,-,-,도로교통법 시행령 [별표1]에 규정된 차량,60,대구광역시 버스운영과,053-803-6542,2019-05-31,6270000,대구광역시
03,"중구, 남구",03,대로2-5,명덕로,3,반고개네거리,명덕네거리,35.861783,128.572114,35.856919,128.590461,"1,800 m",02,Y,1994-09-22,02,"07:00, 17:30","09:00, 19:30",-,-,-,-,-,-,도로교통법 시행령 [별표1]에 규정된 차량,60,대구광역시 버스운영과,053-803-6542,2019-05-31,6270000,대구광역시
03,"중구, 남구",03,대로2-5,명덕로,3,명덕네거리,반고개네거리,35.857042,128.590508,35.861808,128.572319,"1,800 m",02,Y,1994-09-22,02,"07:00, 17:30","09:00, 19:30",-,-,-,-,-,-,도로교통법 시행령 [별표1]에 규정된 차량,60,대구광역시 버스운영과,053-803-6542,2019-05-31,6270000,대구광역시
03,중구,03,대로2-2,태평로,3,동인네거리,달성네거리,35.872706,128.604211,35.877642,128.581914,"2,000 m",02,Y,1994-08-11,02,"07:00, 17:30","09:00, 19:30",-,-,-,-,-,-,도로교통법 시행령 [별표1]에 규정된 차량,60,대구광역시 버스운영과,053-803-6542,2019-05-31,6270000,대구광역시
03,중구,03,대로2-2,태평로,3,달성네거리,동인네거리,35.877533,128.581919,35.872525,128.604169,"2,000 m",02,Y,1994-08-11,02,"07:00, 17:30","09:00, 19:30",-,-,-,-,-,-,도로교통법 시행령 [별표1]에 규정된 차량,60,대구광역시 버스운영과,053-803-6542,2019-05-31,6270000,대구광역시
03,"동구, 북구",03,대로1-14대로2-8,아양로신암로,3,칠성교,입석네거리,35.877233,128.606969,35.891850,128.643533,"4,000 m",02,Y,1994-01-01,02,"07:00, 17:30","09:00, 19:30",-,-,-,-,-,-,도로교통법 시행령 [별표1]에 규정된 차량,60,대구광역시 버스운영과,053-803-6542,2019-05-31,6270000,대구광역시
03,"동구, 북구",03,대로1-14대로2-8,아양로신암로,3,입석네거리,칠성교,35.891931,128.643411,35.877314,128.606847,"4,000 m",02,Y,1994-01-01,02,"07:00, 17:30","09:00, 19:30",-,-,-,-,-,-,도로교통법 시행령 [별표1]에 규정된 차량,60,대구광역시 버스운영과,053-803-6542,2019-05-31,6270000,대구광역시
03,"서구, 북구",03,대로1-9대로2-3,팔달로,4,원대오거리,태전교,35.887689,128.575672,35.918336,128.547883,"5,200 m",02,Y,1993-09-20,02,"07:00, 17:30","09:00, 19:30",-,-,-,-,-,-,도로교통법 시행령 [별표1]에 규정된 차량,60,대구광역시 버스운영과,053-803-6542,2019-05-31,6270000,대구광역시
03,"서구, 북구",03,대로1-9대로2-3,팔달로,4,태전교,원대오거리,35.918286,128.547764,35.887572,128.575581,"5,200 m",02,Y,1993-09-20,02,"07:00, 17:30","09:00, 19:30",-,-,-,-,-,-,도로교통법 시행령 [별표1]에 규정된 차량,60,대구광역시 버스운영과,053-803-6542,2019-05-31,6270000,대구광역시
03,서구,03,대로1-4,서대구로,3,두류네거리,만평네거리,35.858075,128.557414,35.889439,128.562042,"3,500 m",02,Y,1993-07-20,02,"07:00, 17:30","09:00, 19:30",-,-,-,-,-,-,도로교통법 시행령 [별표1]에 규정된 차량,60,대구광역시 버스운영과,053-803-6542,2019-05-31,6270000,대구광역시
03,서구,03,대로1-4,서대구로,3,만평네거리,두류네거리,35.889478,128.561867,35.858053,128.557275,"3,500 m",02,Y,1993-07-20,02,"07:00, 17:30","09:00, 19:30",-,-,-,-,-,-,도로교통법 시행령 [별표1]에 규정된 차량,60,대구광역시 버스운영과,053-803-6542,2019-05-31,6270000,대구광역시
03,"서구, 달서구",03,광로2-1,달구벌대로,5,성서IC,두류네거리,35.848736,128.527261,35.857706,128.557283,"4,000 m",02,Y,2006-02-19,02,"07:00, 17:30","09:00, 19:30",-,-,-,-,-,-,도로교통법 시행령 [별표1]에 규정된 차량,70,대구광역시 버스운영과,053-803-6542,2019-05-31,6270000,대구광역시
03,"서구, 달서구",03,광로2-1,달구벌대로,5,두류네거리,성서IC,35.857842,128.640553,35.848933,128.527250,"4,000 m",02,Y,2006-02-19,02,"07:00, 17:30","09:00, 19:30",-,-,-,-,-,-,도로교통법 시행령 [별표1]에 규정된 차량,70,대구광역시 버스운영과,053-803-6542,2019-05-31,6270000,대구광역시
03,수성구,03,광로2-1,달구벌대로,5,수성교,만촌네거리,35.860831,128.609517,35.858747,128.645289,"3,300 m",02,Y,1993-07-20,02,"07:00, 17:30","09:00, 19:30",-,-,-,-,-,-,도로교통법 시행령 [별표1]에 규정된 차량,70,대구광역시 버스운영과,053-803-6542,2019-05-31,6270000,대구광역시
03,수성구,03,광로2-1,달구벌대로,5,만촌네거리,수성교,35.859022,128.645461,35.861128,128.609606,"3,300 m",02,Y,1993-07-20,02,"07:00, 17:30","09:00, 19:30",-,-,-,-,-,-,도로교통법 시행령 [별표1]에 규정된 차량,70,대구광역시 버스운영과,053-803-6542,2019-05-31,6270000,대구광역시
03,수성구,03,광로2-1,달구벌대로,5,담티고가교,만촌네거리,35.853328,128.658597,35.858878,128.646650,"1,400 m",02,Y,2002-06-01,02,"07:00, 17:30","09:00, 19:30",-,-,-,-,-,-,도로교통법 시행령 [별표1]에 규정된 차량,70,대구광역시 버스운영과,053-803-6542,2019-05-31,6270000,대구광역시
03,수성구,03,광로2-1,달구벌대로,5,만촌네거리,담티고가교,35.858703,128.646408,35.853025,128.658556,"1,400 m",02,Y,2002-06-01,02,"07:00, 17:30","09:00, 19:30",-,-,-,-,-,-,도로교통법 시행령 [별표1]에 규정된 차량,70,대구광역시 버스운영과,053-803-6542,2019-05-31,6270000,대구광역시
03,"중구, 서구",03,대로1-7대로2-1,국채보상로,4,서성네거리,신평리네거리,35.870150,128.587094,35.870606,128.555194,"3,000 m",02,Y,1992-12-15,02,"07:00, 17:30","09:00, 19:30",-,-,-,-,-,-,도로교통법 시행령 [별표1]에 규정된 차량,60,대구광역시 버스운영과,053-803-6542,2019-05-31,6270000,대구광역시
03,"중구, 서구",03,대로1-7대로2-1,국채보상로,4,신평리네거리,서성네거리,35.870408,128.555214,35.869994,128.587017,"3,000 m",02,Y,1992-12-15,02,"07:00, 17:30","09:00, 19:30",-,-,-,-,-,-,도로교통법 시행령 [별표1]에 규정된 차량,60,대구광역시 버스운영과,053-803-6542,2019-05-31,6270000,대구광역시
03,"중구, 동구, 수성구",03,대로2-1,국채보상로,3,종각네거리,MBC네거리,35.869072,128.604247,35.866967,128.626236,"2,000 m",02,Y,1991-12-26,02,"07:00, 17:30","09:00, 19:30",-,-,-,-,-,-,도로교통법 시행령 [별표1]에 규정된 차량,60,대구광역시 버스운영과,053-803-6542,2019-05-31,6270000,대구광역시
03,"중구, 동구, 수성구",03,대로2-1,국채보상로,3,MBC네거리,종각네거리,35.867158,128.626122,35.869192,128.604281,"2,000 m",02,Y,1991-12-26,02,"07:00, 17:30","09:00, 19:30",-,-,-,-,-,-,도로교통법 시행령 [별표1]에 규정된 차량,60,대구광역시 버스운영과,053-803-6542,2019-05-31,6270000,대구광역시
대전광역시,중구,지방도,3,계백로,10,서대전네거리,진잠네거리,36.32294319,127.414806,36.29865221,127.3236556,8.3,2,Y,1994-07-01,2,07:00 + 18:00,09:00 + 20:00,0:00,0:00,0:00,0:00,0:00,0:00,"36인승 대형승합차 + 36인승미만 사업용 승합자동차 + 어린이통학버스(신고필증), 등",80,대전광역시,042-270-5783,2020-07-01,6300000,대전광역시
대전광역시,중구,지방도,3,중앙로,6,서대전네거리,대전역네거리,36.32294319,127.414806,36.33028255,127.430423,2.1,2,Y,2009-03-01,2,07:00 + 18:00,09:00 + 20:00,0:00,0:00,0:00,0:00,0:00,0:00,"36인승 대형승합차 + 36인승미만 사업용 승합자동차 + 어린이통학버스(신고필증), 등",80,대전광역시,042-270-5783,2020-07-01,6300000,대전광역시
대전광역시,중구,지방도,3,계룡로,10,서대전네거리,유성네거리,36.32294319,127.414806,36.3533975,127.3404195,9.5,2,Y,1995-10-01,2,07:00 + 18:00,09:00 + 20:00,0:00,0:00,0:00,0:00,0:00,0:00,"36인승 대형승합차 + 36인승미만 사업용 승합자동차 + 어린이통학버스(신고필증), 등",80,대전광역시,042-270-5783,2020-07-01,6300000,대전광역시
대전광역시,서구,지방도,3,도산로,8,용문네거리,도마네거리,36.33827459,127.3932813,36.31281359,127.3790906,3.3,2,Y,1998-01-01,2,07:00 + 18:00,09:00 + 20:00,0:00,0:00,0:00,0:00,0:00,0:00,"36인승 대형승합차 + 36인승미만 사업용 승합자동차 + 어린이통학버스(신고필증), 등",80,대전광역시,042-270-5783,2020-07-01,6300000,대전광역시
대전광역시,동구,지방도,3,동서로,10,대전TG,태평오거리,36.36112932,127.4490303,36.32351485,127.3938299,4.5,2,Y,1999-02-01,2,07:00 + 18:00,09:00 + 20:00,0:00,0:00,0:00,0:00,0:00,0:00,"36인승 대형승합차 + 36인승미만 사업용 승합자동차 + 어린이통학버스(신고필증), 등",80,대전광역시,042-270-5783,2020-07-01,6300000,대전광역시
대전광역시,동구,지방도,3,대전로,8,삼성네거리,효동네거리,36.33608233,127.4276295,36.31529649,127.4403762,2.7,2,Y,2003-07-01,2,07:00 + 18:00,09:00 + 20:00,0:00,0:00,0:00,0:00,0:00,0:00,"36인승 대형승합차 + 36인승미만 사업용 승합자동차 + 어린이통학버스(신고필증), 등",80,대전광역시,042-270-5783,2020-07-01,6300000,대전광역시
대전광역시,대억구,지방도,3,한밭대로,10,중리네거리,충대정문오거리,36.3591028,127.4281522,36.36190127,127.3446156,7.7,2,Y,2006-12-01,2,07:00 + 18:00,09:00 + 20:00,0:00,0:00,0:00,0:00,0:00,0:00,"36인승 대형승합차 + 36인승미만 사업용 승합자동차 + 어린이통학버스(신고필증), 등",80,대전광역시,042-270-5783,2020-07-01,6300000,대전광역시
대전광역시,대덕구,지방도,3,대덕대로,10,계룡네거리,연구단지네거리,36.34850826,127.3445271,36.34850826,127.3445271,4.2,2,Y,2007-09-01,2,07:00 + 18:00,09:00 + 20:00,0:00,0:00,0:00,0:00,0:00,0:00,"36인승 대형승합차 + 36인승미만 사업용 승합자동차 + 어린이통학버스(신고필증), 등",80,대전광역시,042-270-5783,2020-07-01,6300000,대전광역시
16,창원시,02,25,진해-청주선,1,창원서부경찰서,도계광장,35.252156,128.638598,35.261553,128.630837,1.2km,02,Y,2005-09-01,02,6:30,8:00,미운영,미운영,미운영,미운영,미운영,미운영,9인승 이상 차량(6명이상 탑승),70,창원시,055-225-4291,2019-04-16,5670000,경상남도 창원시
대전광역시,대덕구,지방도,3,계족로,8,중리네거리,읍내동삼거리,36.3591028,127.4281522,36.38150695,127.4260827,2.4,2,Y,2007-09-01,2,07:00 + 18:00,09:00 + 20:00,0:00,0:00,0:00,0:00,0:00,0:00,"36인승 대형승합차 + 36인승미만 사업용 승합자동차 + 어린이통학버스(신고필증), 등",80,대전광역시,042-270-5783,2020-07-01,6300000,대전광역시
대전광역시,유성구,지방도,3,도안대로,12,유성네거리,용계동,36.3533975,127.3404195,36.32972463,127.3328107,3,1,Y,2011-07-01,1,24:00:00,24:00:00,24:00:00,24:00:00,24:00:00,24:00:00,24:00:00,24:00:00,"36인승 대형승합차 + 36인승미만 사업용 승합자동차 + 어린이통학버스(신고필증), 등",80,대전광역시,042-270-5783,2020-07-01,6300000,대전광역시
대전광역시,유성구,지방도,3,도안동로,8,만년교,가수원네거리,36.35151071,127.3513874,36.30470879,127.3513957,5.1,1,Y,2011-07-01,1,24:00:00,24:00:00,24:00:00,24:00:00,24:00:00,24:00:00,24:00:00,24:00:00,"36인승 대형승합차 + 36인승미만 사업용 승합자동차 + 어린이통학버스(신고필증), 등",80,대전광역시,042-270-5783,2020-07-01,6300000,대전광역시
대전광역시,유성구,지방도,3,북유성대로,8,안산동(시경계),외삼네거리,36.39207821,127.3146334,36.39207821,127.3146334,3.4,1,Y,2012-09-18,1,24:00:00,24:00:00,24:00:00,24:00:00,24:00:00,24:00:00,24:00:00,24:00:00,"36인승 대형승합차 + 36인승미만 사업용 승합자동차 + 어린이통학버스(신고필증), 등",80,대전광역시,042-270-5783,2020-07-01,6300000,대전광역시
대전광역시,대덕구,지방도,3,오정로,6,농수산오거리,한남오거리,36.35711627,127.4051691,36.34998452,127.4155734,1.3,1,Y,2016-05-25,1,24:00:00,24:00:00,24:00:00,24:00:00,24:00:00,24:00:00,24:00:00,24:00:00,"36인승 대형승합차 + 36인승미만 사업용 승합자동차 + 어린이통학버스(신고필증), 등",80,대전광역시,042-270-5783,2020-07-01,6300000,대전광역시
대전광역시,동구,지방도,3,대전로,6,한남오거리,삼성네거리,36.34998452,127.4155734,36.33608233,127.4276295,1.4,1,Y,2016-05-25,1,24:00:00,24:00:00,24:00:00,24:00:00,24:00:00,24:00:00,24:00:00,24:00:00,"36인승 대형승합차 + 36인승미만 사업용 승합자동차 + 어린이통학버스(신고필증), 등",80,대전광역시,042-270-5783,2020-07-01,6300000,대전광역시
대전광역시,대덕구,지방도,3,천변도시고속화도로,6,당산교,문평대교,36.38414454,127.4124429,36.38414454,127.4124429,7.8,1,Y,2016-07-20,1,24:00:00,24:00:00,24:00:00,24:00:00,24:00:00,24:00:00,24:00:00,24:00:00,"36인승 대형승합차 + 36인승미만 사업용 승합자동차 + 어린이통학버스(신고필증), 등",80,대전광역시,042-270-5783,2020-07-01,6300000,대전광역시
대전광역시,유성구,지방도,3,구즉세종로,6,문평대교,둔곡동(시경계),36.44382829,127.3879783,36.46088353,127.3696363,4.7,1,Y,2016-07-20,1,24:00:00,24:00:00,24:00:00,24:00:00,24:00:00,24:00:00,24:00:00,24:00:00,"36인승 대형승합차 + 36인승미만 사업용 승합자동차 + 어린이통학버스(신고필증), 등",80,대전광역시,042-270-5783,2020-07-01,6300000,대전광역시
충청북도,흥덕구,기타,604번,세종오송로,6,오송역,미호대교,36.618317,127.327206,36.583656,127.321774,4.26,1,Y,2020-07-17,1,0:00,0:00,0:00,0:00,0:00,0:00,0:00,0:00,16인승 이상 승합자동차,80,청주시청,043-201-2854,2020-07-17,5710000,충청북도 청주시
충청북도,흥덕구,기타,604번,세종오송로,6,오송역,미호대교,36.618317,127.327206,36.583656,127.321774,4.26,1,Y,2020-07-17,1,0:00,0:00,0:00,0:00,0:00,0:00,0:00,0:00,16인승 이상 승합자동차,80,청주시청,043-201-2854,2020-07-17,5710000,충청북도 청주시
경기도,성남시,일반국도,3번,성남대로,,야탑동사거리,복정동시계,37.4170448,127.128599,37.4684005,127.126375,10.9,02,Y,2002-12-02,02,출근시각 07:30+퇴근시각 17:00,출근시각 09:30+퇴근시각 20:00,미운영,미운영,미운영,미운영,미운영,미운영,9인 이상 승용차 + 승합자동차,,경기도 성남시,031-729-8622,2020-07-15,3780000,경기도 성남시
경기도,성남시,일반국도,3번,성남대로,,미금역,벽산사거리(용인시계),37.3387563,127.109148,37.3496475,127.109167,3,02,Y,2007-05-01,02,출근시각 07:30+퇴근시각 17:00,출근시각 09:30+퇴근시각 20:00,미운영,미운영,미운영,미운영,미운영,미운영,9인 이상 승용차 + 승합자동차,,경기도 성남시,031-729-8622,2020-07-15,3780000,경기도 성남시
경기도,성남시,시도,3번,중앙로,,모란사거리,단대오거리,37.4341732,127.1325999,37.4445012,127.156412,3.6,02,Y,2005-09-01,02,출근시각 07:30+퇴근시각 17:00,출근시각 09:30+퇴근시각 20:00,미운영,미운영,미운영,미운영,미운영,미운영,9인 이상 승용차 + 승합자동차,,경기도 성남시,031-729-8622,2020-07-15,3780000,경기도 성남시
경기도,성남시,국가지원지방도,23호선,대왕판교로,,머내고가교,세곡사거리,37.3399039,127.1029691,37.4619065,127.1081096,13.8,02,Y,2009-12-01,02,06:00,22:00,미운영,미운영,미운영,미운영,미운영,미운영,9인 이상 승용차 + 승합자동차,,경기도 성남시,031-729-8622,2020-07-15,3780000,경기도 성남시
제주특별자치도,제주시,지방도,1131,중앙로,,광양사거리,아라초등학교,33.5009231,126.5273237,33.4762297,126.5416041,2.7,1,Y,2018-01-01,04,0:00,24:00:00,0:00,24:00:00,0:00,24:00:00,0:00,24:00:00,노선버스+전세버스+택시+긴급자동차+경찰서장의 승인을 받은 어린이 통학버스,,대중교통과,064-710-4328,2020-06-30,6500000,제주특별자치도
제주특별자치도,제주시,시도,광로3001,공항로,,제주국제공항입구,7호광장(해태동산),33.5054371,126.4957285,33.4983361,126.4963664,0.8,1,Y,2018-01-01,04,0:00,24:00:00,0:00,24:00:00,0:00,24:00:00,0:00,24:00:00,노선버스+전세버스+택시+긴급자동차+경찰서장의 승인을 받은 어린이 통학버스,,대중교통과,064-710-4328,2020-06-30,6500000,제주특별자치도
제주특별자치도,제주시,지방도,1136. 1139. 1132,노형로~도령로~동서광로,,무수천4가,제주국립박물관,33.4599505,126.4446753,33.5113756,126.5457024,11.8,2,Y,2018-01-01,02,07:00+16:30,09:00+19:30,0:00,0:00,0:00,0:00,0:00,0:00,노선버스+전세버스+택시+긴급자동차+경찰서장의 승인을 받은 어린이 통학버스,,대중교통과,064-710-4328,2020-06-30,6500000,제주특별자치도
서울특별시,용산구,시도,0,한남로,,한남오거리,한남초교,37.533581,127.007599,37.539110000,127.0050000,0.6,02,Y,1994-05-01,,1899-12-31,1899-12-31,제외,제외,제외,제외,제외,제외,버스,,서울특별시 용산구청,02-2199-7740,2020-07-01,3020000,서울특별시 용산구
서울특별시,용산구,시도,0,원효로,,원효대교북단,남영역,37.532279,126.955522,37.540813,126.971185,2.7,02,Y,1996-08-01,,7:00~10:00,17:00~21:00,제외,제외,제외,제외,제외,제외,버스,,서울특별시 용산구청,02-2199-7740,2020-07-01,3020000,서울특별시 용산구
서울특별시,용산구,시도,0,한강로,,한강대교노들섬,서울역남단,37.519549,126.959464,37.553838,126.969682,4.1,01,Y,2006-12-01,,1899-12-31,1900-01-01,제외,제외,제외,제외,제외,제외,버스,,서울특별시 용산구청,02-2199-7740,2020-07-01,3020000,서울특별시 용산구
서울특별시,용산구,시도,0,한강로,,서울역남단,서울역북단,37.553838,126.969682,37.553838,126.969682,0.5,01,Y,2009-07-01,,1899-12-31,1900-01-01,제외,제외,제외,제외,제외,제외,버스,,서울특별시 용산구청,02-2199-7740,2020-07-01,3020000,서울특별시 용산구
경기도,의정부시,시도,없음,"서계로, 동일로, 신평화로",8,장암고가,호장교북단,37.724082,127.064041,37.701244,127.049145,4.4,1,Y,2018-09-28,1,0:00,24:00:00,0:00,24:00:00,0:00,24:00:00,0:00,24:00:00,시내및시외버스,80,의정부시,031-828-4832,2020-06-01,3820000,경기도 의정부시
경기도,남양주시,일반국도,6번,경춘로,6,구리시계,도농삼거리,37.604145,127.149281,37.612617,127.171783,2.3,1,Y,2010-06-07,1,0:00,0:00,0:00,24:00:00,0:00,24:00:00,0:00,24:00:00,노선버스,60,경기도 남양주시,031-590-4718,2020-07-01,3990000,경기도 남양주시
9,김포시,2,48호선,김포대로,8,사우삼거리,신곡사거리,37.610991,126.736628,37.600594,126.770715,5.2,2,Y,2014-01-01,2,출근시각 07:00 + 퇴근시각 17:00,출근시각 10:00 + 퇴근시각 21:00,0:00,0:00,0:00,0:00,0:00,0:00,36인승 이상 대형승합차 + 통학용 승합차,70,경기도 김포시청,031-980-5568,2020-05-11,4090000,경기도 김포시
9,수원시,5,1번,중부대로,8,동수원사거리,삼성전자삼거리,37.2783470,127.0294190,37.2682118,127.0699690,4.7,2,Y,1996-02-01,1,출근시각07:00+퇴근시각17:00,출근시각10:00+퇴근시각20:00,0:00,0:00,0:00,0:00,0:00,0:00,9인 이상 승용차 + 승합자동차,60,수원시 대중교통과,031-228-3824,2020-04-07,3740000,경기도 수원시
9,수원시,5,2번,광교중앙로,6,법원사거리,광교중앙로사거리,37.2734605,127.0483292,37.2851231,127.0562446,1.5,2,Y,2001-01-01,1,출근시각07:00+퇴근시각17:00,출근시각10:00+퇴근시각20:00,0:00,0:00,0:00,0:00,0:00,0:00,9인 이상 승용차 + 승합자동차,60,수원시 대중교통과,031-228-3824,2020-04-07,3740000,경기도 수원시
9,수원시,5,3번,도청로,6,광교중앙로사거리,광교로,37.2851231,127.0562446,37.3042402,127.0473370,1.1,1,Y,2016-04-29,04,0:00,24:00:00,0:00,24:00:00,0:00,24:00:00,0:00,0:00,9인 이상 승용차 + 승합자동차,60,수원시 대중교통과,031-228-3824,2020-04-07,3740000,경기도 수원시
9,수원시,5,4번,수인로9번길,4,서둔지하차도,세평지하차도,37.2726054,126.9943652,37.2620025,127.0034192,1.471,99,Y,2017-06-10,04,0:00,24:00:00,0:00,24:00:00,0:00,24:00:00,0:00,0:00,9인 이상 승용차 + 승합자동차,60,수원시 대중교통과,031-228-3824,2020-04-07,3740000,경기도 수원시
09,안성시,02,38호선,서동대로,6,용이1교차로,안성IC,36.9941199,127.1335409,36.99755252,127.1509272,1.1,02,Y,2017-11-01,02,평일 출근시각07:00+퇴근시각 17:00,평일 출근시각10:00+퇴근시각 20:00,해당없음,해당없음,해당없음,해당없음,해당없음,해당없음,36인 이상 승합차+버스+어린이통학버스,80,안성시청,031-678-2802,2020-03-31,4080000,경기도 안성시
08,없음,04,990번,세종로,8,해들교차로,남세종IC 교차로,36.467115,127.275103,36.423061,127.296172,5.39,01,Y,2012-09-18,01,0:00,24:00:00,0:00,24:00:00,0:00,24:00:00,0:00,24:00:00,36인승 이상의 대형승합차+36인승 미만의 사업용 승합자동차+어린이통학버스+지방경찰청장이 지정한 승합자동차,,세종특별자치시,044-300-8823,2020-01-20,5690000,세종특별자치시
08,없음,04,1001번,구즉세종로,6,소담교차로,둔곡터널입구,36.479878,127.308339,36.468809,127.359323,5.87,01,Y,2016-07-20,01,0:00,24:00:00,0:00,24:00:00,0:00,24:00:00,0:00,24:00:00,36인승 이상의 대형승합차+36인승 미만의 사업용 승합자동차+어린이통학버스+지방경찰청장이 지정한 승합자동차,,세종특별자치시,044-300-8823,2020-01-20,5690000,세종특별자치시
08,없음,04,604번,세종오송로,6,세종오송로입구,미호대교입구,36.537415,127.304521,36.583474,127.321628,5.31,01,Y,2012-09-18,01,0:00,24:00:00,0:00,24:00:00,0:00,24:00:00,0:00,24:00:00,36인승 이상의 대형승합차+36인승 미만의 사업용 승합자동차+어린이통학버스+지방경찰청장이 지정한 승합자동차,,세종특별자치시,044-300-8823,2020-01-20,5690000,세종특별자치시
7,북구,5,41,산업로,6,화봉지하차도,화봉사거리,35.588253,129.358561,35.589279,129.358372,0.1,2,Y,2011-06-09,1,0:00,0:00,0:00,0:00,0:00,0:00,0:00,0:00,노선버스,,울산광역시,052-229-4265,2019-09-27,6310000,울산광역시
09,광명시,04,소로 1-23,가학로85번길,3,가학동 217-5,가학동 27,37.416220,126.858464,37.424246,126.864921,1.48,02,Y,2017-07-01,,1899-12-31,1899-12-31,1899-12-31,1899-12-31,1899-12-31,1899-12-31,운영안함,운영안함,버스,,광명시 도시교통과,02-2680-2585,2019-09-09,3900000,경기도 광명시
09,부천시,02,46,경인로 (상행),3,송내동,유한대학,37.483304,126.756508,37.488155,126.821200,3.4,01,Y,1998-04-01,,07:00,10:00,00:00,24:00,00:00,24:00,00:00,24:00,버스,60,부천시청,032-625-9424,2019-08-30,3860000,경기도 부천시
09,부천시,02,46,경인로 (하행),3,유한대학,송내동,37.488155,126.821209,37.483304,126.756500,3.4,01,Y,2003-12-01,,17:00,21:00,00:00,24:00,00:00,24:00,00:00,24:00,버스,60,부천시청,032-625-9424,2019-08-30,3860000,경기도 부천시
09,부천시,05,0,송내역환승센터,1,극동아파트사거리,솔안공원사거리,37.488624,126.751207,37.488301,126.756400,493,01,Y,2015-11-01,,00:00,24:00,00:00,24:00,00:00,24:00,00:00,24:00,버스,20,부천시청,032-625-9424,2019-08-30,3860000,경기도 부천시
09,부천시,02,6,봉오대로 (서울방향),4,굴포천,고강지하차도,37.531846,126.760494,37.539150,126.820600,2.95,99,Y,2017-01-01,,00:00,24:00,00:00,24:00,00:00,24:00,00:00,24:00,간선급행지정버스,60,부천시청,032-625-9424,2019-08-30,3860000,경기도 부천시
09,부천시,02,6,봉오대로 (인천방향),4,고강지하차도,굴포천,37.539150,126.820614,37.531846,126.760500,2.95,99,Y,2017-01-01,,00:00,24:00,00:00,24:00,00:00,24:00,00:00,24:00,간선급행지정버스,60,부천시청,032-625-9424,2019-08-30,3860000,경기도 부천시
02,중구,03,없음,자갈치로,2,충무동교차로,남포파출소,35.096391,129.024562,35.097571,129.033141,1,02,Y,2000-03-01,01,0:00,0:00,0:00,0:00,0:00,0:00,0:00,0:00,36인승 이상 대형승합자동차+36인승 미만 사업용 승합자동차+ 증명서 받급받은 어린이통학버스+지방경찰청장이 지정한 승합자동차,60,부산광역시,051-888-3971,2019-09-04,6260000,부산광역시
02,"서구, 중구",03,61,구덕로,6,옛시청교차로,자갈치사거리,35.098074,129.035417,35.097237,129.025871,0.7,02,Y,2005-07-01,02,07:00 + 17:30,09:00 + 20:30,제외,제외,제외,제외,제외,제외,36인승 이상 대형승합자동차+36인승 미만 사업용 승합자동차+ 증명서 받급받은 어린이통학버스+지방경찰청장이 지정한 승합자동차,60,부산광역시,051-888-3971,2019-09-04,6260000,부산광역시
02,"중구, 동구, 부산진구, 연제구, 동래구, 금",03,61,중앙대로,6,소정천삼거리,옛시청교차로,35.222875,129.087466,35.098074,129.035417,14.6,02,Y,2005-07-01,02,07:00 + 17:30,09:00 + 20:30,제외,제외,제외,제외,제외,제외,36인승 이상 대형승합자동차+36인승 미만 사업용 승합자동차+ 증명서 받급받은 어린이통학버스+지방경찰청장이 지정한 승합자동차,60,부산광역시,051-888-3971,2019-09-04,6260000,부산광역시
02,"서구, 사하구, 북구",03,41,낙동대로,6,대티터널입구,하단교차로,35.105871,129.007104,35.106184,128.968406,3.9,02,Y,2005-07-01,02,07:00 + 17:30,09:00 + 20:30,제외,제외,제외,제외,제외,제외,36인승 이상 대형승합자동차+36인승 미만 사업용 승합자동차+ 증명서 받급받은 어린이통학버스+지방경찰청장이 지정한 승합자동차,60,부산광역시,051-888-3971,2019-09-04,6260000,부산광역시
02,"서구, 사하구, 북구",03,41,낙동대로,6,하단교차로,남영아파트삼거리,35.106184,128.968406,35.114757,128.962203,1.1,02,Y,2008-12-31,02,07:00 + 17:30,09:00 + 20:30,제외,제외,제외,제외,제외,제외,36인승 이상 대형승합자동차+36인승 미만 사업용 승합자동차+ 증명서 받급받은 어린이통학버스+지방경찰청장이 지정한 승합자동차,60,부산광역시,051-888-3971,2019-09-04,6260000,부산광역시
02,"서구, 사하구, 북구",03,41,낙동대로,6,구포고가교,낙동주유소,35.203663,128.994329,35.200531,128.991472,1,02,Y,2005-07-01,02,07:00 + 17:30,09:00 + 20:30,제외,제외,제외,제외,제외,제외,36인승 이상 대형승합자동차+36인승 미만 사업용 승합자동차+ 증명서 받급받은 어린이통학버스+지방경찰청장이 지정한 승합자동차,60,부산광역시,051-888-3971,2019-09-04,6260000,부산광역시
02,"서구, 사하구, 북구",03,41,낙동대로,6,하단남영아파트삼거리,농산물도매시장교차로,35.114757,128.962203,35.126061,128.968166,1.9,02,Y,2016-07-01,02,07:00 + 17:30,09:00 + 20:30,제외,제외,제외,제외,제외,제외,36인승 이상 대형승합자동차+36인승 미만 사업용 승합자동차+ 증명서 받급받은 어린이통학버스+지방경찰청장이 지정한 승합자동차,60,부산광역시,051-888-3971,2019-09-04,6260000,부산광역시
02,동래구,03,40,충렬대로,6,미남교차로,내성교차로,35.207594,129.070498,35.204682,129.077431,1.1,02,Y,2005-07-01,02,07:00 + 17:30,09:00 + 20:30,제외,제외,제외,제외,제외,제외,36인승 이상 대형승합자동차+36인승 미만 사업용 승합자동차+ 증명서 받급받은 어린이통학버스+지방경찰청장이 지정한 승합자동차,60,부산광역시,051-888-3971,2019-09-04,6260000,부산광역시
02,동래구,03,40,충렬대로,6,내성교차로,동래교차로,35.204682,129.077431,35.201781,129.083833,0.6,01,Y,2017-11-14,04,0:00,0:00,0:00,0:00,0:00,0:00,0:00,0:00,36인승 이상 대형승합자동차+36인승 미만 사업용 승합자동차+ 증명서 받급받은 어린이통학버스+지방경찰청장이 지정한 승합자동차,60,부산광역시,051-888-3971,2019-09-04,6260000,부산광역시
02,동래구,03,40,충렬대로,6,동래교차로,안락교차로,35.201781,129.083833,35.199091,129.094028,1.4,01,Y,2018-01-23,04,0:00,0:00,0:00,0:00,0:00,0:00,0:00,0:00,36인승 이상 대형승합자동차+36인승 미만 사업용 승합자동차+ 증명서 받급받은 어린이통학버스+지방경찰청장이 지정한 승합자동차,60,부산광역시,051-888-3971,2019-09-04,6260000,부산광역시
02,동래구,03,40,충렬대로,6,안락교차로,원동IC,35.199091,129.094028,35.193829,129.115938,1.7,01,Y,2017-04-24,04,0:00,0:00,0:00,0:00,0:00,0:00,0:00,0:00,36인승 이상 대형승합자동차+36인승 미만 사업용 승합자동차+ 증명서 받급받은 어린이통학버스+지방경찰청장이 지정한 승합자동차,60,부산광역시,051-888-3971,2019-09-04,6260000,부산광역시
02,동래구,03,7102,아시아드대로,6,미남교차로,사직삼거리,35.207192,129.069248,35.200638,129.064715,0.9,02,Y,2008-12-31,02,07:00 + 17:30,09:00 + 20:30,제외,제외,제외,제외,제외,제외,36인승 이상 대형승합자동차+36인승 미만 사업용 승합자동차+ 증명서 받급받은 어린이통학버스+지방경찰청장이 지정한 승합자동차,60,부산광역시,051-888-3971,2019-09-04,6260000,부산광역시
02,"북구, 동래구",03,40,만덕대로,6,구포지하철역,덕천교차로,35.203663,128.994329,35.210111,129.004981,0.9,02,Y,2007-11-19,02,07:00 + 17:30,09:00 + 20:30,제외,제외,제외,제외,제외,제외,36인승 이상 대형승합자동차+36인승 미만 사업용 승합자동차+ 증명서 받급받은 어린이통학버스+지방경찰청장이 지정한 승합자동차,60,부산광역시,051-888-3971,2019-09-04,6260000,부산광역시
02,"북구, 동래구",03,40,만덕대로,6,덕천교차로,광덕물산,35.210111,129.004981,35.213405,129.023942,1.8,02,Y,2005-07-01,02,07:00 + 17:30,09:00 + 20:30,제외,제외,제외,제외,제외,제외,36인승 이상 대형승합자동차+36인승 미만 사업용 승합자동차+ 증명서 받급받은 어린이통학버스+지방경찰청장이 지정한 승합자동차,60,부산광역시,051-888-3971,2019-09-04,6260000,부산광역시
02,"남구, 수영구",03,20,수영로,6,수영교,수영교차로,35.165639,129.124771,35.167522,129.115665,1,02,Y,2008-12-31,02,7:00,9:00,제외,제외,제외,제외,제외,제외,36인승 이상 대형승합자동차+36인승 미만 사업용 승합자동차+ 증명서 받급받은 어린이통학버스+지방경찰청장이 지정한 승합자동차,60,부산광역시,051-888-3971,2019-09-04,6260000,부산광역시
02,"남구, 수영구",03,20,수영로,6,수영교차로,KBS삼거리,35.167522,129.115665,35.144047,129.109309,2.7,02,Y,2007-11-19,02,7:00,9:00,제외,제외,제외,제외,제외,제외,36인승 이상 대형승합자동차+36인승 미만 사업용 승합자동차+ 증명서 받급받은 어린이통학버스+지방경찰청장이 지정한 승합자동차,60,부산광역시,051-888-3971,2019-09-04,6260000,부산광역시
02,"남구, 수영구",03,20,수영로,6,KBS삼거리,문현교차로,35.144047,129.109309,35.136996,129.069021,3.8,02,Y,2005-07-01,02,7:00,9:00,제외,제외,제외,제외,제외,제외,36인승 이상 대형승합자동차+36인승 미만 사업용 승합자동차+ 증명서 받급받은 어린이통학버스+지방경찰청장이 지정한 승합자동차,60,부산광역시,051-888-3971,2019-09-04,6260000,부산광역시
02,"남구, 수영구",03,20,수영로,6,문현교차로,KBS삼거리,35.136996,129.069021,35.144047,129.109309,3.8,02,Y,2005-07-01,02,17:30,20:30,제외,제외,제외,제외,제외,제외,36인승 이상 대형승합자동차+36인승 미만 사업용 승합자동차+ 증명서 받급받은 어린이통학버스+지방경찰청장이 지정한 승합자동차,60,부산광역시,051-888-3971,2019-09-04,6260000,부산광역시
02,"남구, 수영구",03,20,수영로,6,KBS삼거리,수영교차로,35.144047,129.109309,35.167522,129.115665,2.7,02,Y,2007-11-19,02,17:30,20:30,제외,제외,제외,제외,제외,제외,36인승 이상 대형승합자동차+36인승 미만 사업용 승합자동차+ 증명서 받급받은 어린이통학버스+지방경찰청장이 지정한 승합자동차,60,부산광역시,051-888-3971,2019-09-04,6260000,부산광역시
02,"남구, 수영구",03,20,수영로,6,수영교차로,수영교,35.167522,129.115665,35.165639,129.124771,1,02,Y,2008-12-31,02,17:30,20:30,제외,제외,제외,제외,제외,제외,36인승 이상 대형승합자동차+36인승 미만 사업용 승합자동차+ 증명서 받급받은 어린이통학버스+지방경찰청장이 지정한 승합자동차,60,부산광역시,051-888-3971,2019-09-04,6260000,부산광역시
02,"부산진구, 사상구",03,30,가야대로,6,서면교차로,부암역,35.157641,129.058398,35.157495,129.051111,0.7,02,Y,2005-07-01,02,07:00 + 17:30,09:00 + 20:30,제외,제외,제외,제외,제외,제외,36인승 이상 대형승합자동차+36인승 미만 사업용 승합자동차+ 증명서 받급받은 어린이통학버스+지방경찰청장이 지정한 승합자동차,60,부산광역시,051-888-3971,2019-09-04,6260000,부산광역시
02,"부산진구, 사상구",03,30,가야대로,6,부암역,서면교차로,35.157495,129.051111,35.157641,129.058398,0.7,02,Y,2007-07-19,01,7:00,20:30,0:00,0:00,0:00,0:00,0:00,0:00,36인승 이상 대형승합자동차+36인승 미만 사업용 승합자동차+ 증명서 받급받은 어린이통학버스+지방경찰청장이 지정한 승합자동차,60,부산광역시,051-888-3971,2019-09-04,6260000,부산광역시
02,"부산진구, 사상구",03,30,가야대로,6,부암역,동의대어귀사거리,35.157495,129.051111,35.153987,129.032231,1.7,02,Y,2014-08-01,02,07:00 + 17:30,09:00 + 20:30,제외,제외,제외,제외,제외,제외,36인승 이상 대형승합자동차+36인승 미만 사업용 승합자동차+ 증명서 받급받은 어린이통학버스+지방경찰청장이 지정한 승합자동차,60,부산광역시,051-888-3971,2019-09-04,6260000,부산광역시
02,"부산진구, 사상구",03,30,가야대로,6,주례교차로,동의대어귀사거리,35.150235,129.000208,35.153987,129.032231,3,02,Y,2015-07-01,02,07:00 + 17:30,09:00 + 20:30,제외,제외,제외,제외,제외,제외,36인승 이상 대형승합자동차+36인승 미만 사업용 승합자동차+ 증명서 받급받은 어린이통학버스+지방경찰청장이 지정한 승합자동차,60,부산광역시,051-888-3971,2019-09-04,6260000,부산광역시
02,"강서구, 사하구",03,10,낙동남로,6,하단교차로,낙동강하구언입구,35.106184,128.968406,35.106295,128.962841,0.5,02,Y,2008-07-14,02,07:00 + 17:30,09:00 + 20:30,제외,제외,제외,제외,제외,제외,36인승 이상 대형승합자동차+36인승 미만 사업용 승합자동차+ 증명서 받급받은 어린이통학버스+지방경찰청장이 지정한 승합자동차,60,부산광역시,051-888-3971,2019-09-04,6260000,부산광역시
02,"강서구, 사하구",03,10,낙동남로,6,하구둑교차로,명지IC,35.106599,128.956108,35.110801,128.932782,2,02,Y,2016-07-01,02,07:00 + 17:30,09:00 + 20:30,제외,제외,제외,제외,제외,제외,36인승 이상 대형승합자동차+36인승 미만 사업용 승합자동차+ 증명서 받급받은 어린이통학버스+지방경찰청장이 지정한 승합자동차,60,부산광역시,051-888-3971,2019-09-04,6260000,부산광역시
02,"서구, 중구",03,51,보수대로,6,자갈치교차로,부평오거리,35.097237,129.025871,35.099511,129.024699,0.2,02,Y,2011-08-01,02,07:00 + 17:30,09:00 + 20:30,제외,제외,제외,제외,제외,제외,36인승 이상 대형승합자동차+36인승 미만 사업용 승합자동차+ 증명서 받급받은 어린이통학버스+지방경찰청장이 지정한 승합자동차,60,부산광역시,051-888-3971,2019-09-04,6260000,부산광역시
02,"부산진구, 연제구",03,71,거제대로,6,부산교대사거리,남문구사거리,35.193107,129.078938,35.188391,129.073683,0.8,02,Y,2011-08-01,02,07:00 + 17:30,09:00 + 20:30,제외,제외,제외,제외,제외,제외,36인승 이상 대형승합자동차+36인승 미만 사업용 승합자동차+ 증명서 받급받은 어린이통학버스+지방경찰청장이 지정한 승합자동차,60,부산광역시,051-888-3971,2019-09-04,6260000,부산광역시
02,"부산진구, 연제구",03,71,거제대로,6,남문구사거리,송공삼거리,35.188391,129.073683,35.168747,129.067237,2.3,02,Y,2014-08-01,02,07:00 + 17:30,09:00 + 20:30,제외,제외,제외,제외,제외,제외,36인승 이상 대형승합자동차+36인승 미만 사업용 승합자동차+ 증명서 받급받은 어린이통학버스+지방경찰청장이 지정한 승합자동차,60,부산광역시,051-888-3971,2019-09-04,6260000,부산광역시
02,해운대구,03,23,해운대로,6,원동IC,올림픽교차로,35.193829,129.115938,35.168898,129.138714,3.7,01,Y,2016-12-30,04,0:00,0:00,0:00,0:00,0:00,0:00,0:00,0:00,36인승 이상 대형승합자동차+36인승 미만 사업용 승합자동차+ 증명서 받급받은 어린이통학버스+지방경찰청장이 지정한 승합자동차,60,부산광역시,051-888-3971,2019-09-04,6260000,부산광역시
02,해운대구,03,23,해운대로,6,올림픽교차로,운촌삼거리,35.168898,129.138714,35.161516,129.147694,1.3,01,Y,2017-06-30,04,0:00,0:00,0:00,0:00,0:00,0:00,0:00,0:00,36인승 이상 대형승합자동차+36인승 미만 사업용 승합자동차+ 증명서 받급받은 어린이통학버스+지방경찰청장이 지정한 승합자동차,60,부산광역시,051-888-3971,2019-09-04,6260000,부산광역시
02,해운대구,03,23,해운대로,6,운촌삼거리,해운대구청어귀삼거리,35.161516,129.147694,35.165176,129.161636,1.7,01,Y,2019-05-31,04,0:00,0:00,0:00,0:00,0:00,0:00,0:00,0:00,36인승 이상 대형승합자동차+36인승 미만 사업용 승합자동차+ 증명서 받급받은 어린이통학버스+지방경찰청장이 지정한 승합자동차,60,부산광역시,051-888-3971,2019-09-04,6260000,부산광역시
02,북구,03,41,금곡대로,6,덕천역,율리역,35.210546,129.005204,35.246991,129.012981,4.4,02,Y,2017-09-30,02,07:00 + 17:30,09:00 + 20:30,제외,제외,제외,제외,제외,제외,36인승 이상 대형승합자동차+36인승 미만 사업용 승합자동차+ 증명서 받급받은 어린이통학버스+지방경찰청장이 지정한 승합자동차,60,부산광역시,051-888-3971,2019-09-04,6260000,부산광역시
14,여수시,05,1번,신월로,3,여수시청,여수세계박람회장,34.7608775,127.6637489,34.7417962,127.7531204,12.6,02,N,2012-08-12,01,1899-12-31,1899-12-31,1899-12-31,1899-12-31,1899-12-31,1899-12-31,1899-12-31,1899-12-31,9인 이상 승용차 + 승합자동차,60,전라남도 여수시청,061-659-4155,2019-06-26,4810000,전라남도 여수시
14,여수시,05,1번,신월로,3,여수시청,여수세계박람회장,34.7608775,127.6637489,34.7417962,127.7531204,12.6,02,N,2012-08-12,01,1899-12-31,1899-12-31,1899-12-31,1899-12-31,1899-12-31,1899-12-31,1899-12-31,1899-12-31,9인 이상 승용차 + 승합자동차,60,전라남도 여수시청,061-659-4155,2019-06-26,4810000,전라남도 여수시
05,서구,02,22,상무로,,운천저수지,돌고개역,35.148492,126.852388,35.151741,126.895164,3.5,02,Y,1994-05-01,02,출근시각 07:00+퇴근시각 17:30,출근시각 09:00+퇴근시각 19:30,0:00,0:00,0:00,0:00,0:00,0:00,36인승이상 대형승합차+36인승미만 사업용 승합차+어린이통학버스+지방경찰청장이 지정한 승합차,,광주광역시,062-613-4472,2019-05-28,6290000,광주광역시
05,서구,02,22,상무로,,돌고개역,운천저수지,35.151741,126.895164,35.148492,126.852388,3.5,02,Y,2008-01-01,02,출근시각 07:00+퇴근시각 17:30,출근시각 09:00+퇴근시각 19:30,0:00,0:00,0:00,0:00,0:00,0:00,36인승이상 대형승합차+36인승미만 사업용 승합차+어린이통학버스+지방경찰청장이 지정한 승합차,,광주광역시,062-613-4472,2019-05-28,6290000,광주광역시
05,동구,02,22,남문로,,소태역,동구청,35.120340,126.933460,35.147465,126.921928,3.4,02,Y,1994-05-01,02,출근시각 07:00+퇴근시각 17:30,출근시각 09:00+퇴근시각 19:30,0:00,0:00,0:00,0:00,0:00,0:00,36인승이상 대형승합차+36인승미만 사업용 승합차+어린이통학버스+지방경찰청장이 지정한 승합차,,광주광역시,062-613-4472,2019-05-28,6290000,광주광역시
05,동구,02,22,남문로,,남광주사거리,소태역,35.139043,126.923172,35.120340,126.933460,2.6,02,Y,2008-01-01,02,출근시각 07:00+퇴근시각 17:30,출근시각 09:00+퇴근시각 19:30,0:00,0:00,0:00,0:00,0:00,0:00,36인승이상 대형승합차+36인승미만 사업용 승합차+어린이통학버스+지방경찰청장이 지정한 승합차,,광주광역시,062-613-4472,2019-05-28,6290000,광주광역시
05,동구,02,29,필문로,,조선대앞사거리,서방사거리,35.144179,126.925930,35.164716,126.919622,3,02,Y,1994-05-01,02,출근시각 07:00+퇴근시각 17:30,출근시각 09:00+퇴근시각 19:30,0:00,0:00,0:00,0:00,0:00,0:00,36인승이상 대형승합차+36인승미만 사업용 승합차+어린이통학버스+지방경찰청장이 지정한 승합차,,광주광역시,062-613-4472,2019-05-28,6290000,광주광역시
05,동구,02,29,필문로,,서방사거리,조선대앞사거리,35.164716,126.919622,35.144179,126.925930,3,02,Y,1994-05-01,02,출근시각 07:00+퇴근시각 17:30,출근시각 09:00+퇴근시각 19:30,0:00,0:00,0:00,0:00,0:00,0:00,36인승이상 대형승합차+36인승미만 사업용 승합차+어린이통학버스+지방경찰청장이 지정한 승합차,,광주광역시,062-613-4472,2019-05-28,6290000,광주광역시
05,북구,02,1,북문로,,동림동장애인복지관,동운고가,35.186314,126.868751,35.174435,126.882425,1.6,02,Y,1994-05-01,02,출근시각 07:00+퇴근시각 17:30,출근시각 09:00+퇴근시각 19:30,0:00,0:00,0:00,0:00,0:00,0:00,36인승이상 대형승합차+36인승미만 사업용 승합차+어린이통학버스+지방경찰청장이 지정한 승합차,,광주광역시,062-613-4472,2019-05-28,6290000,광주광역시
05,남구,02,1,대남로,,농성광장,남광주사거리,35.152260,126.885348,35.134937,126.917009,4.9,02,Y,1994-05-01,02,출근시각 07:00+퇴근시각 17:30,출근시각 09:00+퇴근시각 19:30,0:00,0:00,0:00,0:00,0:00,0:00,36인승이상 대형승합차+36인승미만 사업용 승합차+어린이통학버스+지방경찰청장이 지정한 승합차,,광주광역시,062-613-4472,2019-05-28,6290000,광주광역시
05,남구,02,1,대남로,,남광주사거리,농성광장,35.135674,126.918018,35.152260,126.885348,4.9,02,Y,1994-05-01,02,출근시각 07:00+퇴근시각 17:30,출근시각 09:00+퇴근시각 19:30,0:00,0:00,0:00,0:00,0:00,0:00,36인승이상 대형승합차+36인승미만 사업용 승합차+어린이통학버스+지방경찰청장이 지정한 승합차,,광주광역시,062-613-4472,2019-05-28,6290000,광주광역시
05,남구,02,1,서문로,,광주대입구,백운광장,35.114652,126.897465,35.132706,126.901137,2.3,02,Y,1994-05-01,02,출근시각 07:00+퇴근시각 17:30,출근시각 09:00+퇴근시각 19:30,0:00,0:00,0:00,0:00,0:00,0:00,36인승이상 대형승합차+36인승미만 사업용 승합차+어린이통학버스+지방경찰청장이 지정한 승합차,,광주광역시,062-613-4472,2019-05-28,6290000,광주광역시
05,남구,02,1,서문로,,백운광장,광주대입구,35.132706,126.901137,35.114652,126.897465,2.3,02,Y,2008-01-01,02,출근시각 07:00+퇴근시각 17:30,출근시각 09:00+퇴근시각 19:30,0:00,0:00,0:00,0:00,0:00,0:00,36인승이상 대형승합차+36인승미만 사업용 승합차+어린이통학버스+지방경찰청장이 지정한 승합차,,광주광역시,062-613-4472,2019-05-28,6290000,광주광역시
05,서구,02,1,죽봉로,,동운고가,농성광장,35.168069,126.884206,35.153453,126.883800,2.9,02,Y,1994-05-01,02,출근시각 07:00+퇴근시각 17:30,출근시각 09:00+퇴근시각 19:30,0:00,0:00,0:00,0:00,0:00,0:00,36인승이상 대형승합차+36인승미만 사업용 승합차+어린이통학버스+지방경찰청장이 지정한 승합차,,광주광역시,062-613-4472,2019-05-28,6290000,광주광역시
05,서구,02,1,죽봉로,,농성광장,동운고가,35.153453,126.883800,35.168069,126.884206,2.9,02,Y,2008-01-01,02,출근시각 07:00+퇴근시각 17:30,출근시각 09:00+퇴근시각 19:30,0:00,0:00,0:00,0:00,0:00,0:00,36인승이상 대형승합차+36인승미만 사업용 승합차+어린이통학버스+지방경찰청장이 지정한 승합차,,광주광역시,062-613-4472,2019-05-28,6290000,광주광역시
05,북구,03,대류1로1호선,서암로,,서방사거리,경신여고사거리,35.164716,126.919622,35.172511,126.889811,3.2,02,Y,2008-01-01,02,출근시각 07:00+퇴근시각 17:30,출근시각 09:00+퇴근시각 19:30,0:00,0:00,0:00,0:00,0:00,0:00,36인승이상 대형승합차+36인승미만 사업용 승합차+어린이통학버스+지방경찰청장이 지정한 승합차,,광주광역시,062-613-4472,2019-05-28,6290000,광주광역시
05,북구,03,대류1로1호선,서암로,,경신여고사거리,서방사거리,35.172511,126.889811,35.164716,126.919622,3.2,02,Y,2008-01-01,02,출근시각 07:00+퇴근시각 17:30,출근시각 09:00+퇴근시각 19:30,0:00,0:00,0:00,0:00,0:00,0:00,36인승이상 대형승합차+36인승미만 사업용 승합차+어린이통학버스+지방경찰청장이 지정한 승합차,,광주광역시,062-613-4472,2019-05-28,6290000,광주광역시
09,과천시,02,국도47호선,과천대로,8,인덕원사거리,갈현삼거리,37.403086,126.977495,37.417669,126.986862,1.7,02,Y,2002-01-01,02,07:0017:00,10:0021:00,단속안함,단속안함,단속안함,단속안함,단속안함,단속안함,"36인승 이상 대형승합자동차, 36인승 미만 사업용 승합자동차(마을버스),경찰서장의 신고필증을 교부받아 어린이를 운송할 목적으로 운행중인 어린이 통학버스, 지방경찰청장이 노선을 지정하여 운행하는 통학, 통근용 승합자동차 16인승 이상 승합자동차, 범죄예방·진압·화재·재해 등 긴급한 사건사고 조사 및 구난작업을 위한 경우, 도로상의 위험방지 작업을 하는 도로관리용 자동차, 응급차 등",60,과천시청,02-3677-2282,2019-04-30,3970000,경기도 과천시
09,과천시,05,1호선,중앙로,6,갈현삼거리,관문사거리,37.417669,126.986862,37.446021,126.995721,3.6,02,Y,2002-01-01,02,07:0017:00,10:0021:00,단속안함,단속안함,단속안함,단속안함,단속안함,단속안함,"36인승 이상 대형승합자동차, 36인승 미만 사업용 승합자동차(마을버스),경찰서장의 신고필증을 교부받아 어린이를 운송할 목적으로 운행중인 어린이 통학버스, 지방경찰청장이 노선을 지정하여 운행하는 통학, 통근용 승합자동차 16인승 이상 승합자동차, 범죄예방·진압·화재·재해 등 긴급한 사건사고 조사 및 구난작업을 위한 경우, 도로상의 위험방지 작업을 하는 도로관리용 자동차, 응급차 등",60,과천시청,02-3677-2282,2019-04-30,3970000,경기도 과천시
09,과천시,02,국도47호선,과천대로,8,관문사거리,남태령정상,37.446021,126.995721,37.457928,126.988751,1.4,02,Y,2002-01-01,02,07:00,1899-12-31,단속안함,단속안함,단속안함,단속안함,단속안함,단속안함,"36인승 이상 대형승합자동차, 36인승 미만 사업용 승합자동차(마을버스),경찰서장의 신고필증을 교부받아 어린이를 운송할 목적으로 운행중인 어린이 통학버스, 지방경찰청장이 노선을 지정하여 운행하는 통학, 통근용 승합자동차 16인승 이상 승합자동차, 범죄예방·진압·화재·재해 등 긴급한 사건사고 조사 및 구난작업을 위한 경우, 도로상의 위험방지 작업을 하는 도로관리용 자동차, 응급차 등",60,과천시청,02-3677-2282,2019-04-30,3970000,경기도 과천시
16,창원시,02,25,진해-청주선,1,창원서부경찰서,도계광장,35.252156,128.638598,35.261553,128.630837,1.2km,02,Y,2005-09-01,02,17:30,19:30,미운영,미운영,미운영,미운영,미운영,미운영,9인승 이상 차량(6명이상 탑승),70,창원시,055-225-4291,2019-04-16,5670000,경상남도 창원시
16,창원시,02,14,거제-포항선,1,도계광장,석전삼거리,35.261553,128.630837,35.225757,128.572906,7.1km,02,Y,2005-09-01,02,6:30,8:00,미운영,미운영,미운영,미운영,미운영,미운영,9인승 이상 차량(6명이상 탑승),70,창원시,055-225-4291,2019-04-16,5670000,경상남도 창원시
16,창원시,02,14,거제-포항선,1,도계광장,석전삼거리,35.261553,128.630837,35.225757,128.572906,7.1km,02,Y,2005-09-01,02,17:30,19:30,미운영,미운영,미운영,미운영,미운영,미운영,9인승 이상 차량(6명이상 탑승),70,창원시,055-225-4291,2019-04-16,5670000,경상남도 창원시