시도명,시군구명,지반침하지역상세,위도,경도,발생일자,발생규모면적,발생규모연장,발생규모깊이,발생지역지질종류,최초발생원인,피해사망자수,피해부상자수,피해차량대수,복구상태,복구방법,복구비용,복구완료일자,데이터기준일자,제공기관코드,제공기관명
충청북도,청주시,옥산면 신촌길 71-1,36.654648,127.2843587,2016-07-05,2,3,2,,하수관 손상,0,0,1,복구완료,하수관복구 후 되메우기,,2016-08-06,2018-08-01,5710000,충청북도 청주시
충청북도,청주시,수곡동 53-18번지 앞,36.6168518,127.4858747,2016-07-05,1,1,0.5,,하수맨홀파손,0,0,,복구완료,맨홀 복구 후 되메우기,,2016-07-08,2018-08-01,5710000,충청북도 청주시
경기도,의정부시,가능동 586-17번지,37.742882,127.022197,2018-03-09,1,1,2,,하수관 파손,0,0,0,복구완료,,,2018-03-31,2019-12-01,3820000,경기도 의정부시
경기도,의정부시,신곡동 118번지,37.746349,127.066729,2018-03-13,1,1,1,,맨홀접속부 파손,0,0,0,복구완료,,,2018-03-16,2019-12-01,3820000,경기도 의정부시
경기도,의정부시,호원동 444-5번지,37.716374,127.048507,2018-04-10,1,1,2,,하수관 파손,0,0,0,복구완료,,,2018-04-10,2019-12-01,3820000,경기도 의정부시
경기도,의정부시,녹양동 352번지,37.757438,127.034017,2018-04-16,1,1,1.5,,맨홀접속부 파손,0,0,0,복구완료,,,2018-04-21,2019-12-01,3820000,경기도 의정부시
경기도,의정부시,금오동 88-9번지,37.757491,127.078347,2018-04-24,1,1,2,,하수관 파손,0,0,0,복구완료,,,2018-04-27,2019-12-01,3820000,경기도 의정부시
충청북도,충주시,대현5길23,36.984226,127.924483,2018-06-19,0.5,0.5,0.5,,우수관 이음부 불량,0,0,0,복구완료,오수관로 점검 조사 및 보수(포장),,2018-06-29,2019-11-11,4390000,충청북도 충주시
충청북도,충주시,동수10길26,36.984782,127.933572,2018-06-24,1.2,1.2,2,,우수관 파손,0,0,0,복구완료,우수관로 점검 조사 및 보수(포장),,2018-07-02,2019-11-11,4390000,충청북도 충주시
울산광역시,중구,울산축협 명륜지점 앞,35.558069,129.311898,2014-08-19,,1.5,1,,관로파손,0,0,0,복구완료,관로보수,,,2020-03-25,6310000,울산광역시
울산광역시,울주군,덕신리 금솔주유소 앞,35.429874,129.307099,2014-09-01,,1.2,1,,관로파손,0,0,0,복구완료,관로보수,,,2020-03-25,6310000,울산광역시
울산광역시,남구,신정동 계단사 앞,35.540002,129.312111,2014-12-09,,1,0.5,,관로파손,0,0,0,복구완료,관로보수,,,2020-03-25,6310000,울산광역시
울산광역시,동구,화정동 방어진농협(화정지점) 앞,35.497196,129.426393,2015-05-03,,1,0.5,,관로파손,0,0,0,복구완료,관로보수,,,2020-03-25,6310000,울산광역시
울산광역시,중구,명정5길 7(태화동),35.553568,129.288913,2015-07-07,,0.3,0.5,,관로파손,0,0,0,복구완료,관로보수,,,2020-03-25,6310000,울산광역시
울산광역시,남구,삼산동 1488-17번지,35.548189,129.330001,2017-04-23,,2,1,,노후 하수관 파손으로 인한 토사유실,0,0,0,복구완료,침하 발견 즉시 파손부분 긴급복구 완료/ 노후관로 교체공사,,2017-04-23,2020-03-25,6310000,울산광역시
울산광역시,남구,용연사거리,35.469121,129.359966,2016-10-28,,1.5,1,,관로파손,0,0,0,복구완료,관로보수,,,2020-03-25,6310000,울산광역시
울산광역시,남구,삼산로 편안한 치과의원 일원,35.532926,129.309982,2016-09-09,,2,0.5,,관로파손,0,0,0,복구완료,관로보수,,,2020-03-25,6310000,울산광역시
울산광역시,동구,오지벌 사거리 일원,35.513278,129.431109,2016-08-31,,2,0.5,,관로파손,0,0,0,복구완료,관로보수,,,2020-03-25,6310000,울산광역시
울산광역시,북구,무룡로 동남정비공업사 앞,35.580921,129.363751,2016-08-14,,1,0.2,,인접부 지반공사로 인한 침하,0,0,0,복구완료,토사 되메우기,,,2020-03-25,6310000,울산광역시
울산광역시,동구,동부경찰서 앞 삼거리,35.508637,129.430173,2016-08-08,,0.5,0.5,,상수관 누수로 인한 지반침하 발생,0,0,0,복구완료,관로보수,,,2020-03-25,6310000,울산광역시
울산광역시,남구,무거동 대학로(신복R⇒울산대 100m지점),35.548984,129.262835,2016-08-07,,1.5,0.14,,관로파손,0,0,0,복구완료,관로보수,,,2020-03-25,6310000,울산광역시
울산광역시,중구,병영성길 8,35.574803,129.340588,2016-06-24,,0.5,0.8,,관로파손,0,0,0,복구완료,보수보강,,,2020-03-25,6310000,울산광역시
울산광역시,남구,번영로 남단 접속도로,35.548028,129.323441,2016-03-23,,30,0.1,,지하터파기 중 지하수 유출,0,0,0,복구완료,보수보강,,,2020-03-25,6310000,울산광역시
울산광역시,중구,유곡로 27,35.556540,129.306660,2016-02-18,,0.5,0.8,,관로파손,0,0,0,복구완료,관로보수,,,2020-03-25,6310000,울산광역시
울산광역시,남구,삼산중로 13 GS편의점 앞,35.535138,129.336532,2015-12-03,,1,1.8,,관로파손,0,0,0,복구완료,관로보수,,,2020-03-25,6310000,울산광역시
울산광역시,중구,남외로 85-14(남외동),35.567776,129.345417,2015-09-01,,0.2,0.1,,관로파손,0,0,0,복구완료,관로보수,,,2020-03-25,6310000,울산광역시
충청북도,충주시,신촌3길38,36.959337,127.929588,2018-06-28,0.2,0.2,0.2,,오수관 접합부 불량,0,0,0,복구완료,오수관로 점검 조사 및 보수(포장),,2018-06-28,2019-11-11,4390000,충청북도 충주시
충청북도,충주시,대원9길27,36.985094,127.920793,2018-06-21,0.5,3,0.7,,우수관 이음부 불량,0,0,0,복구완료,우수관로 점검 조사 및 보수(포장),,2018-06-25,2019-11-11,4390000,충청북도 충주시
충청북도,충주시,중원대로3282,36.960766,127.924789,2018-06-22,0.2,0.2,0.2,,오수관 파손,0,0,0,복구완료,오수관로 점검 조사 및 보수(포장),,2018-06-22,2019-11-11,4390000,충청북도 충주시
충청북도,충주시,봉현로102,36.977193,127.914947,2018-05-23,0.3,0.3,0.3,,오수 연결관 접합부 불량,0,0,0,복구완료,오수관로 점검 조사 및 보수(포장),,2018-05-23,2019-11-11,4390000,충청북도 충주시
충청북도,충주시,교동5길29,36.974247,127.936132,2018-05-22,0.8,0.8,0.5,,우수 연결관 접합부 불량,0,0,0,복구완료,우수관로 점검 조사 및 보수(포장),,2018-05-22,2019-11-11,4390000,충청북도 충주시
충청북도,충주시,남산6길1,36.964786,127.940829,2018-04-18,0.2,0.2,0.3,,우수 연결관 접합부 불량,0,0,0,복구완료,우수관로 점검 조사 및 보수(포장),,2018-04-25,2019-11-11,4390000,충청북도 충주시
충청북도,충주시,사직로116,36.967318,127.923302,2018-03-28,0.1,0.1,0.1,,우수박스 슬라브 파손,0,0,0,복구완료,우수박스관로 정비후 포장,,2018-03-30,2019-11-11,4390000,충청북도 충주시
충청북도,충주시,시청로14,36.988606,127.923934,2018-02-14,0.3,0.3,0.5,,우수관 접합부 불량,0,0,0,복구완료,우수관로 점검 조사 및 보수(포장),,2018-02-23,2019-11-11,4390000,충청북도 충주시
전라남도,여수시,공화동 1184-22 도,34.747618,127.741511,2018-06-05,1,1,0.1,기타,지반침하,0,0,0,복구완료,원인자 복구,0,2018-06-14,2019-09-30,4810000,전라남도 여수시
전라남도,여수시,무선7길 18-6 도,34.775200,127.652447,2018-05-16,0.5,0.5,0.1,기타,지반침하,0,0,0,복구완료,원인자 복구,0,2018-05-16,2019-09-30,4810000,전라남도 여수시
강원도,강릉시,강릉대로171번길 17,37.759047,128.888611,2019-11-29,,0.1,1,,상수관손상,0,0,0,복구완료,다짐/포장,0,2019-12-03,2020-03-19,4200000,강원도 강릉시
울산광역시,남구,신남로83,35.528718,129.312878,2017-06-30,,2,0.5,,노후 하수관 파손으로 인한 토사유실,0,0,0,복구완료,침하 발견 즉시 긴급 조치 실시/ 해당관로 관교체(L=40m) 공사 실시(2017.7.10.)/ 해당구간 복구포장 실시(2017.7.26.),,2017-07-26,2020-03-25,6310000,울산광역시
울산광역시,동구,솔밭삼거리 일원,35.527329,129.433209,2017-06-25,,0.6,2,,관로파손,0,0,0,복구완료,관로보수,,,2020-03-25,6310000,울산광역시
울산광역시,남구,용연사거리,35.469103,129.359861,2017-04-29,,0.2,0.5,,관로파손,0,0,0,복구완료,관로보수,,,2020-03-25,6310000,울산광역시
울산광역시,남구,황성동 130-2번지,35.870945,129.218233,2017-04-26,,2.5,1.5,,노후 하수관 파손으로 인한 토사유실,0,0,0,복구완료,침하 발견 즉시 침하원인 굴착 확인/ 해당관로 관교체(L=10m) 공사 실시(2017.4.26),,2017-04-26,2020-03-25,6310000,울산광역시
경상남도,거제시,거제중앙로 1889,34.886809,128.623868,2018-06-14,,0.3,0.5,,노후관로 손상에 의한 동공발생 및 지반침하,0,0,0,복구완료,누수 및 지반복구,,2018-06-19,2020-03-20,5370000,경상남도 거제시
경상남도,거제시,일운면 소동리 소동고개,34.834994,128.694012,2018-03-13,,0.5,0.3,,상수관로 매설공사 구간 굴착부분 다짐 불량,0,0,0,복구완료,재다짐 시행,,2018-03-15,2020-03-20,5370000,경상남도 거제시
경상남도,거제시,장승포동 두모로타리,34.869653,128.722849,2018-02-19,,0.5,0.2,,노후관로 접합부 손상으로 누수 및 토사 유실,0,0,0,복구완료,누수 접합부 복구,,2018-02-22,2020-03-20,5370000,경상남도 거제시
경상남도,거제시,일운면 지세포리 416-17,34.829461,128.710835,2018-02-26,,3.5,1.5,,해안도로 호안옹벽 기초세굴에 따른 포장도로 지반 유실,0,0,0,복구완료,"아스콘 포장 및 방호벽, 우수받이 설치",,2018-04-20,2020-03-20,5370000,경상남도 거제시
경기도,수원시,팔달구 수원시청역 사거리 교차로 내,37.261649,127.031851,2018-10-10,,1.5,0.1,,지하철 공사 시 복구 불량,0,0,0,복구완료,골재 치환,,2018-10-11,2020-03-13,3740000,경기도 수원시
경기도,수원시,팔달구 수원시청역 사거리 교차로 내,37.261606,127.031786,2018-08-29,,4,0.2,,지하철 공사 시 복구 불량,0,0,0,복구완료,골재 치환,,2018-08-30,2020-03-13,3740000,경기도 수원시
경상남도,사천시,대방동 752,34.932049,128.059913,2017-04-07,,0,1,기타,우수관로 및 집수정 노후파손으로 인한 토사 유실,0,0,0,복구완료,집수정 교체 및 침하구간 복구,9000000,2017-04-16,2020-03-09,5340000,경상남도 사천시
경기도,안양시,동안구 부림로 32,37.387740,126.969803,2019-08-08,0.7,0.7,0.5,,하수관파손에 따른 토사유실,0,0,0,복구완료,,,2019-08-08,2019-08-31,3830000,경기도 안양시
경기도,안양시,만안구 안양로 190,37.390812,126.928410,2019-08-03,1,1,1,,하수관파손에 따른 토사유실,0,0,0,복구완료,,,2019-08-03,2019-08-31,3830000,경기도 안양시
경기도,안양시,동안구 호계동 1014-1,37.386831,126.946697,2018-06-28,1,1,1,,하수관 접합부위 파손에 따른 토사 유실,0,0,0,복구완료,,,2018-06-29,2019-08-31,3830000,경기도 안양시
경기도,안양시,동안구 호계동 1022-5,37.372301,126.959376,2018-06-07,1,1,1,,하수관 접합부위 파손에 따른 토사 유실,0,0,0,복구완료,,,2018-06-08,2019-08-31,3830000,경기도 안양시
경기도,안양시,동안구 비산동 422-10,37.396255,126.939473,2018-04-30,0.5,0.5,0.5,,빗물받이 연결관 파손에 따른 토사유실,0,0,0,복구완료,,,2018-05-01,2019-08-31,3830000,경기도 안양시
경기도,안양시,만안구 박달로 488,37.402319,126.906768,2018-04-06,0.7,0.5,0.8,,하수관로의 보수를 통하여 발생된 지반참하를 해소,0,0,0,복구완료,,,2018-04-06,2019-08-31,3830000,경기도 안양시
경기도,안양시,동안구 부림동 범계중학교 정문 맞은편,37.395497,126.959632,2016-08-22,0.5,0.5,0.6,,빗물받이 연결관 파손에  따른 토사유실,0,0,0,복구완료,,,2016-08-22,2019-08-31,3830000,경기도 안양시
경기도,안양시,동안구 부림로 평촌역 3번출구 앞,37.398436,126.937511,2016-08-04,0.5,0.5,0.7,,하수관 파손에 따른 토사유실,0,0,0,복구완료,,,2016-08-04,2019-08-31,3830000,경기도 안양시
인천광역시,부평구,청천동 112번지 쌍용아파트 삼거리,37.507173,126.720470,2019-02-06,,2,1.5,,지하수유출,0,0,,복구완료,,,,2020-03-17,6280000,인천광역시
인천광역시,부평구,청천동 112번지 쌍용아파트 삼거리,37.507173,126.720470,2019-01-18,,5,5,,지하수유출,0,0,,복구완료,,,,2020-03-17,6280000,인천광역시
인천광역시,중구,중구 축항대로 항동7가 27-175번지 남항부두 맞은편 4차선,37.454463,126.611485,2019-01-08,,0.5,0.1,,상수도관 누수로 동공 및 침하 발생,0,0,,복구완료,,,,2020-03-17,6280000,인천광역시
경기도,수원시,팔달구 수원시청역 사거리 교차로 내,37.261531,127.032161,2018-07-15,,1,0.15,,지하철 공사 시 복구 불량,0,0,0,복구완료,골재 치환,,2018-07-16,2020-03-13,3740000,경기도 수원시
경기도,수원시,팔달구 인계동 323-5번지 앞,37.275753,127.032059,2018-06-14,,0.1,1.2,,하수관 접합부 손상,0,0,0,복구완료,하수관 교체,,2018-06-14,2020-03-13,3740000,경기도 수원시
경기도,수원시,팔달구 화서동 212-2번지 앞,37.281221,126.996513,2018-06-13,,0.3,1.1,,하수관 접합부 손상,0,0,0,복구완료,하수관 교체,,2018-06-13,2020-03-13,3740000,경기도 수원시
경기도,수원시,팔달구 수원시청역 사거리 교차로 내,37.261664,127.031753,2018-04-19,,0.3,1.1,,지하철 공사 시 복구 불량,0,0,0,복구완료,골재 치환,,2018-04-20,2020-03-13,3740000,경기도 수원시
경기도,수원시,장안구 정자동 5-7,37.292715,127.009409,2018-04-06,,0.5,0.1,,개인하수관 파손,0,0,0,복구완료,하수관 교체,,2018-04-09,2020-03-13,3740000,경기도 수원시
경기도,수원시,장안구 영화동 142-2 박스 부근,37.289702,127.014982,2018-01-12,,0.5,0.1,,하수박스 인근 다짐불량으로 지반침하 발생,0,0,0,복구완료,골재 치환,,2018-01-27,2020-03-13,3740000,경기도 수원시
전라북도,정읍시,이평면 산매리 창동리 산 11-6,35.6545981,126.7961518,2018-07-13,,1,1.5,,농배수로관 옆으로 농업용수 유입,0,0,0,복구완료,,,,2020-01-31,4690000,전라북도 정읍시
전라북도,정읍시,이평면 창동리 산11-5번지 일원,35.669376,126.810568,2018-01-02,,0.5,1.5,,농배수로관 노후로 인하여 지반 침하,0,0,0,복구완료,,,,2020-01-31,4690000,전라북도 정읍시
전라북도,정읍시,농소동 225-22(농소동 한국타이어 부근),35.580685,126.837692,2016-09-06,,5,1,,원인불명으로 토사 유실,0,0,0,복구완료,,,,2020-01-31,4690000,전라북도 정읍시
전라북도,정읍시,고부면 장문리 160-11 일원,35.625939,126.781796,2016-05-30,,1,3,,도로와 인도 사이 화단구간 다짐불량에 따른 토사유실,0,0,0,복구완료,,,,2020-01-31,4690000,전라북도 정읍시
전라북도,정읍시,태인면 강고리 1197 일원,35.650248,126.933181,2016-05-19,,0.1,2.5,,원인불명으로 토사 유실,0,0,0,복구완료,,,,2020-01-31,4690000,전라북도 정읍시
전라북도,정읍시,태인면 강고리 1267 일원,35.650342,126.933485,2016-04-29,,2,4,,오랜기간  서서히 침식하면서 토사유실(원인불명),0,0,0,복구완료,,,,2020-01-31,4690000,전라북도 정읍시
전라북도,정읍시,고부면 용흥리 493-1 일원,35.629441,126.751523,2016-04-26,,0.6,0.1,,상수관로 매설 후 다짐 불량,0,0,0,복구완료,,,,2020-01-31,4690000,전라북도 정읍시
전라북도,정읍시,시기동 558-51(코아수 아파트 공사장 입구),35.5611052,126.8522964,2016-04-10,,1,0.5,,가스관로 매설 후 다짐 불량,0,0,0,복구완료,,,,2020-01-31,4690000,전라북도 정읍시
전라북도,정읍시,정우면 수금리 13-2,35.645644,126.883118,2016-04-03,,0.6,1,,노후 배수관 하부 접합부 손상으로 누수 및 토사 유실,0,0,0,복구완료,,,,2020-01-31,4690000,전라북도 정읍시
서울특별시,영등포구,영등포구 당산동4가 93-5,37.527960,126.901717,2018-03-13,,0.7,1.5,화강암류,하수관로 노후?파손으로 토사유실,0,0,0,복구완료,조치 및 포장완료,,2018-03-13,2020-02-18,3180000,서울특별시 영등포구
서울특별시,영등포구,영등포구 신길동1196,37.510183,126.923882,2017-07-09,,1,1,화강암류,하수맨홀 슬래브 및 두껑 노후화 맨홀 상부 파손,0,0,0,복구완료,조치 및 포장완료,,2017-07-09,2020-02-18,3180000,서울특별시 영등포구
서울특별시,영등포구,영등포동 8가 53-2,37.527318,126.906000,2016-08-24,,5,0.8,화강암류,하수관 개량공사 후 중량에 의한 하부 상수도관 파손,0,0,0,복구완료,조치 및 포장완료,,2016-08-24,2020-02-18,3180000,서울특별시 영등포구
서울특별시,영등포구,영등포구 문래동 3가 2,37.515380,126.902516,2016-05-07,,0.1,0.3,화강암류,매몰된 빗물받이 노후 파손으로 토사 유실,0,0,0,복구완료,조치 및 포장완료,,2016-05-07,2020-02-18,3180000,서울특별시 영등포구
서울특별시,영등포구,영등포구 여의동 21,37.527489,126.930289,2015-08-17,,0.7,2,화강암류,하수관 연결부 접합결함으로 토사 유실,0,0,0,복구완료,조치 및 포장완료,,2015-08-17,2020-02-18,3180000,서울특별시 영등포구
서울특별시,영등포구,영등포로 381,37.513942,126.920692,2015-06-25,,1.5,1.5,화강암류,하수박스 슬라브를 천공하고 생긴 개구부 방치,0,0,0,복구완료,조치 및 포장완료,,2015-06-25,2020-02-18,3180000,서울특별시 영등포구
서울특별시,영등포구,영등포구 여의도동 1-1,37.529460,126.917647,2014-07-17,,3,4,화강암류,하수박스 노후 손상부에서 물이 누수,0,0,0,복구완료,조치 및 포장완료,,2014-07-17,2020-02-18,3180000,서울특별시 영등포구
인천광역시,계양구,계산역 1번 출구,37.543139,126.728984,2017-11-22,10,2,1.5,,상수관로 누수,0,0,0,복구완료,상수관 누수보수 후 되메우기,,2017-11-22,2020-02-12,3550000,인천광역시 계양구
인천광역시,계양구,계산동 920-2 계산역5번출구 앞,37.543336,126.728121,2017-07-29,2,1,1.5,,원인불명,0,0,0,복구완료,다짐 및 되메우기 후 포장복구,,2017-07-29,2020-02-12,3550000,인천광역시 계양구
인천광역시,계양구,작전동 865-37 대명약국 앞 횡단보도,37.528043,126.722293,2017-07-25,1,1,0.5,,노후 하수관 파손부위로 토사 유실,0,0,0,복구완료,하수관 보수후 되메우기,,2017-07-25,2020-02-12,3550000,인천광역시 계양구
인천광역시,계양구,박촌동 52-8 성모당 약국 앞,37.555778,126.745358,2017-07-25,1,1,0.5,,지하철 공사시 시공한 하수관의 파손부위로 토사 유실,0,0,0,복구완료,하수관 보수후 되메우기,,2017-07-25,2020-02-12,3550000,인천광역시 계양구
부산광역시,동래구,명륜동 386 동래전화국,35.204192,129.083093,2019-05-13,0.5,2,1,,하수박스 벽체부 파손으로 인한 토사유실,0,0,0,복구완료,확인굴착,,,2020-01-16,3300000,부산광역시 동래구
부산광역시,동래구,우장춘로 67번길 2,35.213886,129.071605,2019-04-23,1,1,1,,하수박스 벽체부 파손으로 인한 토사유실,0,0,0,복구완료,확인굴착,,,2020-01-16,3300000,부산광역시 동래구
부산광역시,동래구,명서로 182,35.207362,129.102013,2019-04-11,2,3,1.5,,하수박스 벽체부 파손으로 인한 토사유실,0,0,0,복구완료,확인굴착,,,2020-01-16,3300000,부산광역시 동래구
부산광역시,동래구,온천동 1134-26번지,35.211272,129.062843,2019-04-03,1,3,1.5,,노후하수관 파손에 의한 박스부 토사유실,0,0,0,복구완료,확인굴착,,,2020-01-16,3300000,부산광역시 동래구
부산광역시,동래구,사직동 981-4번지,35.204965,129.058758,2018-10-08,6,12,0.01,,도시가스 공급관 매설 후 다짐불량,0,0,0,복구완료,확인굴착,,,2020-01-16,3300000,부산광역시 동래구
부산광역시,동래구,온천동 1646 (백옥사우나 일원),35.204965,129.058758,2018-05-30,1,2,1,,인근 아파트 배수시설 누수에 따른 침하 발생,0,0,0,복구완료,확인굴착,,,2020-01-16,3300000,부산광역시 동래구
부산광역시,동래구,반송로 202(cu편의점 일원),35.198811,129.097121,2018-04-11,2,2.5,1.5,,통신맨홀 주변 마감 불량으로 인한 토사유실,0,0,0,복구완료,확인굴착,,,2020-01-16,3300000,부산광역시 동래구
부산광역시,동래구,사직동 789-2번지 일원,35.196135,129.063515,2018-03-22,4,6,0.15,,연약지반 지하수 상승에 따른 침하 발생,0,0,0,복구완료,확인굴착,,,2020-01-16,3300000,부산광역시 동래구
경상북도,구미시,구미대로32길 1,36.120615,128.363028,2018-06-30,1,1,1.5,기타,노후 하수관 접합부(관대관접합) 손상으로 누수 및 토사 유실,0,0,0,복구완료,완전복구,2000000,2018-06-30,2019-12-19,5080000,경상북도 구미시
전라남도,영광군,전라남도 영광군 대마면 원흥리 17-7,35.3024605,126.567172,2018-07-20,2,1,0.1,기타,상하수관공사 부실,0,0,0,복구중,아스콘 보수,2500000,2018-08-03,2019-12-27,4970000,전라남도 영광군
경기도,의정부시,호원동 286-15번지,37.720673,127.045476,2018-06-08,1.5,1.5,2,,하수관 파손,0,0,0,복구완료,,,2018-06-11,2019-12-01,3820000,경기도 의정부시
경기도,의정부시,의정부동 395-20번지,37.730723,127.050173,2018-06-08,1,1,1.5,,맨홀접속부 파손,0,0,0,복구완료,,,2018-06-11,2019-12-01,3820000,경기도 의정부시
경기도,의정부시,의정부동 157-27번지,37.740641,127.050829,2018-05-11,1.5,1.5,1.5,,맨홀접속부 파손,0,0,0,복구완료,,,2018-05-14,2019-12-01,3820000,경기도 의정부시
경기도,의정부시,호원동 434-3번지,37.721081,127.047085,2018-05-11,1,1,1,,맨홀접속부 파손,0,0,0,복구완료,,,2018-05-14,2019-12-01,3820000,경기도 의정부시
경기도,의정부시,금오동 229-17번지,37.754537,127.067113,2018-05-04,1,1,1.5,,하수관 파손,0,0,0,복구완료,,,2018-05-07,2019-12-01,3820000,경기도 의정부시
경기도,의정부시,녹양동 328번지,37.758426,127.039105,2018-05-03,1,1,1.5,,묻힌 맨홀 침하,0,0,0,복구완료,,,2018-05-07,2019-12-01,3820000,경기도 의정부시
경기도,의정부시,호원동 459번지,37.709396,127.048502,2018-04-25,1,1,1,,하수관 파손,0,0,0,복구완료,,,2018-04-26,2019-12-01,3820000,경기도 의정부시
경상남도,하동군,북천면 옥정리 893- 4번지,35.007236,127.053167,2015-01-01,150,40,0.2,기타,영농에 필요한 물 공급을 위해 지하도 관장을 파면서 토양 공극을 채우고 있던 물이 빠져나가 빈 공간 형성으로 인해 침하 발생,0,0,0,복구완료,그라우팅,30000,2018-06-07,2019-06-16,5440000,경상남도 하동군
울산광역시,동구,양지6길 33,35.496527,129.420437,2019-06-22,,0.8,0.5,,우수박스 접합상태 불량,0,0,0,복구완료,관로보수,,,2020-03-25,6310000,울산광역시
울산광역시,울주군,서생면 화정리 935번지(서생삼거리 인근),39.393683,129.328859,2019-05-19,,1.5,2,,하수관로 노후에 따른 부식으로 누수발생 및 토사유출,0,0,6,복구완료,관로보수,,,2020-03-25,6310000,울산광역시
울산광역시,중구,난곡15길 21,35.555676,129.281152,2019-04-18,,0.5,0.5,,관로파손,0,0,0,복구완료,관로보수,,2019-04-18,2020-03-25,6310000,울산광역시
울산광역시,동구,명덕마을 앞 교차로 인근,35.525806,129.433176,2018-10-07,,5,4,,관로파손,0,0,0,복구완료,관로보수,,,2020-03-25,6310000,울산광역시
울산광역시,울주군,온산읍 원산리 1241(우봉 이진로/ S-OIL부지 앞),35.429696,129.297833,2018-09-14,,1,2,,해안도로 침하,0,0,0,복구완료,"포장보수,TTP 설치 등",,2020-03-16,2020-03-25,6310000,울산광역시
울산광역시,남구,선암동 명동삼거리에서 공단 2정문 방향 약 150m지점,35.507536,129.334118,2018-09-13,,5,2,,산/알카리로 오염된 지하수로 인해 스팀배관 손상사고 발생,0,0,1,복구완료,스팀배관 교체 및 오염된 토양 치환 완료 후 스팀 정상 공급중,,,2020-03-25,6310000,울산광역시
울산광역시,동구,대송로 생생마트 앞,35.504304,129.428211,2018-06-07,,1,1.5,,관로파손,0,0,0,복구완료,관로보수,,,2020-03-25,6310000,울산광역시
울산광역시,울주군,온산읍 덕신리 온산소방서 앞(덕신로),35.433795,129.306125,2018-03-28,,0.5,1.5,,상수관 누수로 인한 토사 유실,0,0,0,복구완료,관로보수,,,2020-03-25,6310000,울산광역시
인천광역시,중구,항동7가 27-173 연안초등학교 앞 보도,37.454188,126.607975,2019-12-26,,0.3,0.2,,하수관 손상에 따른 토사유실,0,0,,복구완료,,,,2020-03-17,6280000,인천광역시
인천광역시,남동구,구월동 1455(구 롯데백화점) 일원,37.447841,126.701313,2019-12-16,,12,0.1,,개인 배수설비(하수관) 파손 및 다짐불량으로 인한 사유지 도로 침하,0,0,,복구완료,,,,2020-03-17,6280000,인천광역시
인천광역시,계양구,계양대로 170 경인교대입구역 1번출구 앞 도로,37.538764,126.722574,2019-08-29,,1,0.3,,기존 기층부 동공이 8.29. 집중호우로 인해 확대됨에 따라 침하 발생,0,0,,복구완료,,,,2020-03-17,6280000,인천광역시
인천광역시,서구,검단로 검단사거리 횡단보도 도로,37.601998,126.656624,2019-07-19,,0.8,1.2,,우수관과 오수관 접합부 불량에 의한 토사 유실,0,0,,복구완료,,,,2020-03-17,6280000,인천광역시
인천광역시,계양구,계양구 새말사거리,37.525487,126.705004,2019-06-25,,2,0.2,,하수맨홀 불량으로 인한 동공 발생,0,0,,복구완료,,,,2020-03-17,6280000,인천광역시
인천광역시,계양구,계양구 인천교통연수원 앞,37.543371,126.716586,2019-06-25,,0.4,0.3,,하수관로 손상으로 도로침하 발생,0,0,,복구완료,,,,2020-03-17,6280000,인천광역시
인천광역시,서구,서구 정서진로 미즌하임 앞 교차로,37.559489,126.618748,2019-06-17,,0.8,0.8,,오수관 연결부 불량 및 오수관 변형,0,0,,복구완료,,,,2020-03-17,6280000,인천광역시
인천광역시,동구,송림로 50 삼익아파트 앞 도로,37.474551,126.641234,2019-06-11,,0.25,0.3,,상수도관 누수로 동공 및 침하 발생,0,0,,복구완료,,,,2020-03-17,6280000,인천광역시
인천광역시,중구,월미로233번길 11,37.474762,126.600551,2019-05-20,,15,0.1,,다짐불량에 의한 지반침하,0,0,,복구완료,,,,2020-03-17,6280000,인천광역시
인천광역시,연수구,연수구 비류대로 함박마을 버스정거장 앞,37.424184,126.682035,2019-05-19,,0.5,0.7,,노후 하수관 손상으로 동공 및 침하 발생,0,0,,복구완료,,,,2020-03-17,6280000,인천광역시
인천광역시,미추홀구,경인로  LG베스트샵도화점(주안로 10) 앞,37.463789,126.670730,2019-05-10,,0.5,0.7,,하수관 연결부 파손으로 동공 및 침하 발생,0,0,,복구완료,,,,2020-03-17,6280000,인천광역시
인천광역시,부평구,청천동 112번지 쌍용아파트 삼거리,37.507173,126.720470,2019-02-08,,4,5,,지하수유출,0,0,,복구완료,,,,2020-03-17,6280000,인천광역시
울산광역시,울주군,온산읍 원산리 1241 (우봉이진로),35.4170000,129.3630000,2018-09-14,1,1,1,,파랑(파도) 및 조력에 의한 침하,0,0,0,복구중,다짐 후 재포장,,2020-03-17,2020-02-04,3730000,울산광역시 울주군
울산광역시,울주군,온산읍 산암리 온산항사거리,35.4382460,129.3513670,2018-01-24,1.1,2.2,1.2,,굴착공사,0,0,0,복구완료,아스콘 포장,1000000,2018-01-25,2020-02-04,3730000,울산광역시 울주군
서울특별시,서초구,"서초구 반포1동 748-16 (사평대로, 신논현역 1번출구)",37.504310,127.023987,2015-05-25,0.6,0.6,1.3,,매립된 폐하수관으로 토사 유입,0,0,,복구완료,,,,2019-08-14,3210000,서울특별시 서초구
서울특별시,서초구,"서초구 양재동 237-2 (강남대로, 양재시민의숲역 1번 출구 앞 2차로)",37.470386,127.038743,2015-05-02,0.6,0.6,1.5,,신분당선 토류판 미제거로 배면에 공간이 생성되어 상부토사가 하부로 유실,0,0,,복구완료,,,,2019-08-14,3210000,서울특별시 서초구
서울특별시,서초구,"서초구 반포동 20-43 (잠원로, 반포자이 아파트 앞)",37.506429,127.009496,2015-04-02,0.5,0.5,0.2,,굴착복구 다짐 불량,0,0,,복구완료,,,,2019-08-14,3210000,서울특별시 서초구
서울특별시,서초구,"서초구 서초동 1716-8 (서초대로 279, 서초역방향 1차로)",37.493253,127.012217,2014-08-22,1.5,3,1.5,,상수도퇴수관 연결 접합부 결함,0,0,,복구완료,,,,2019-08-14,3210000,서울특별시 서초구
충청북도,영동군,충청북도 영동읍 회동로 158 바위산식당 앞,36.173766,127.800720,2015-04-26,0.2,0.3,1,기타,상수도관누수,0,0,0,복구완료,노후상수도관교체,2000000,2015-04-27,2017-11-16,4440000,충청북도 영동군
울산광역시,울주군,온산읍 산암리 온산항사거리,35.438246,129.351367,2018-01-24,,2.2,1.2,,굴착공사,0,0,0,복구완료,아스콘 포장,,2018-01-25,2020-03-25,6310000,울산광역시
울산광역시,동구,서부동 257-4번지 일원,35.528989,129.430780,2017-09-19,,1,1,,관로파손,0,0,0,복구완료,관로보수,,2017-09-19,2020-03-25,6310000,울산광역시
울산광역시,동구,화암중학교 입구 교차로 일원,35.486271,129.414435,2017-09-17,,2,2.5,,우수관~맨홀 접합 불량,0,0,0,복구완료,접합부보수,,,2020-03-25,6310000,울산광역시
울산광역시,울주군,덕신대교 진입 50m 전방,35.428824,129.305816,2017-08-05,,2,1,,관로파손,0,0,0,복구완료,관로보수,,,2020-03-25,6310000,울산광역시
울산광역시,남구,매암동 472-2번지 일원,35.521227,129.372316,2017-07-08,,3,1,,지하수위로 인한 토사유출,0,0,0,복구완료,지반치환,,,2020-03-25,6310000,울산광역시
서울특별시,영등포구,영등포구 여의도동 25-1,37.5241289,126.9242262,2019-12-22,,2.5,2.5,화강암류,지하공공보도 공사(상수도 파손)에 따른 지반침하,1,0,0,복구완료,조치 및 포장완료,,2020-02-14,2020-02-18,3180000,서울특별시 영등포구
서울특별시,영등포구,영등포구 여의도동 23-1,37.5254728,126.9239784,2019-09-15,,1.5,1.5,화강암류,"다짐불량(교통섬, 보도) 등으로 인한 장기 압밀 침하",0,0,0,복구완료,조치 및 포장완료,,2019-09-20,2020-02-18,3180000,서울특별시 영등포구
서울특별시,영등포구,영등포구 여의도동 24-3,37.5245917,126.9252853,2019-09-05,,5,5,화강암류,지하공공보도 공사(가시설 배면구간) 에 따른 지반침하,0,0,0,복구완료,조치 및 포장완료,,2019-09-08,2020-02-18,3180000,서울특별시 영등포구
서울특별시,영등포구,영등포구 당산동4가 38-1,37.528410,126.896780,2018-05-24,,0.3,0.3,화강암류,하수관로 개량 다짐 미흡으로 인한 침하,0,0,0,복구완료,조치 및 포장완료,,2018-05-24,2020-02-18,3180000,서울특별시 영등포구
서울특별시,영등포구,영등포구 여의도동 44-11,37.520045,126.930781,2018-03-28,,0.3,1,화강암류,폐쇄된 빗물받이 연결관 토사 유실,0,0,0,복구완료,조치 및 포장완료,,2018-03-28,2020-02-18,3180000,서울특별시 영등포구
서울특별시,영등포구,영등포구 양평동4가 23-2,37.535432,126.894292,2018-03-27,,5,1.5,화강암류,인근 공사차량 중량에 의한 노후 하수박스 상판파손,0,0,1,복구완료,조치 및 포장완료,,2018-03-27,2020-02-18,3180000,서울특별시 영등포구
울산광역시,남구,선암동 명동삼거리에서 공단 2정문 방향 약 150m지점,35.507536,129.334118,2018-09-13,3,5,2,,"산,알카리로 오염된 지하수로 인해 스팀배관 손상사고 발생",0,0,1,복구완료,스팀배관 교체 및 오염된 토양 치환 완료 후 스팀 정상 공급중,,2018-11-25,2019-11-25,3700000,울산광역시 남구
울산광역시,남구,매암동 472-2번지 일원,35.52104352,129.3737048,2017-07-08,3,3,1.5,,지하수위로 인한 토사유출,0,0,0,복구완료,지반치환 후 포장복구 완료,,2017-07-15,2019-11-25,3700000,울산광역시 남구
울산광역시,남구,신남로83,35.5287189,129.312878,2017-06-30,1,2,0.5,,노후 하수관 파손으로 인한 토사유실,0,0,0,복구완료,"침하 발견 즉시 긴급 조치 실시, 해당관로 관교체(L=40m) 공사 실시(2017.7.10.), 해당구간 복구포장 실시",,2017-07-26,2019-11-25,3700000,울산광역시 남구
울산광역시,남구,용연사거리,35.4463563,129.0749953,2017-04-29,0.2,0.2,1,,오수관로 누수로 인한 토사 유출,0,0,0,복구완료,오수관로 접합부 보수 후 포장복구,,2017-04-29,2019-11-25,3700000,울산광역시 남구
울산광역시,남구,황성동 130-2번지,35.8709457,129.2182331,2017-04-26,1,2.5,1.5,,노후 하수관 파손으로 인한 토사유실,0,0,0,복구완료,"침하 발견 즉시 침하원인 굴착 확인, 해당관로 관교체(L=10m) 공사 실시",,2017-04-26,2019-11-25,3700000,울산광역시 남구
울산광역시,남구,삼산동 1488-17번지,35.5481896,129.3300004,2017-04-23,3,2,1,,노후 하수관 파손으로 인한 토사유실,0,0,0,복구완료,"침하 발견 즉시 파손부분 긴급복구 완료, 노후관로 교체공사",,2017-04-23,2019-11-25,3700000,울산광역시 남구
충청북도,충주시,국원대로6,36.973126,127.921672,2018-02-07,0.5,0.5,0.5,,우수관 파손,0,0,0,복구완료,우수관로 점검 조사 및 보수(포장),,2018-02-12,2019-11-11,4390000,충청북도 충주시
경기도,안양시,동안구 부림동 부림중학교 앞,37.398063,126.953283,2016-07-31,1,1,0.5,,빗물받이 연결관 파손에  따른 토사유실,0,0,0,복구완료,,,2016-08-01,2019-08-31,3830000,경기도 안양시
서울특별시,마포구,망원로 68,37.5570972,126.9043665,2018-05-22,1.5,1.5,1,,다짐불량,0,0,0,복구완료,다짐 및 아스콘 포장,500000,2018-05-23,2018-08-14,3130000,서울특별시 마포구
서울특별시,마포구,독막로 289,37.54510642,126.9452126,2018-07-16,0.8,0.8,1,,토사유실(하수관),0,0,0,복구완료,콘크리트 및 아스콘포장,1000000,2018-07-17,2018-08-14,3130000,서울특별시 마포구
서울특별시,마포구,서강로3길 41,37.54976156,126.9298125,2018-07-18,2,1.5,1,,토사유실(개인배수관),0,0,0,복구완료,콘크리트 및 아스콘포장,7000000,2018-07-19,2018-08-14,3130000,서울특별시 마포구
서울특별시,마포구,만리재옛2길 14,37.54718465,126.9570432,2018-07-24,0.8,0.8,1,,누수(개인배수관 파손),0,0,0,복구완료,되메우기 및 포장 복구,500000,2018-07-24,2018-08-14,3130000,서울특별시 마포구
서울특별시,마포구,중동 89-10,37.57530837,126.9015868,2018-08-08,1,10,3,,토사유실(제방),0,0,0,복구중,제방보수 및 토사성토,30000000,,2018-08-14,3130000,서울특별시 마포구
경기도,수원시,팔달구 우만동 293-12,37.290144,127.030609,2019-12-25,,0.4,1,,하수관 손상(개인배수설비 파손),0,0,0,복구완료,하수관 교체,,2019-12-25,2020-03-13,3740000,경기도 수원시
경기도,수원시,팔달구 수원시청역 사거리 교차로 내,37.261557,127.031984,2018-12-22,,4,0.1,,지하철 공사 시 복구 불량,0,0,0,복구완료,골재 치환,,2018-12-22,2020-03-13,3740000,경기도 수원시
인천광역시,연수구,인천광역시 연수구 아카데미로 23 (송도 셀트리온 앞 사거리),37.370504,126.645331,2015-06-19,,0.3,0.2,,하수관 파손,0,0,0,복구완료,,,,2020-03-10,3520000,인천광역시 연수구
전라남도,여수시,수정동 782,34.741239,127.753495,2017-07-21,1.3,6,2.8,기타,지반쇄굴,0,0,0,복구완료,자체복구,20000000,2017-07-24,2019-09-30,4810000,전라남도 여수시
경상남도,창원시,의창구 도계동 창원중학교 앞,35.227962,128.681707,2017-01-31,1,1,1,기타,하수관 파손,0,0,0,복구완료,파수관 보수 및 도로포장,,2017-01-31,2018-06-30,5670000,경상남도 창원시
경상남도,창원시,의창구 팔용동 용원교차로,35.216040,128.673470,2017-06-03,1.5,1.5,1.5,기타,토사유실,0,0,0,복구완료,되메우기 및 다짐 후 도로포장,,2017-06-03,2018-06-30,5670000,경상남도 창원시
충청북도,증평군,충청북도 증평군 증평읍 증천리 한성아파트 가동 주차장,36.780661,127.589528,2015-04-09,1,0.6,0.5,,우수관 파손부위에서 우수 유출,0,0,0,복구완료,우수관 보수 후 흙으로 되메우기,,2015-05-06,2018-08-23,5570000,충청북도 증평군
충청북도,청주시,서운동 91-5번지 주변,36.6282025,127.4909516,2015-04-21,0.5,0.5,0.5,,하수관 손상,0,0,,복구완료,하수관복구 후 되메우기,,2015-04-22,2018-08-01,5710000,충청북도 청주시
충청북도,청주시,미평동 341-6번지 앞,36.6041773,127.4635314,2015-04-28,1.5,1.5,0.6,,하수관 손상,0,0,,복구완료,하수관복구 후 되메우기,,2015-04-29,2018-08-01,5710000,충청북도 청주시
부산광역시,동래구,사직로 58,35.195426,129.059442,2019-08-04,0.8,0.8,0.5,,전력지중관로 하부 토사 유실(추정),0,0,0,복구완료,확인굴착,,,2020-01-16,3300000,부산광역시 동래구
부산광역시,동래구,미남로 130,35.205584,129.069772,2019-06-22,2,3,1,,노후 하수관 파손에 의한 토사유실,0,0,0,복구완료,확인굴착,,,2020-01-16,3300000,부산광역시 동래구
경기도,의정부시,금오동338-4번지,37.750069,127.059006,2018-06-11,1,1,2,,맨홀접속부 파손,0,0,0,복구완료,,,2018-06-11,2019-12-01,3820000,경기도 의정부시
경기도,의정부시,용현동 30-4번지,37.737039,127.086838,2018-06-11,1,1,1,,하수관 파손,0,0,0,복구완료,,,2018-06-11,2019-12-01,3820000,경기도 의정부시
경기도,여주시,산북면 산북파출소 앞,37.404883,127.443899,2018-11-27,1,3,0.1,,급수공사 후 포장미복구로 인한 침하,0,0,1,복구완료,토사유실부분 되메우기 재시공 및 포장,,2018-11-28,2019-10-23,5700000,경기도 여주시
경기도,안양시,동안구 관악대로 동양월드 맞은편 학운교 앞,37.398436,126.937511,2016-07-20,1,1,0.5,,하수관 파손에 따른 토사유실,0,0,0,복구완료,,,2016-09-19,2019-08-31,3830000,경기도 안양시
경기도,안양시,만안구 병목안로 85 앞,37.394646,126.913080,2015-08-15,0.5,0.7,0.7,,상하수관 공사 부실,0,0,0,복구완료,,,2015-08-19,2019-08-31,3830000,경기도 안양시
충청북도,청주시,우암동 143-6번지 앞 도로,36.6466545,127.4896274,2015-05-02,0.5,0.5,1,,하수관 손상,0,0,,복구완료,하수관복구 후 되메우기,,2015-05-04,2018-08-01,5710000,충청북도 청주시
충청북도,청주시,사창동 249-2번지,36.6369207,127.4639137,2015-05-04,1.5,1.5,1,,하수관 손상,0,0,1,복구완료,하수관복구 후 되메우기,,2015-05-04,2018-08-01,5710000,충청북도 청주시
충청북도,청주시,율량동 824번지 앞 도로,36.6697627,127.4870188,2015-06-13,0.5,0.5,0.3,,하수관 손상,0,0,,복구완료,하수관복구 후 되메우기,,2015-06-15,2018-08-01,5710000,충청북도 청주시
충청북도,청주시,수동 450-4번지 (방아다리 사거리),36.6449331,127.4891221,2015-07-26,2.5,2.5,1,,상수관파손,0,0,1,복구완료,상수도관복구 후 되메우기,,2015-07-27,2018-08-01,5710000,충청북도 청주시
충청북도,청주시,가경동 1342번지,36.6272784,127.4340062,2016-03-23,2,1,1,,하수관 손상,0,0,,복구완료,하수관복구 후 되메우기,,2016-04-14,2018-08-01,5710000,충청북도 청주시
충청북도,청주시,방서동 213-8(방서사거리 횡단보도 2차선로),36.6058192,127.498641,2016-08-15,0.5,0.5,0.7,,하수관 손상,0,0,,복구완료,하수관복구 후 되메우기,,2016-08-16,2018-08-01,5710000,충청북도 청주시
충청북도,청주시,복대동 1380번지,36.6305268,127.4439889,2016-08-17,2,2,2,,하수관 손상,0,0,,복구완료,하수관복구 후 되메우기,,2016-08-17,2018-08-01,5710000,충청북도 청주시
충청북도,청주시,장암동 490-1번지 앞,36.585316,127.4801053,2016-11-15,1,1,1,,수로파손,0,0,,복구완료,수로복구 호 되메우기,,2016-12-10,2018-08-01,5710000,충청북도 청주시
충청북도,청주시,영운동 40-21번지 일원,36.620734,127.5046447,2017-04-10,0.3,0.3,0.2,,하수관 손상,0,0,,복구완료,하수관복구 후 되메우기,,2017-04-12,2018-08-01,5710000,충청북도 청주시
충청북도,청주시,석교동 126-184번지 일원,36.6281171,127.4886712,2017-06-02,1.2,2,0.1,,하수관 손상,0,0,,복구완료,하수관복구 후 되메우기,,2017-06-17,2018-08-01,5710000,충청북도 청주시
경상남도,창원시,마산합포구 구산면 지방도 1002호선,35.227962,128.681707,2017-05-25,0.3,1,1,기타,토사유실,0,0,0,복구완료,되메우기 및 다짐 후 도로포장,,2017-05-25,2018-06-30,5670000,경상남도 창원시
경상남도,창원시,의창구 소답동 144-2 앞,35.265860,128.628044,2017-07-17,1,1,1.5,기타,하수관 파손,0,0,0,복구완료,하수관 긴급 정비 및 포장,,2017-01-26,2018-06-30,5670000,경상남도 창원시
경상남도,창원시,의창구 도계동 400-1 앞,35.257228,128.637090,2017-09-30,0.5,0.5,1.5,기타,하수관 파손,0,0,0,복구완료,하수관 긴급 정비 및 포장,,2017-01-23,2018-06-30,5670000,경상남도 창원시
경상남도,창원시,의창대로116번길 18 앞,35.259672,128.612628,2017-07-26,0.3,0.3,0.7,기타,하수관 파손,0,0,0,복구완료,하수관 긴급 정비 및 포장,,2017-01-23,2018-06-30,5670000,경상남도 창원시
경상남도,창원시,대원로93번길 24 앞,35.237082,128.648575,2017-07-27,0.7,0.5,1,기타,하수관 파손,0,0,0,복구완료,하수관 긴급 정비 및 포장,,2017-01-23,2018-06-30,5670000,경상남도 창원시
경상남도,창원시,자산동 13길 2,35.204726,128.566613,2017-11-29,1,1,1,기타,다짐불량,0,0,0,복구완료,시멘트 주입 후 아스콘 포장,,2017-01-23,2018-06-30,5670000,경상남도 창원시
경상남도,창원시,의창구 소답동 133-1,35.264800,128.626654,2018-02-19,1,0.5,1.5,기타,하수관 손상,0,0,0,복구완료,되메우기 및 포장,,2018-02-19,2018-06-30,5670000,경상남도 창원시
경상남도,창원시,의창구 팔용동 162-4,35.257212,128.608904,2018-02-20,1.5,1.5,0.5,기타,하수관 손상,0,0,0,복구완료,되메우기 및 포장,,2018-02-20,2018-06-30,5670000,경상남도 창원시
전라남도,장성군,장성군 황룡면 와룡리 36-21,35.270926,126.767064,2018-10-20,,2,0.4,편암류,원인미상,0,0,0,복구중,,,,2020-03-16,4980000,전라남도 장성군
전라남도,장성군,장성군 황룡면 와룡리 36-19,35.271022,126.766410,2018-06-07,,2,2,편암류,원인미상,0,0,0,복구중,,,,2020-03-16,4980000,전라남도 장성군
부산광역시,수영구,광남로 257번길 12(수영구민체육센터) 앞,35.15977966,129.1269045,2018-09-22,0.5,0.5,0.5,,도로하부 다짐불량으로 인한 침하,0,0,0,복구완료,굴착 후 다짐 재포장,,2018-09-22,2019-11-18,3380000,부산광역시 수영구
부산광역시,수영구,수영로 493(좋은강안병원) 앞,35.15044124,129.1108672,2018-07-27,0.3,0.5,0.5,,도로하부지반(보조기층)침하로 인한 함몰 추정,0,0,0,복구완료,굴착 후 다짐 재포장,,2018-07-27,2019-11-18,3380000,부산광역시 수영구
부산광역시,수영구,망미배산로76번가길 29 앞,35.17593647,129.0992858,2018-07-25,0.8,1,1,,상수도관 누수로 인한 토사유실,0,0,0,복구완료,굴착 후 다짐 재포장,,2018-07-25,2019-11-18,3380000,부산광역시 수영구
부산광역시,수영구,광안해변로277번길 3 앞,35.15726175,129.1133179,2018-07-19,0.7,0.8,1,,도로하부지반(보조기층)침하로 인한 함몰 추정,0,0,0,복구완료,굴착 후 다짐 재포장,,2018-07-19,2019-11-18,3380000,부산광역시 수영구
부산광역시,수영구,광안로 성원쌍떼빌(수영로 582번길 10) 앞,35.157661,129.113628,2018-02-20,1.5,1.5,0.7,,도로하부지반(보조기층)침하로 인한 함몰 추정,0,0,0,복구완료,도로 재포장,,2018-02-20,2019-11-18,3380000,부산광역시 수영구
경기도,여주시,산북면 산북파출소 앞,37.404883,127.443899,2018-11-26,1,3,0.1,,급수공사 후 포장미복구로 인한 침하,0,0,1,복구완료,토사유실부분 되메우기 재시공 및 포장,,2018-11-28,2019-10-23,5700000,경기도 여주시
경기도,여주시,흥천면 외사리 280-3 일원,37.345191,127.493999,2018-11-26,1,1.5,0.1,,관로공사 후 포장미복구로 인한 침하,0,0,1,복구완료,토사유실부분 되메우기 재시공 및 포장,,2018-11-27,2019-10-23,5700000,경기도 여주시
경기도,여주시,흥천면 외사리,37.345191,127.493999,2018-11-26,1,1,0.1,,관로공사 후 포장미복구로 인한 침하,0,0,1,복구완료,토사유실부분 되메우기 재시공 및 포장,,2018-11-27,2019-10-23,5700000,경기도 여주시
경기도,여주시,강천면 굴암1길 33,37.238401,127.700478,2018-09-21,1,1.5,0.1,,급수공사 후 도로침하,0,0,1,복구완료,토사유실부분 되메우기 재시공 및 포장,,2018-09-23,2019-10-23,5700000,경기도 여주시
경기도,여주시,산북면 광여로 1526,37.418887,127.465452,2018-06-25,1,2,0.1,,급수공사 후 지반침하,0,0,1,복구완료,토사유실부분 되메우기 재시공 및 포장,,2018-06-26,2019-10-23,5700000,경기도 여주시
경기도,여주시,창동 155 식당 앞 도로,37.293631,127.634741,2018-05-23,0.1,0.1,0.1,,맨홀 접착부 토사 유실,0,0,0,복구완료,토사유실부분 되메우기 재시공 및 포장,,2018-05-23,2019-10-23,5700000,경기도 여주시
경기도,여주시,흥문동 427-7 삼한아파트 진입로,37.285688,127.634483,2018-06-20,1,1,0.5,,우수에 의한 토사유실,0,0,0,복구완료,토사유실부분 되메우기 재시공 및 포장,,2018-06-20,2019-10-23,5700000,경기도 여주시
경기도,여주시,하동 138 하나빌라 앞 도로,37.301355,127.627701,2018-04-15,1,1,0.5,,우수에 의한 토사유실,0,0,0,복구완료,토사유실부분 되메우기 재시공 및 포장,,2018-04-15,2019-10-23,5700000,경기도 여주시
서울특별시,영등포구,문래동3가 4-29번지 주변,37.515009,126.901996,2017-04-06,0.15,0.1,0.2,화강암류,하수관로 노후화에 의한 관파손 토사유입,0,0,0,복구완료,아스팔트 콘크리트 포장완료,4000000,2017-04-06,2019-05-09,3180000,서울특별시 영등포구
강원도,고성군,거진읍 거탄진로 116(호남식당 옆),38.445274,128.454372,2018-04-27,0.5,0,2.5,,노후하수관 손상,0,0,0,복구완료,암거철거후 재설치,,2018-05-31,2018-08-20,4340000,강원도 고성군
부산광역시,남구,수영로(대연2구역 인접도로)일원 지하철 2호선 환기구 이설구역,35.134627,129.082277,2018-03-09,7,22,0.1,,환기구 이설부 잔여침하 및 상수관 손상 누수로 침하발생,0,0,0,복구완료,상수관 보수 및 추가침하 방지공사(보링그라우팅),,2018-05-24,2020-06-25,3310000,부산광역시 남구
전라북도,순창군,팔덕면 청계리 산124-3,35.411279,127.077547,2017-05-10,0.2,1,1,기타,도로법면 유실로 인한 지반침하 발생,0,0,0,복구완료,지반침하부 보수 후 복구완료,10000000,2017-06-19,2020-07-02,4770000,전라북도 순창군
대구광역시,달성군,대구광역시 달성군 하빈면 봉촌리 614,35.861987,128.402394,2015-08-17,0.50,1.00,0.20,,도로측구 파손,0,0,0,복구완료,연간단가계약복구,,2015-08-18,2020-07-01,3480000,대구광역시 달성군
대구광역시,달성군,대구광역시 달성군 논공읍 북리 628-1,35.739377,128.451151,2015-11-24,1.05,1.50,0.30,,하수관로 주변 토사새굴,0,0,0,복구완료,연간단가계약복구,,2015-11-25,2020-07-01,3480000,대구광역시 달성군
대구광역시,달성군,대구광역시 달성군 다사읍 매곡리 479-7,35.867614926,128.458708432,2016-08-25,0.25,0.50,0.50,,집수정 노후로 토사새굴,0,0,0,복구완료,연간단가계약복구,,2016-08-25,2020-07-01,3480000,대구광역시 달성군
대구광역시,달성군,대구광역시 달성군 다사읍 매곡리 956-4,35.857548,128.452026,2017-03-02,6.00,2.00,0.30,,상수관로 굴착부분 다짐 불량,0,0,0,복구완료,연간단가계약복구,,2017-03-02,2020-07-01,3480000,대구광역시 달성군
대구광역시,달성군,대구광역시 달성군 옥포읍 김흥리 472-2,35.744513506,128.483157506,2017-05-02,0.25,0.50,0.40,,오수관로 옆 다짐불량으로 인한 침하,0,0,0,복구완료,연간단가계약복구,,2017-05-02,2020-07-01,3480000,대구광역시 달성군
대구광역시,달성군,대구광역시 달성군 논공읍 북리 1-123,35.726969,128.459692,2017-05-16,1.00,1.00,0.50,,노후 하수관으로 인한 침하,0,0,0,복구완료,연간단가계약복구,,2017-05-16,2020-07-01,3480000,대구광역시 달성군
대구광역시,달성군,대구광역시 달성군 논공읍 북리 803-313,35.729625,128.443003,2017-06-07,1.00,1.00,1.20,,노후 하수관으로 인한 침하,0,0,0,복구완료,연간단가계약복구,,2017-06-07,2020-07-01,3480000,대구광역시 달성군
대구광역시,달성군,대구광역시 달성군 논공읍 남리 224-99,35.727728,128.438559,2017-06-22,0.25,0.50,0.30,,맨홀 옆 다짐불량으로 인한 침하,0,0,0,복구완료,연간단가계약복구,,2017-06-22,2020-07-01,3480000,대구광역시 달성군
대구광역시,달성군,대구광역시 달성군 유가읍 한정리 47-6,35.654331232,128.453121721,2017-09-09,9.00,3.00,0.04,,오수관로 굴착부분 다짐 불량,0,0,0,복구완료,연간단가계약복구,,2017-09-09,2020-07-01,3480000,대구광역시 달성군
대구광역시,달성군,대구광역시 달성군 현풍읍 현풍중앙로10길 56,35.695069,128.448447,2017-09-17,3.00,3.00,0.03,,오수관로 굴착부분 다짐 불량,0,0,0,복구완료,연간단가계약복구,,2017-09-17,2020-07-01,3480000,대구광역시 달성군
대구광역시,달성군,대구광역시 달성군 가창면 가창로 129,35.748602,128.651575,2017-09-29,2.72,1.70,0.20,,맨홀 옆 다짐불량으로 인한 동공,0,0,0,복구완료,연간단가계약복구,,2017-09-29,2020-07-01,3480000,대구광역시 달성군
대구광역시,달성군,대구광역시 달성군 논공읍 남리1길 5,35.725262,128.449959,2017-11-04,2.00,2.00,0.04,,오수관로 굴착부분 다짐 불량,0,0,0,복구완료,연간단가계약복구,,2017-11-04,2020-07-01,3480000,대구광역시 달성군
대구광역시,달성군,대구광역시 달성군 유가읍 유곡리 468-1,35.669987,128.463349,2017-11-04,1.40,2.00,0.03,,오수관로 굴착부분 다짐 불량,0,0,0,복구완료,연간단가계약복구,,2017-11-04,2020-07-01,3480000,대구광역시 달성군
대구광역시,달성군,대구광역시 달성군 구지면 창리 1039-4,35.657369,128.410679,2017-12-01,1.00,1.00,0.03,,도로 다짐 불량,0,0,0,복구완료,연간단가계약복구,,2017-12-01,2020-07-01,3480000,대구광역시 달성군
대구광역시,달성군,대구광역시 달성군 구지면 고봉리 406-1,35.650299,128.438199,2017-12-02,3.00,3.00,0.04,,용배수로관 굴착부분 다짐 불량,0,0,0,복구완료,연간단가계약복구,,2017-12-02,2020-07-01,3480000,대구광역시 달성군
대구광역시,달성군,대구광역시 달성군 현풍읍 중리 344-5,35.691595,128.445632,2018-04-02,2.00,2.00,0.30,,아스팔트와 측구 접합부 다짐 불량,0,0,0,복구완료,연간단가계약복구,,2018-04-05,2020-07-01,3480000,대구광역시 달성군
대구광역시,달성군,대구광역시 달성군 하빈면 기곡리 120,35.929826858,128.443006166,2018-05-02,1.00,1.00,0.30,,아스팔트 접합부 손상으로 포장 파손 및 토사 유실,0,0,0,복구완료,연간단가계약복구,,2018-05-02,2020-07-01,3480000,대구광역시 달성군
대구광역시,달성군,대구광역시 달성군 하빈면 하산리 941,35.879577,128.403116,2018-06-28,1.40,2.00,0.40,,상수도공사 굴착부분 장기 침하,0,0,0,복구완료,연간단가계약복구,,2018-06-28,2020-07-01,3480000,대구광역시 달성군
대구광역시,달성군,대구광역시 달성군 화원읍 천내리 화원시장 옆,35.800951,128.498935,2018-05-16,2.25,1.50,0.30,,상수도공사 굴착부분 장기 침하,0,0,0,복구완료,연간단가계약복구,,2018-05-17,2020-07-01,3480000,대구광역시 달성군
대구광역시,달성군,대구광역시 달성군 화원읍 성화로 26 남편,35.800805,128.489979,2019-08-10,0.70,1.00,0.60,,하수관 손상,0,0,0,복구완료,연간단가계약복구,,2019-08-10,2020-07-01,3480000,대구광역시 달성군
대구광역시,달성군,대구광역시 달성군 논공읍 논공로 242 북서편,35.723491,128.454329,2019-10-07,1.20,1.50,0.90,,하수관 손상,0,0,0,복구완료,연간단가계약복구,,2019-10-07,2020-07-01,3480000,대구광역시 달성군
대구광역시,달성군,대구광역시 달성군 논공읍 중앙로 355 남편,35.724276,128.442755,2019-10-11,0.56,0.70,0.60,,기타매설물 손상,0,0,0,복구완료,연간단가계약복구,,2019-10-11,2020-07-01,3480000,대구광역시 달성군
대구광역시,달성군,대구광역시 달성군 논공중앙로275 남편,35.734857,128.463348,2019-11-11,0.64,0.80,0.70,,하수관 손상,0,0,0,복구완료,연간단가계약복구,,2019-11-11,2020-07-01,3480000,대구광역시 달성군
경상북도,포항시,경상북도 포항시 남구 해도동 고속버스터미널 앞,36.027757,129.367067,2018-05-08,0.08,20,0.5,충적층,오피스텔 기초 기하연속벽(슬러리월) 누수로 인한 주변 지하수 및 토사유출로 도로 침하 발생,0,0,0,복구완료,지반보강(LW 8RHD) 그라우팅 시공포장(인도포함)복구 완료,,2018-09-18,2020-07-09,5020000,경상북도 포항시
경상북도,포항시,포항시 남구 이동 209-3번지,36.033418,129.334261,2019-10-03,4,5,3.5,기타,배수관 이음부 누수로 인한 토사 유출로 추정,0,0,0,복구완료,토사 유출부 되메우기 및 포장복구,,2019-10-03,2020-07-09,5020000,경상북도 포항시
인천광역시,중구,인천광역시 중구 항동7가 27-123 연안초등학교보도,37.452841,126.608408,2019-12-26,0.3,0.3,0.2,,노후 하수관 손상,0,0,0,복구완료,하수관 보수 후 포장복구 완료,3000000,2020-01-15,2020-07-02,3490000,인천광역시 중구
