사업소명,사업소전화번호,소재지도로명주소,소재지지번주소,위도,경도,트랙터및작업기보유대수,경운기및작업기보유대수,관리기및작업기보유대수,땅속작물수확기보유대수,탈곡기및정선작업기보유대수,자주형파종기보유대수,이앙작업기보유대수,벼수확및운반작업기보유대수,기타임대농기계보유정보,관리기관전화번호,관리기관명,데이터기준일자,제공기관코드,제공기관명
중부권,055-960-5299,경상남도 함양군 함양읍 고운로 539,경상남도 함양군 함양읍 백천리 405-1,35.5256023,127.7792646,39,12,14,9,10,2,0,0,46,055-960-5295,농업기술센터,2019-09-06,6480000,경상남도
산청 농기계임대사업소,055-970-7951,경상남도 산청군 산청읍 정곡척지로 3번길,경상남도 산청군 산청읍 병정리 326-1,35.402696592,127.900766987,120,14,32,28,26,0,0,2,0,055-970-7951,경상남도 산청군 농업기술센터,2019-09-06,6480000,경상남도
단성 농기계임대사업소,055-970-7961,경상남도 산청군 단성면 목화로 909,경상남도 산청군 단성면 사월리 22,35.2924418576,127.958154539,60,7,16,14,13,0,0,1,0,055-970-1961,경상남도 산청군 농업기술센터,2019-09-06,6480000,경상남도
남해군 농기계임대사업소,055-860-3928,경상남도 남해군 이동면 다정리 956,경상남도 남해군 이동면 남해대로 2465-3,,,21,23,10,7,3,2,0,3,0,055-860-3928,경상남도 남해군농업기술센터,2019-09-06,6480000,경상남도
하동군 남부권 농업기계 임대사업소,055-883-2686,경상남도 하동군 고전면 죽전길 9,경상남도 하동군 고전면 고하리 154-1,35.023506,127.8372753,45,12,9,8,4,1,0,4,0,055-880-2696,경상남도 하동군 농업기술센터,2019-09-06,6480000,경상남도
하동군 농업기계 임대사업소,055-880-2686,경상남도 하동군 적량면 한옥정길 90,경상남도 하동군 적량면 동산리 1830-1,35.078797,127.7689434,103,23,26,12,11,3,4,12,0,055-880-2696,경상남도 하동군 농업기술센터,2019-09-06,6480000,경상남도
고성군 농기계임대사업소,055-670-4238,경상남도 고성군 고성읍 남해안대로 2829-60,,34.9960151281,128.325766589,114,30,64,15,15,3,10,3,26,055-670-4238,경상남도 고성군 농업기계 임대사업소,2019-09-06,6480000,경상남도
삼척시농업기술센터 근덕본소,033-573-5546,강원도 삼척시 근덕면 맹방해변로49,강원도 삼척시 근덕면 교가리 424-85,37.3836310132,129.2290926729,50,9,78,17,12,6,2,4,농업용로우더(2)+충전분무기(3)+전동전지가위(3)+종자발아기(1)+그래플(3)등,033-570-4277,강원도 삼척시청,2019-06-05,4240000,강원도 삼척시
삼척시농업기술센터 남부지소,033-573-5548,강원도 삼척시 원덕읍 산양서원 1길16-36,강원도 삼척시 원덕읍 산양리 777-3,37.1407219616,129.285529435,38,5,40,5,10,0,2,2,농업용로우더(1)+충전분무기(3)+전동전지가위(2)+종자발아기(1)+그래플(1)등,033-570-4277,강원도 삼척시청,2019-06-05,4240000,강원도 삼척시
삼척시농업기술센터 서부지소,033-572-3015,강원도 삼척시 미로면 강원남부로3922,강원도 삼척시 미로면 하거노리 434,37.41162092,129.10718419,32,10,53,9,12,2,2,2,농업용로우더(1)+충전분무기(3)+전동전지가위(1)+그래플(3)등,033-570-4277,강원도 삼척시청,2019-06-05,4240000,강원도 삼척시
신의면농기계임대센터,061-271-9267,전라남도 신안군 신의면 가락길 12,전라남도 신안군 신의면 상태동리 602-1,34.590078,126.095175857,43,3,6,1,3,0,0,0,굴삭기,061-240-4161,농업기술센터,2019-07-01,5010000,전라남도 신안군
장산면농기계임대센터,061-271-2551,전라남도 신안군 장산면 헌터길 6,전라남도 신안군 장산면 대리 99-1,34.637954,126.146119,56,0,6,2,4,0,0,0,"굴삭기,양파정식기",061-240-4161,농업기술센터,2019-07-01,5010000,전라남도 신안군
안좌면농기계임대센터,061-275-6716,전라남도 신안군 안좌면 중부로 692,전라남도 신안군 안좌면 대척리 685-1,34.7413625182,126.131589,60,0,8,2,4,0,0,0,"굴삭기,양파,대파정식기",061-240-4161,농업기술센터,2019-07-01,5010000,전라남도 신안군
팔금면농기계임대센터,061-240-4178,전라남도 신안군 팔금면 삼층석탑길 145,전라남도 신안군 팔금면 읍리 417-1,34.7849580,126.1422301,53,1,6,2,3,0,0,2,"굴삭기,양파,대파정식기, 대파파종기",061-240-4161,농업기술센터,2019-07-01,5010000,전라남도 신안군
암태면농기계임대센터,061-240-4106,전라남도 신안군 암태면 승봉로 12,전라남도 신안군 암태면 단고리 968-4,34.8262157,126.1122264,59,0,7,2,3,0,0,2,"굴삭기,양파,대파정식기, 대파파종기",061-240-4161,농업기술센터,2019-07-01,5010000,전라남도 신안군
농기계임대 상서분소,033-442-2688,강원도 화천군 상서면 장촌리길 141,강원도 화천군 상서면 장촌리 869-3,38.140589,127.654992,32,3,20,2,4,0,1,2,17,033-440-2991,강원도 화천군청,2018-08-10,4310000,강원도 화천군
장흥군농업기계임대사업소,061-863-9088,전라남도 장흥군 잣두길 8,전라남도 장흥군 장흥읍 행원리 982-5,34.6921218159,126.901301768,73,2,17,9,7,13,3,1,63,061-863-0558,장흥군농업기술센터,2019-06-24,4910000,전라남도 장흥군
비금면농기계임대센터,061-275-7878,전라남도 신안군 비금면 서남문로 811,전라남도 신안군 비금면 덕산리 145-43,34.7505548,125.930303,65,1,6,3,5,0,0,0,"굴삭기,양파,대파정식기, 대파파종기",061-240-4161,농업기술센터,2019-07-01,5010000,전라남도 신안군
도초면농기계임대센터,061-240-4953,전라남도 신안군 도초면 서남문로 1527,전라남도 신안군 도초면 수항리324-2,34.7024659791,125.954790908,55,1,6,1,4,0,0,2,굴삭기,061-240-4161,농업기술센터,2019-07-01,5010000,전라남도 신안군
하의면농기계임대센터,061-275-4050,전라남도 신안군 하의면 곰실길 12,전라남도 신안군 하의면 웅곡리 250-2,34.6069448,126.0366692,43,2,6,2,4,0,1,0,굴삭기,061-240-4161,농업기술센터,2019-07-01,5010000,전라남도 신안군
농기계임대 간동분소,033-441-8484,강원도 화천군 간동면 온수길23-15,강원도 화천군 간동면 유촌리 1533-4,38.052722,127.790748,40,4,36,2,6,0,2,4,47,033-440-2991,강원도 화천군청,2018-08-10,4310000,강원도 화천군
농기계임대 하남분소,033-441-1400,강원도 화천군 하남면 공단길 10,강원도 화천군 하남면 원천리999,38.055386,127.668947,25,3,11,1,3,0,1,2,13,033-440-2991,강원도 화천군청,2018-08-10,4310000,강원도 화천군
공주시농업기계임대사업소(남부지소),041-840-8725,충청남도 공주시 이인면 구부내로 321,충청남도 공주시 이인면 반송리 421-12,36.3520067460,127.0960324708,72,9,17,14,12,1,3,0,43,041-840-8720,공주시농업기술센터,2019-09-25,4500000,충청남도 공주시
공주시농업기계임대사업소(본소),041-840-8720,충청남도 공주시 우성면 내산목천길 52-15,충청남도 공주시 우성면 도천리 1-2,36.4929714636,127.1002240974,132,22,27,25,35,1,7,0,96,041-840-8720,공주시농업기술센터,2019-09-25,4500000,충청남도 공주시
김화권역임대사업소,033-450-5540,강원도 철원군 서면 약수로25,강원도 철원군 서면 와수리580-1,38.246561,127.429487,120,6,79,9,21,3,5,14,91,033-450-5540,김화임대사업소,2019-07-10,4300000,강원도 철원군
용인시 농기계임대사업소,031-324-4073,경기도 용인시 처인구 원삼면 농촌파크로 80,경기도 용인시 처인구 원삼면 사암리 858-1,37.172639,127.298991,47,4,36,16,8,0,0,0,17,031-324-4073,농업기술센터,2019-04-10,4050000,경기도 용인시
농업기술센터,061-240-4161,전라남도 신안군 압해읍 압해로 1042,전라남도 신안군 압해읍 동서리 525,34.8608226,126.2991075,81,0,6,4,6,0,1,0,"굴삭기,양파정식기",061-240-4161,농업기술센터,2019-07-01,5010000,전라남도 신안군
지도읍농기계임대센터,061-275-7997,전라남도 신안군 지도읍 봉리길 112,전라남도 신안군 지도읍 광정리 1040,35.0635739,126.2062759,64,0,6,2,4,0,0,2,"굴삭기,양파정식기",061-240-4161,농업기술센터,2019-07-01,5010000,전라남도 신안군
증도면농기계임대센터,061-271-1158,전라남도 신안군 증도면 문중경길 227-28,전라남도 신안군 증도면 증동리 1971-2,34.9992428528,126.138593,57,0,8,2,3,0,0,0,"굴삭기,양파,대파정식기, 대파파종기",061-240-4161,농업기술센터,2019-07-01,5010000,전라남도 신안군
임자면농기계임대센터,061-240-4951,전라남도 신안군 임자면 임자로 113-4,전라남도 신안군 임자면 진리 431-35,35.0846543,126.109946,66,0,6,3,4,0,0,0,"굴삭기,양파,대파정식기, 대파파종기",061-240-4161,농업기술센터,2019-07-01,5010000,전라남도 신안군
자은면농기계임대센터,061-240-4088,전라남도 신안군 자은면 구영길 378-1,전라남도 신안군 자은면 구영리 378-1,34.8833176251,126.047683,67,1,9,1,4,0,0,0,"굴삭기,양파,대파정식기, 대파파종기",061-240-4161,농업기술센터,2019-07-01,5010000,전라남도 신안군
영월군 농기계임대사업소,033-370-2277,강원도 영월군 영월로 1315,,,,333,29,48,41,106,3,47,0,156,033-370-2277,영월군 농업기술센터,2018-08-27,4270000,강원도 영월군
당진시 농업기술센터 본소,041-360-6382,충청남도 당진시 원당동 구봉로 46,충청남도 당진시 원당동 486,36.913507,126.649889,2,4,34,67,59,0,0,0,총 72종 447대,041-1522-3113,충청남도 당진시청,2018-08-27,5680000,충청남도 당진시
당진시 농업기술센터 남부지소,041-360-6421,충청남도 당진시 합덕읍 면천로 1578-2,충청남도 당진시 합덕읍 운산리 678-62,36.811781,126.761161,2,0,12,35,51,0,0,0,총 45종 256대,041-1522-3113,충청남도 당진시청,2018-08-27,5680000,충청남도 당진시
당진시 농업기술센터 북부지소,041-360-6611,충청남도 당진시 석문면 대호로 1479-2,충청남도 당진시 석문면 삼봉리 1124-3,37.007432,126.530858,2,3,21,21,24,0,0,0,총 49종 219대,041-1522-3113,충청남도 당진시청,2018-08-27,5680000,충청남도 당진시
농기계임대사업소,033-680-3938,강원도 고성군 간성읍 간성북로 87,,38.386413,128.473677,3,93,187,34,72,67,3,43,66,033-680-3528,고성군농업기술센터,2018-08-21,4340000,강원도 고성군
농기계임대 화천본소,033-441-6258,강원도 화천군 화천읍 산천어길206,강원도 화천군 화천읍 신읍리659-3,38.113965,127.702207,85,10,39,15,22,0,8,9,83,033-440-2991,강원도 화천군청,2018-08-10,4310000,강원도 화천군
농기계임대 사내분소,033-441-9494,강원도 화천군 사내면 창안산길34,강원도 화천군 사내면 사창리410-2,38.073008,127.524624,42,1,23,1,9,0,1,2,33,033-440-2991,강원도 화천군청,2018-08-10,4310000,강원도 화천군
신동분소,033-562-1222,강원도 정선군 신동읍 의림로 420,강원도 정선군 신동읍 예미리 319-2,37.227516,128.650589,11,0,5,0,16,0,0,0,6,033-560-2554,정선군농업기술센터,2019-06-30,4290000,강원도 정선군
임계분소,033-560-2696,강원도 정선군 임계면 송계4길 24,강원도 정선군 임계면 송계리 955,37.495999,128.852916,40,3,33,6,25,10,4,0,20,033-560-2554,정선군농업기술센터,2019-06-30,4290000,강원도 정선군
본소,033-562-1222,강원도 정선군 북평면 송석길 146-7,강원도 정선군 북평면 남평리 412-1,37.430412,128.664732,58,2,46,6,62,10,5,2,34,033-560-2554,정선군농업기술센터,2019-06-30,4290000,강원도 정선군
양양군농업기술센터 북부지소,033-673-2958,강원도 양양군 강현면 진미로54번길 68,강원도 양양군 강현면 정암리 561-1,,,11,2,6,1,5,0,5,3,26,033-670-2478,강원도 양양군청,2019-08-12,4350000,강원도 양양군
의령농기계임대사업소,055-570-4189,경상남도 의령군 의령읍 의령읍 의합대로 69,경상남도 의령군 의령읍 의령읍 무전리 249-7,35.323513,128.281739,102,16,7,68,24,11,0,3,131,055-570-4260,경상남도 의령군농업기술센터,2019-07-04,5390000,경상남도 의령군
중부농기계임대사업소,055-572-4125,경상남도 의령군 정곡면 법정로1길 6,경상남도 의령군 정곡면 정곡면 백곡리 952,35.343937,128.361169,56,7,4,24,10,6,0,3,69,055-570-4260,경상남도 의령군농업기술센터,2019-07-04,5390000,경상남도 의령군
동부농기계임대사업소,055-570-4188,경상남도 의령군 부림면 한지31길 6,경상남도 의령군 부림면 신반리 160-11,35.464644,128.321634,80,9,3,17,10,5,0,3,62,055-570-4260,경상남도 의령군농업기술센터,2019-07-04,5390000,경상남도 의령군
동송권역임대사업소,033-450-5548,강원도 철원군 동송읍 장흥로311,강원도 철원군 동송읍 장흥리 1052,38.203042,127.248856,107,2,39,7,34,1,8,15,70,033-450-5548,동송임대사업소,2019-07-10,4300000,강원도 철원군
갈말권역임대사업소,033-450-5681,강원도 철원군 갈말읍 태봉로1500-9,강원도 철원군 문혜리623-3,38.184841,127.351444,87,2,45,7,30,6,6,8,73,033-450-5681,갈말임대사업소,2019-07-10,4300000,강원도 철원군
전주시농업기계 임대사업소,063-281-6721,전라북도 전주시 덕진구 원장동길 111-17,전라북도 전주시 덕진구 장동 452-32,35.850848,127.062411,33,5,14,7,10,2,0,0,파이프밴딩기(2)+전동가위(3)+전동가위연장폴대(1)+논두렁제초기(3)+비료살포기 엔진형(1)+엽무살포기 엔진형(2)+동력운반차(2)+잔가지파쇄기(2)+SS퇴비살포기(1)+농업용 굴삭기(2)+승용제초기(2),063-281-6721,전라북도 전주시청,2018-08-09,4640000,전라북도 전주시
북부임대사업소,054-270-3902,경상북도 포항시 북구 흥해읍 신흥로 572,경상북도 포항시 북구 흥해읍 매산리 16-1번지,36.1135775486,129.304927526,45,0,12,7,15,3,0,2,"탈망기,퇴비살포기,파이프맨딩기,농용굴삭기,굴착기,이식기,승용제초기,잔가지파쇄기 등 14종 29대",054-270-3933,포항시 농업기술센터,2019-08-20,5020000,경상북도 포항시
서부임대사업소,054-270-4831,경상북도 포항시 북구 기계면 봉좌로 383번길 32-43,경상북도 포항시 북구 기계면 인비리 784번지,36.0840050806,129.156991294,9,0,6,2,7,0,0,2,"퇴비살포기,농용굴삭기,이식기,승용제초기,잔가지파쇄기,동력예초기 등 7종 15대",054-270-3934,포항시 농업기술센터,2019-08-20,5020000,경상북도 포항시
순천시농업기술센터 북부 농기계임대사업장,061-749-4681,전라남도 순천시 승주읍 승주로 628,전라남도 순천시 승주읍 서평리 555,35.015808,127.3791655,38,2,22,5,11,1,5,4,64,061-749-8700,전라남도 순천시청,2019-08-28,4820000,전라남도 순천시
순천시농업기술센터 남부 농기계임대사업장,061-749-4888,전라남도 순천시 지현길 96,전라남도 순천시 덕월동 377,34.930509,127.4913300,45,2,25,6,12,1,3,5,57,061-749-8700,전라남도 순천시청,2019-08-28,4820000,전라남도 순천시
양양군농업기술센터 본소,033-670-2758,강원도 양양군 손양면 동해대로 2558,강원도 양양군 손양면 송현리 278,,,25,2,14,2,17,1,12,13,62,033-670-2478,강원도 양양군청,2019-08-12,4350000,강원도 양양군
양양군농업기술센터 남부지소,070-8824-2478,강원도 양양군 현남면 북죽로 179,강원도 양양군 현남면 두리 159-2,,,16,2,7,1,7,1,9,8,28,033-670-2478,강원도 양양군청,2019-08-12,4350000,강원도 양양군
중화분소,054-537-5356,경상북도 상주시 화서면 화령남1길 2,경상북도 상주시 화서면 신봉리 127-6,36.444125,127.953158784,61,9,9,12,17,0,0,0,ss퇴비살포기(6)+감박피기및작업기(8)+농업용굴착기(2)+동력배토기(3)+보행제초기(4)+승용제초기(6)+인력파종기(4)+잔가지파쇄기(13)+콩수확기(2)+탈망기(2),054-537-5322,경상북도 상주시청,2019-05-27,5110000,경상북도 상주시
광산임대사업소,062-613-5328,광주광역시 광산구 평동로 800번길 52,광주광역시 광산구 옥동 251-3,35.1229648,126.7598378,58,16,36,12,14,3,1,0,79,062-613-5303,광주광역시농업기술센터,2019-05-29,6290000,광주광역시
북부임대사업소,062-575-5745,광주광역시 북구 용강길 126,광주광역시 북구 용강동 332-1,35.2523012363,126.905541426,55,15,32,10,12,2,3,0,61,062-613-5302,광주광역시농업기술센터,2019-05-29,6290000,광주광역시
농업기술센터,055-831-3880,경상남도 사천시 용현면 진삼로 902,,,,4,9,9,8,10,4,0,0,192,055-831-3880,농업기술센터 기술지원과,2019-04-03,5340000,경상남도 사천시
농기계임대사업소,041-950-6651,충청남도 서천군 마서면 장서로 689,충청남도 서천군 마서면 계동리 88-10,36.06226184,126.7060101,151,10,57,19,25,0,2,0,104,041-950-6651,충청남도 서천군농업기술센터,2019-09-26,4580000,충청남도 서천군
원주시농업기술센터 본소,033-737-4164,강원도 원주시 흥업면 흥대길 7,강원도 원주시 흥업면 흥업리 1572-5,37.2962240,127.9153733,22,4,17,19,13,5,10,11,농용굴삭기(1)+동력분무기(1)+제초기(5)+사료작물수확기(1)+심토파쇄기(1)+스피드스프레이어(1)+잔가지파쇄기(3)+전동가위(3)+전엽기(1)+중경제초기(1)+콩예취기(4)+파이프밴딩성형기(1)+인력파종기(4)+햄머드릴(1),033-737-4161,강원도 원주시청,2019-05-29,4190000,강원도 원주시
남부임대사업소,054-270-4835,경상북도 포항시 남구 오천읍 철강로 799,경상북도 포항시 남구 오천읍 문덕리 51-6번지,35.961757,129.413823833,36,0,9,5,11,3,0,2,"탈망기,퇴비살포기,파이프맨딩기,농용굴삭기,굴착기,이식기,승용제초기,잔가지파쇄기 등 8종 15대",054-270-3932,포항시 농업기술센터,2019-08-20,5020000,경상북도 포항시
횡성군농기계임대사업소,033-340-5532,강원도 횡성군 공근면 영서로 150,강원도 횡성군 공근면 학담리 775,37.5284426,127.9616494,164,25,32,11,34,4,9,0,74,033-340-5532,강원도 횡성군농업기술센터,2019-06-13,4260000,강원도 횡성군
상주시농업기술센터 본소,054-537-5325,경상북도 상주시 발산로 71,경상북도 상주시 초산동 720-1,36.452944,128.168009,252,12,28,36,55,0,0,0,ss퇴비살포기(8)+감박피기및작업기(16)+농업용굴착기(14)+농용동력운반차(5)+인력파종기(8)+동력배토기(5)+동력채소이식기(6)+목재파쇄기(3)+보행제초기(13)+승용제초기(20)+육묘용산파파종기(5)+잔가지파쇄기(30)+콩수확기(11)+탈망기(4)+자주형퇴비살포기(7)+휴대용전동가위(15),054-537-5322,경상북도 상주시청,2019-05-27,5110000,경상북도 상주시
동부분소,054-537-5344,경상북도 상주시 낙동면 신상1길 109,경상북도 상주시 낙동면 신상리 466-1,36.405048,128.238554,59,8,16,15,15,0,0,0,ss퇴비살포기(3)+감박피기및작업기(4)+농업용굴착기(3)+보행제초기(6)+승용제초기(5)+잔가지파쇄기(6)+휴대용전동가위(8),054-537-5322,경상북도 상주시청,2019-05-27,5110000,경상북도 상주시
서부분소,054-537-5353,경상북도 상주시 모서면 중화로 845,경상북도 상주시 모서면 삼포리 350-2,36.338576,127.962367,49,4,5,6,14,0,0,0,ss퇴비살포기(5)+감박피기및작업기(9)+농업용굴착기(3)+농용동력운반차(1)+보행제초기(4)+승용제초기(5)+잔가지파쇄기(13)+휴대용전동가위(9),054-537-5322,경상북도 상주시청,2019-05-27,5110000,경상북도 상주시
남부분소,054-537-5350,경상북도 상주시 공성면 남상주로 512,경상북도 상주시 공성면 평천리 631,36.290366,128.099313,57,4,12,8,17,0,0,0,농업용굴착기(3)+농용운반사다리(10)+감박피기(2)+컴프레셔(6)+다목적점파기(3)+승강기(2)+풍구(1)+휴대용전동가위(4)+동력배토기(2),054-537-5322,경상북도 상주시청,2019-05-27,5110000,경상북도 상주시
북부분소,054-537-5341,경상북도 상주시 이안면 양범안룡길 90,경상북도 상주시 이안면 양범리 87-3,36.581808,128.142064,68,8,17,20,41,0,0,0,ss퇴비살포기(4)+감박피기및작업기(9)+농업용굴착기(3)+보행제초기(4)+승용제초기(5)+잔가지파쇄기(4)+콩수확기(8)+휴대용전동가위(4),054-537-5322,경상북도 상주시청,2019-05-27,5110000,경상북도 상주시
영동군농업기술센터(서부지소),043-740-5917,충청북도 영동군 학산면 서산로 88,충청북도 영동군 학산면 서산리 844-1,36.0997228,127.6812039,27,3,22,4,9,0,1,0,"농용굴삭기(5)+동력분무기(1)+동력비료살포기(2)+동력운반차(5)+잔가지파쇄기(6)+제초기(승용,보행)(5)+콩예취기(2)+퇴비살포기(보행,승용)(3)+파이프밴딩성형기(1)+SS기(3)+지주목설치기(2)+휴대용자동전동가위(2)+비닐피복기(인력)(1)+파종기(인력)(10)+배합기(1)+지게차(1)",043-740-5551,충청북도 영동군,2018-02-23,4440000,충청북도 영동군
농기계임대사업소,055-359-6995,경상남도 밀양시 상남면 상남로 1008-19,,35.344255,129.035797,127,19,4,12,22,19,0,2,84,055-359-6995,농기계 임대사업소,2017-11-08,5360000,경상남도 밀양시
창원시(마산권)농기계임대사업소,055-225-5638,경상남도 창원시 마산합포구 진북면 지산1길 130,경상남도 창원시 마산합포구 진북면 지산리 262-9번지,35.115024,128.4614477,39,1,5,4,4,0,0,8,25,055-225-5610,경상남도 창원시청,2019-09-06,6480000,경상남도
보령시 농업기술센터 농기계대여은행(본소),041-930-7686,충청남도 보령시 주포면 충서로 3220,충청남도 보령시 주포면 관산리 432,36.3969456,126.5725995,38,4,12,8,23,0,9,0,53,041-930-7686,충청남도 보령시 농업기술센터,2019-09-05,4510000,충청남도 보령시
보령시 농업기술센터 농기계대여은행(남부지소),041-930-7697,충청남도 보령시 웅천읍 장터7길 30,충청남도 보령시 웅천읍 대창리 349-5,36.233105,126.596392,21,3,7,7,10,0,5,0,38,041-930-7697,충청남도 보령시 농업기술센터,2019-09-05,4510000,충청남도 보령시
곡성군농업기계 임대사업,061-360-7496,전라남도 곡성군 곡성읍 학정3길 9,전라남도 곡성군 곡성읍 교촌리 20,35.283582,127.288409,56,2,17,11,17,11,13,10,60,061-360-7496,곡성군농업기술센터,2019-06-27,4860000,전라남도 곡성군
원주시농업기술센터 서부분소,033-737-4105,강원도 원주시 문막읍 건등로 11,강원도 원주시 문막읍 건등리 1718,37.3127648,127.8172560,21,3,12,5,13,2,9,9,곡물적재함(1)+농용굴삭기(1)+농용로우더(1)+농업용운반차(1)+동력분무기(1)+스피드스프레이어(1)+SS퇴비살포기(1)+잔가지파쇄기(2)+전동가위(1)+보행제초기(2)+중경제초기(1)+파이프밴딩기(1)파종기(4),033-737-4105,강원도 원주시청,2019-05-29,4190000,강원도 원주시
원주시농업기술센터 남부분소,033-737-4417,강원도 원주시 신림면 치악로 28-9,강원도 원주시 신림면 신림리 526,37.2312366755,128.0798845357,11,1,11,5,11,1,3,4,농용굴삭기(1)+농용로우더(1)+동력분무기(1)+SS퇴비살포기(1)+잔가지파쇄기(1)+전동가위(1)+중경제초기(1)+제초기(3)+파종기(4)+햄머드릴(1),033-737-4417,강원도 원주시청,2019-05-29,4190000,강원도 원주시
원주시농업기술센터 동부분소,033-737-4656,강원도 원주시 소초면 치악로 2810-5,강원도 원주시 소초면 평장리 808,37.4183010624,128.0045808065,17,3,11,5,10,1,6,9,농업용굴삭기(1)+농업용운반차(1)+농용로우더(1)+동력분무기(1)+중경제초기(1)+제초기(4)+스피드스프레이어(1)+잔가지파쇄기(2)+콩예취기(3)+전동가위(2),033-737-4656,강원도 원주시청,2019-05-29,4190000,강원도 원주시
횡성군농기계임대사업소 동부지소,033-340-5536,강원도 횡성군 둔내면 고원남로 38,강원도 횡성군 둔내면 자포곡리 463-75,37.5069944415,128.2125459,59,21,19,5,18,1,2,0,24,033-340-5532,강원도 횡성군농업기술센터,2019-06-13,4260000,강원도 횡성군
양산시농기계임대사업소,055-392-5316,경상남도 양산시 동면 양산대로 618,경상남도 양산시 동면 석산리 392,35.3235409885,129.0335943706,49,3,19,7,5,1,1,1,굴삭기 등 자주형 농기계 24대,055-392-5313,양산시 농정과,2019-09-11,5380000,경상남도 양산시
농기계임대사업소,053-810-6732,경상북도 경산시 자인면 계정길 7,경상북도 경산시 자인면 북사리 502,35.8166344026,128.813094717,64,42,45,23,52,36,0,0,310,053-810-6732,경상북도 경산시 농업기술센터,2019-09-10,5130000,경상북도 경산시
안동시농업기술센터 농기계 임대사업소,054-840-5674,경상북도 안동시 경동로 1462-28,경상북도 안동시 송천동 1319-68,36.538284,128.801832,53,24,29,42,18,11,0,3,74,054-840-5673,경상북도 안동시청,2019-09-06,5070000,경상북도 안동시
안동시농업기술센터 농기계 임대사업소 (서부분소),054-859-6501,경상북도 안동시 풍산태사로 948-16,경상북도 안동시 풍산읍 안교리 539-5,36.580901,128.561005,42,2,29,16,6,10,0,1,24,054-859-6501,경상북도 안동시청,2019-09-06,5070000,경상북도 안동시
안동시농업기술센터 농기계 임대사업소 (북부분소),054-859-6801,경상북도 안동시 와룡면 퇴계로 1281,경상북도 안동시 와룡면 가야리 988-2,36.653543,128.770270,48,3,24,20,6,10,0,1,21,054-859-6801,경상북도 안동시청,2019-09-06,5070000,경상북도 안동시
농업기술센터,061-430-3677,전라남도 강진군 진흥로 진흥로 85,,34.6443884,126.7877283,59,0,13,14,14,0,3,0,72,061-430-3677,강진군농기계임대사업장,2019-09-09,4920000,전라남도 강진군
합천군농기계대여은행,055-930-3666,경상남도 합천군 용주면 고품부흥1길 7,경상남도 합천군 용주면 고품리 910-305,35.5521022708,128.112419524,41,36,20,39,45,44,0,4,571,055-930-3666,합천군,2019-09-06,6480000,경상남도
농기계임대사업소,055-940-8218,경상남도 거창군 거함대로3322,경상남도 거창군 대평리1359-19,,,46,39,77,27,23,0,5,0,164,055-940-8211,거창군농업기술센터,2019-09-06,6480000,경상남도
남부권,055-960-5570,경상남도 함양군 휴천면 천왕봉로 2426,경상남도 함양군 휴천면 남호리 370-4,35.438406,127.765339,15,10,13,7,5,0,0,0,22,055-960-5295,농업기술센터,2019-09-06,6480000,경상남도
북부권,055-960-5297,경상남도 함양군 안의면 거함대로 1712,경상남도 함양군 안의면 교북리 37,35.634185,127.815219,29,10,13,8,5,0,0,0,44,055-960-5295,농업기술센터,2019-09-06,6480000,경상남도
횡성군농기계임대사업소 서부지소,033-340-5529,강원도 횡성군 서원면 서원로 454,강원도 횡성군 서원면 압곡리271,37.4892254834,127.881384297,21,9,15,4,13,1,2,0,24,033-340-5532,강원도 횡성군농업기술센터,2019-06-13,4260000,강원도 횡성군
영동군농업기술센터(본소),043-740-5552,충청북도 영동군 영동읍 학산영동로 1065,충청북도 영동군 영동읍 부용리 610,36.1634962,127.7503925,114,17,72,26,31,2,6,6,"농용굴삭기(8)+동력분무기(4)+동력비료살포기(3)+동력운반차(14)+잔가지파쇄기(10)+목재파쇄기(1)+제초기(승용,보행)(27)+콩예취기(5)+퇴비살포기(보행,승용)(10)+파이프밴딩성형기(4)+SS기(9)+감박피기(7)+동력배토기(2)+인삼이식기(5)+인삼탈피기(1)+지주목설치기(5)+휴대용자동전동가위(14)+비닐피복기(인력)(2)+파종기(인력)(17)+사료작물수확기(1)+지게차(2)+계분건조기(1)+과실수확기(1)+풍구(2)+농용로더(1)+기타(1)",043-740-5551,충청북도 영동군,2018-02-23,4440000,충청북도 영동군
영동군농업기술센터(남부지소),043-740-5556,충청북도 영동군 매곡면 민주지산로 3894,충청북도 영동군 매곡면 노천리 379-1,36.2157715,127.9182609,32,2,28,3,5,0,1,0,"농용굴삭기(6)+동력분무기(3)+동력비료살포기(2)+동력운반차(3)+잔가지파쇄기(4)+제초기(승용,보행)(6)+콩예취기(2)+퇴비살포기(보행,승용)(3)+파이프밴딩성형기(1)+SS기(2)+지주목설치기(2)+휴대용자동전동가위(4)+파종기(인력)(5)+탈망기(1)+비닐피복기(인력)(1)+지게차(1)+기타(2)",043-740-5551,충청북도 영동군,2018-02-23,4440000,충청북도 영동군
농기계임대사업장,055-831-3880,경상남도 사천시 용현면 진삼로 902,경상남도 사천시 용현면 신복리 500번지,,,20,10,10,12,22,8,1,6,141,055-831-3880,사천시농업기술센터,2019-09-06,6480000,경상남도
장연농기계임대사업소,043-833-2738,충청북도 괴산군 장연면 연풍로 448,,36.7814271172,127.9247502505,47,11,25,11,22,3,0,0,31,043-833-2738,괴산군 농업기술센터,2020-06-24,4460000,충청북도 괴산군
창원지도과 농기계임대사업소,055-225-5516,경상남도 창원시 의창구 동읍 봉강가술로 71,경상남도 창원시 의창구 동읍 봉강가술로 71,34.115024,127.461591,41,0,16,4,12,3,2,11,24,055-225-5515,경상남도 창원시청,2019-09-06,6480000,경상남도
하동군농업기계임대사업소,055-880-2686,경상남도 하동군 적량면 한옥정길 90,경상남도 하동군 적량면 동산리 1830-1,,,2,7,15,11,8,9,2,0,,055-880-2696,경상남도 하동군청,2019-06-16,5440000,경상남도 하동군
횡성군농기계임대사업소 북부지소,033-340-5527,강원도 횡성군 갑천면 청정로 295,강원도 횡성군 갑천면 매일리 627-7,37.5606576,128.110418,20,11,15,5,14,1,3,0,24,033-340-5532,강원도 횡성군농업기술센터,2019-06-13,4260000,강원도 횡성군
횡성군농기계임대사업소 남부지소,033-340-5525,강원도 횡성군 안흥면 안흥동2길 119,강원도 횡성군 안흥면 안흥리 1088-1,37.404789,128.150836,21,11,15,4,13,1,2,0,25,033-340-5532,강원도 횡성군농업기술센터,2019-06-13,4260000,강원도 횡성군
농업기술센터,041-630-9129,충청남도 홍성군 홍성읍 내포로 230,충청남도 홍성군 홍성읍 옥암리 420-4,36.5922500931,126.6451646210,231,17,45,12,44,36,6,2,50,041-630-9129,농업기술센터,2019-09-18,4600000,충청남도 홍성군
임대사업장(칠서),055-580-4492,경상남도 함안군 칠서면 회산길 108,경상남도 함안군 칠서면 회산리 34-3,,,55,5,8,4,14,0,0,1,44,055-580-4401,함안군농업기술센터,2019-09-06,6480000,경상남도
임대사업소(가야),055-580-4482,경상남도 함안군 가야읍 삼봉로 422,경상남도 함안군 가야읍 묘사리 910,35.290987,128.381365764,82,5,18,9,16,1,0,1,57,055-580-4401,함안군농업기술센터,2019-09-06,6480000,경상남도
동부농기계임대사업소,055-570-4188,경상남도 의령군 부림면 한지31길 6,경상남도 의령군 부림면 신반리 160-11,35.4638136676,128.321740734,83,7,3,12,7,0,0,1,29,055-570-4120,경상남도 의령군농업기술센터,2019-09-06,6480000,경상남도
중부농기계임대사업소,055-572-4125,경상남도 의령군 정곡면 법정로1길 6,경상남도 의령군 정곡면 정곡면 백곡리 952,35.3442420927,128.360880062,58,4,4,8,6,0,0,1,24,055-570-4120,경상남도 의령군농업기술센터,2019-09-06,6480000,경상남도
의령농기계임대사업소,055-570-4189,경상남도 의령군 의령읍 의령읍 의합대로 69,경상남도 의령군 의령읍 의령읍 무전리 249-7,35.323513,128.281739,167,9,7,25,16,0,0,2,93,055-570-4120,경상남도 의령군농업기술센터,2019-09-06,6480000,경상남도
양산시농업기계임대사업소,055-392-5316,경상남도 양산시 동면 양산대로 618,경상남도 양산시 동면 석산리 392,35.3235409885,129.0335943706,49,1,2,5,4,0,1,1,20,055-392-5313,양산시농업기술센터,2019-09-06,6480000,경상남도
거제시농기계임대사업소,055-639-6453,경상남도 거제시 거제남서로 3577,경상남도 거제시 서정리 976-13,,,35,10,18,0,5,6,2,0,26,055-639-6453,거제시농업기술센터,2019-09-06,6480000,경상남도
하동군 동부권 농업기계 임대사업소,055-884-2688,경상남도 하동군 북천면 금천길 21,경상남도 하동군 북천면 직전리 556-10,35.115319,127.8920421,45,8,14,5,3,0,0,3,0,055-880-2696,경상남도 하동군 농업기술센터,2019-09-06,6480000,경상남도
밀양시 농기계임대사업소,055-359-6995,경상남도 밀양시 상남면 상남로1008-19,경상남도 밀양시 상남면 기산리1010,35.4469558422,128.75685321,138,18,4,12,20,10,0,2,87,055-359-6995,밀양시청,2019-09-06,6480000,경상남도
김해시농기계임대사업소,055-330-4318,경상남도 김해시 전하로198번길 102,경상남도 김해시 전하동 900번지,35.2134571409,128.87038003,12,3,15,11,13,11,0,0,205,055-330-4319,김해시농업기술센터 농축산과 농기계임대사업장,2019-09-06,6480000,경상남도
하동군동부권농업기계임대사업소,070-8994-2665,경상남도 하동군 북천면 금천길 21,경상남도 하동군 북천면 직전리 556-10,,,2,4,4,4,2,0,2,0,,055-880-2696,경상남도 하동군청,2019-06-16,5440000,경상남도 하동군
창원시(마산권)농기계임대사업소,055-225-5638,경상남도 창원시 마산합포구 진북면 지산1길 130,경상남도 창원시 마산합포구 진북면 지산리 262-10,35.11502451,128.4615919,45,2,6,6,5,0,0,8,굴삭기(2)+다목적살포기(5)+비닐피복기(4)+인력파종기(4)+동력분무기(2)+전동가위(3)+동력제초기(2)+예취기(2)+목재파쇄기(3)+고소작업차(2)+동력운반차(1)+육묘상자이송기(6)+이식기(4),055-225-5638,경상남도 창원시청,2020-07-14,5670000,경상남도 창원시
창원기술지원과 농기계임대사업소,055-225-5526,경상남도 창원시 의창구 동읍 봉강가술로 70,경상남도 창원시 의창구 동읍 봉곡리 176-1,35.35289845,128.664357,48,0,44,7,13,5,0,0,논두렁제초기(2)+살분무기(3)+광역살포기(2)+탈망기(1)+콩수확기(2)+콩콤바인(1)+동력비닐피복기(4)+스키드로드(3)+SS기(5)+제초기(9)+과수박피기(6)+화수분기(5)+파이프성형밴딩기(3)+고추세척기(2)+농용굴삭기(5)+동력예취기(3)+굴착기(1)+승용운반차(13)+돌수집기(1),055-225-5526,경상남도 창원시청,2020-07-14,5670000,경상남도 창원시
여주시농업기술센터 농기계임대은행,031-887-3714,경기도 여주시 농산로71,경기도 여주시 상거동 5-5,37.2537575010,127.6377736025,98,9,25,23,34,2,2,0,승용보행예초기(23)+광역살포기(1)+굴삭기(5)+동력분무기(7)+로더(1)+운반차(1)+이식기(2)+인삼파종기(2)+비닐피복기(15)+잔가지파쇄기(1)+콩참깨수확기(6)+미니트랙터(1)+파이프정형기(5)+인력파종기(20),031-887-3714,경기도 여주시청,2020-07-23,5700000,경기도 여주시
농기계임대사업소(본소),054-931-8272,경상북도 성주군 대가면 참별로 2479,경상북도 성주군 대가면 옥성리 197,35.91568328,128.2529061,52,7,7,6,11,0,0,0,22,054-933-1621,경상북도 성주군 농업기술센터,2020-07-10,5210000,경상북도 성주군
농기계임대사업소(서부분소),054-930-8088,경상북도 성주군 수륜면 참별로 1363,경상북도 성주군 수륜면 수성리 184,35.86809217,128.1830156,41,7,5,6,12,1,0,0,20,054-933-1621,경상북도 성주군 농업기술센터,2020-07-10,5210000,경상북도 성주군
농기계임대사업소(동부분소),054-930-8025,경상북도 성주군 초전면 문덕로 417-5,경상북도 성주군 초전면 대장리 764,35.97262041,128.2607585915,36,3,4,4,3,0,0,0,19,054-933-1621,경상북도 성주군 농업기술센터,2020-07-10,5210000,경상북도 성주군
거제시농기계임대사업장,055-639-6453,경상남도 거제시 거제면 거제남서로 3577,경상남도 거제시 거제면 서정리 976-13,34.8565673818,128.5795960179,39,10,16,11,7,0,2,0,36,055-639-6453,거제시농업기술센터,2020-07-20,5370000,경상남도 거제시
광주시 농업기술센터 농기계 임대사업소,031-760-2236+,경기도 광주시 이배재로 209-5,경기도 광주시 목현동 42-1번지,37.4319456625,127.2343487533,2,5,14,12,10,1,3,3,씨앗파종기(2)+수동비닐피복기(6)+동력파종기(1)+탈망기(1)수동파종기(4)+줄기절단기(2)+차량탑제방제기(2),031-760-2253,경기도 광주시청,2020-07-01,5540000,경기도 광주시
농업기계 임대사업소 옥천분소,043-730-4915,충청북도 옥천군 옥천읍 옥천동이로 234,충청북도 옥천군 옥천읍 매화리 236-5,36.2992985960,127.5949260884,84,18,46,8,10,4,3,7,60,043-730-4915,농업기술센터,2020-07-15,4430000,충청북도 옥천군
농업기계 임대사업소 청산분소,043-730-4966,충청북도 옥천군 청산면 남부로 2257,충청북도 옥천군 청산면 지전리 343,36.3449585053,127.7859398423,63,12,23,9,7,1,3,0,41,043-730-4966,농업기술센터,2020-07-15,4430000,충청북도 옥천군
농업기계 임대사업소 안남분소,043-730-4929,충청북도 옥천군 안남면 화학3길 63,충청북도 옥천군 안남면 화학리 641,36.3779980715,127.6681358163,46,7,11,6,7,2,3,0,43,043-730-4929,농업기술센터,2020-07-15,4430000,충청북도 옥천군
청주시농업기술센터,043-201-3991,충청북도 청주시 상당구 남일면 단재로 480,충청북도 청주시 상당구 남일면 효촌리 92-2,36.58807606,127.5047678,360,52,166,137,197,0,44,23,484,043-201-3991,충청북도 청주시청,2020-07-17,5710000,충청북도 청주시
증평군 농업기술센터,043-835-3651,충청북도 증평군 증평읍 내룡길 69-50,충청북도 증평군 증평읍 사곡리 316,36.78196498,127.6121861,133,23,71,22,25,2,17,10,30,043-835-3675,충청북도 증평군청,2020-07-15,5570000,충청북도 증평군
정읍시 농기계임대사업소 본소,063-539-6286,전라북도 정읍시 정우면 정우남로 282,전라북도 정읍시 정우면 우산리 661,35.62260113,126.8954558,134,38,40,49,39,0,0,4,47종252대,063-539-6281,전라북도 정읍시청,2020-07-15,4690000,전라북도 정읍시
정읍시 농기계임대사업소 북부,063-539-6292,전라북도 정읍시 신태인읍 감곡로 42,전라북도 정읍시 신태인읍 백산리 산255,35.6955044182,126.8956745032,95,26,48,25,21,0,0,2,30종129대,063-539-6281,전라북도 정읍시청,2020-07-15,4690000,전라북도 정읍시
정읍시 농기계임대사업소 서남권,063-539-6294,전라북도 정읍시 소성면 보화1길 88,전라북도 정읍시 소성면 보화리 903-2,35.5539174809,126.7736200281,54,27,33,25,22,0,0,2,22종98대,063-539-6281,전라북도 정읍시청,2020-07-15,4690000,전라북도 정읍시
정읍시 농기계임대사업소 동부,063-539-6295,전라북도 정읍시 옹동면 빗재로 12,전라북도 정읍시 옹동면 비봉리 1667-7,35.6196023,126.9920093,35,21,10,17,5,10,0,0,15종62대,063-539-6281,전라북도 정읍시청,2020-07-15,4690000,전라북도 정읍시
삼척시농업기술센터 하장지소,033-553-4277,강원도 삼척시 하장면 백두대간로2681-10,강원도 삼척시 하장면 장전리 84-24,37.3550983765,128.925818141,19,2,46,3,5,0,1,1,농업용로우더(1)+그래플(1)등,033-570-4277,강원도 삼척시청,2019-06-05,4240000,강원도 삼척시
농기계공작실,042-840-3440,충청남도 계룡시 두마면 사계로 177,충청남도 계룡시 두마면 왕대리 275,36.2620101,127.276604,30,3,11,4,14,15,2,2,9,042-840-3412,충청남도 계룡시농업기술센터,2019-06-25,5580000,충청남도 계룡시
구례군농업기계임대사업소,061-780-2109,전라남도 구례군 구례읍 동산1길 37-11,전라남도 구례군 구례읍 봉서리 895-2,35.1959637,127.4599356,100,8,15,17,16,0,0,0,201,061-780-2109,구례군농업기술센터,2019-06-26,4870000,전라남도 구례군
아산시농업기술센터 농기계대여은행,041-537-3896,충청남도 아산시 염치읍 염성길 70-30,충청남도 아산시 염치읍 염성리 186-1,36.789796,127.001849,169,22,47,31,72,0,15,0,111,041-542-2235,충청남도 아산시청,2019-06-18,4520000,충청남도 아산시
고성군 농기계임대사업소(본소),055-670-4238,경상남도 고성군 고성읍 남해안대로 2829-60,,34.9960151280,128.3257665890,46,29,60,5,10,0,15,21,,055-670-4232,경상남도 고성군농업기술센터,2020-07-10,5420000,경상남도 고성군
고성군 북부권역농기계임대사업소,055-670-4294,경상남도 고성군 영오면 옥천로 1447,,35.106261,128.242001,47,8,17,10,5,4,2,7,,055-670-4232,경상남도 고성군농업기술센터,2020-07-10,5420000,경상남도 고성군
고성군 서북권역농기계임대사업소,055-670-4232,경상남도 고성군 하일면 자란만로 1700,,34.938269632,128.197668208,32,0,29,4,3,0,3,0,,055-670-4232,경상남도 고성군농업기술센터,2020-07-10,5420000,경상남도 고성군
본점,054-553-8502,경상북도 문경시 창리강변길 45,경상북도 문경시 흥덕동 729-69,36.61411825,128.208622,54,12,19,18,30,8,0,0,43,054-550-8248,농업기술센터,2020-07-16,5120000,경상북도 문경시
서부지점,054-571-5241,경상북도 문경시 마성면 외어1길 75,경상북도 문경시 마성면 외어리 750,36.69681521,128.129485,33,5,15,8,30,7,0,0,54,054-571-5241,농업기술센터,2020-07-16,5120000,경상북도 문경시
동부지점,054-555-0246,,경상북도 문경시 산북면 대상리 256,36.6488311,128.250626,33,5,16,8,29,6,0,0,42,054-555-0246,농업기술센터,2020-07-16,5120000,경상북도 문경시
농기계임대사업소,061-470-6618,전라남도 영암군 덕진면 금호길 11,전라남도 영암군 덕진면 장선리 676-6,34.8270334318,126.6719852233,94,0,26,11,42,0,0,0,106,061-470-6591,전라남도 영암군청,2020-07-13,4940000,전라남도 영암군
농기계임대서부사업소,061-470-6638,전라남도 영암군 삼호읍 오복길 298-28,전라남도 영암군 삼호읍 망산리 878,34.72420684,126.5123513,63,0,15,10,15,0,0,0,77,061-470-6591,전라남도 영암군청,2020-07-13,4940000,전라남도 영암군
창녕군농업기술센터(본소),055-530-6186,경상남도 창녕군 대지면 우포2로 1069-15,경상남도 창녕군 대지면 효정리 291,35.551931,128.477989,211,38,41,47,31,13,2,6,160,055-530-6183,경상남도창녕군청,2020-07-15,5410000,경상남도 창녕군
창녕군농업기술센터(분소),055-530-6192,경상남도 창녕군 도천면 신제로 339-2,경상남도 창녕군 도천면 일리 667,35.4362492249,128.5128191264,160,39,38,19,19,12,0,3,115,055-530-6183,경상남도창녕군청,2020-07-15,5410000,경상남도 창녕군
농기계임대사업 본소,054-789-5282,경상북도 울진군 매화면 매화매실길 76,경상북도 울진군 매화면 매화리 1032-28,36.91801441,129.3797739,125,11,52,19,18,2,8,2,63,054-789-5280,경상북도 울진군농업기술센터,2020-07-13,5250000,경상북도 울진군
농기계임대사업 남부지소,054-789-5272,경상북도 울진군 평해읍 평오곡길 30,경상북도 울진군 평해읍 평해리 1315,36.7305659,129.4444332,93,7,43,13,14,1,5,2,52,054-789-5280,경상북도 울진군농업기술센터,2020-07-13,5250000,경상북도 울진군
농기계임대사업 서부지소,054-789-5276,경상북도 울진군 금강송면 불영계곡로 1524,경상북도 울진군 금강송면 삼근리 539,36.9345732282,129.2402928393,44,4,19,5,6,1,2,1,18,054-789-5280,경상북도 울진군농업기술센터,2020-07-13,5250000,경상북도 울진군
농기계임대사업 북부지소,054-789-5273,경상북도 울진군 북면 박금소야로 448,경상북도 울진군 북면 소곡리 126,37.0516477625,129.3516716859,65,5,28,8,9,1,3,1,50,054-789-5280,경상북도 울진군농업기술센터,2020-07-13,5250000,경상북도 울진군
포천시 농기계임대사업소,031-538-3787,경기도 포천시 신북면 틀못이길 11-88,경기도 포천시 신북면 기지리 647-1,37.9232986966,127.2252128909,75,8,36,13,16,16,10,7,68,031-538-3753,경기도 포천시청,2020-06-30,5600000,경기도 포천시
농기계임대사업소 본소,054-371-6522,경상북도 청도군 청도읍 원정3길 49,경상북도 청도군 청도읍 원정리 777-2,35.6478394621,128.7637634905,37,7,14,11,20,0,0,0,129,054-370-6278,농촌지도과,2020-06-30,5190000,경상북도 청도군
농기계임대사업소 산서분소,054-372-7312,경상북도 청도군 풍각면 헐티로 119,경상북도 청도군 풍각면 송서리 300,35.640193,128.628419,31,7,13,12,20,0,0,0,97,054-370-6278,농촌지도과,2020-06-30,5190000,경상북도 청도군
농기계임대사업소 산동분소,054-372-4751,경상북도 청도군 금천면 청려로 4312,경상북도 청도군 금천면 동곡리 1076,35.685348,128.896032,29,7,11,11,19,0,0,0,102,054-370-6278,농촌지도과,2020-06-30,5190000,경상북도 청도군
고창군 농기계임대사업소,063-560-8847,전라북도 고창군 고창읍 중거리당산로 94,전라북도 고창군 고창읍 읍내리 512-1,35.42812149,126.6983778,107,4,34,0,19,2,0,3,농업용굴삭기(3)+동력제초기(3)+동력파쇄기(3)++로타베이터(3)+잔가지파쇄기(1)+전지전정기(3)+그레이더(1)+농기계용사다리(24)+동력운반차(2)0+파종기(18)+결속기(1)+논두렁조성기(10)+동력배토기(15)+동력살분무기(4)+비료살포기(3)+석회살포기(2)+육묘상자운반기구(2)+탈망기(3)+플라우(6)+해로우(11)+김매기용(2)+선별기(3)+파이프밴딩성형기(1)+돌수집기(2)+동력예취기(4)+동력이식기(2)+동력탈곡기(12)+동력파종기(3)+로타리(1)+로타베이터(3)+무동력비닐피복기(5)+배토기(9)+비닐피복기(3)+소형관리기(12)+수확기(17)+스피드스프레이어(1)+승용관리기(2)+심경로타리(4)+육묘용파종기(1)+잡곡탈곡기(3)+전엽기(1)+제초기(5)+중경제초기(5)+치즐쟁기(6)+콩예취기(3)+콩정선기(2)+퇴비살포기(3)+플라우(5)+휴립기(3)+휴립복토기(2)+휴립피복기(1)+농업용로우더(1),063-560-8871,전라북도 고창군 농업기술센터,2020-07-09,4780000,전라북도 고창군
고창군 해리 농기계임대사업소,063-560-8859,전라북도 고창군 해리면 동시길 15,전라북도 고창군 해리면 하련리 104-4,35.45782959,126.5398223,99,4,31,0,20,2,0,2,농업용굴삭기(3)+동력제초기(6)+동력파쇄기(1)++로타베이터(2)+잔가지파쇄기(1)+전지전정기(2)+농기계용사다리(10)+동력운반차(1)+파종기(22)+논두렁조성기(8)+동력배토기(5)+동력살분무기(3)+비료살포기(5)+육묘상자운반기구(2)+탈망기(2)+플라우(5)+해로우(8)+고압박피기(1)+선별기(3)+농산물세척기(3)+파이프밴딩성형기(1)+돌수집기(1)+동력예취기(3)+동력이식기(6)+동력탈곡기(14)+로타리(2)+로타베이터(2)+무동력비닐피복기(6)+배토기(6)+비닐피복기(2)+소형관리기(11)+수확기(11)+스피드스프레이어(1)+승용관리기(2)+심경로타리(4)+육묘용파종기(1)+잡곡탈곡기(4)+전엽기(1)+제초기(4)+중경제초기(7)+치즐쟁기(9)+콩예취기(2)+콩정선기(1)+퇴비살포기(1)+플라우(4)+휴립기(2)+휴립복토기(1)+휴립피복기(1)+농업용로우더(1)+반전집초기(2),063-560-8859,전라북도 고창군 동시길 15,2020-07-09,4780000,전라북도 고창군
군위군농업기술센터 임대사업소,054-380-7055,경상북도 군위군 효령면 효우로 97,경상북도 군위군 효령면 성리 111,36.1813847302,128.5930848027,148,39,23,8,34,4,1,2,103,054-380-7057,군위군농업기술센터,2020-07-08,5140000,경상북도 군위군
부여군농기계임대사업소,041-830-2617,충청남도 부여군 규암면 흥수로 488,충청남도 부여군 규암면 노화리 325-1,36.2596863785,126.8433510641,114,12,38,10,24,10,0,3,108,041-830-2607,충청남도 부여군 농업기술센터,2020-06-30,4570000,충청남도 부여군
농기계임대사업소남부분소,041-830-2577,충청남도 부여군 임천면 충절로 923-12,충청남도 부여군 임천면 만사리 404-1,36.1672487542,126.892737,65,4,13,10,14,6,2,0,26,041-830-2577,충청남도 부여군 농업기술센터,2020-06-30,4570000,충청남도 부여군
음성군 농업기술센터 농기계임대사업소 본소,043-871-2351,충청북도 음성군 음성읍 용광로 81-5,,36.944933,127.6845225264,82,2,24,11,16,1,3,1,s.s기 퇴비살포기(3)+ 굴삭기(3)+농용고소작업차(1)+넝쿨파쇄기(1)+스키드로더(2)+ 스피드스프레이어(1)+ 승용예취기(4)+ 인력파종기(1)+ 인삼정식기(3)+인삼종자 파종기(1)+작물수확기(1)+잔가지파쇄기(4)+콩예취기(1)+풍구(1)+스피드스프레이어(1),043-872-5959,충청북도 음성군청,2020-07-04,4470000,충청북도 음성군
음성군 농업기술센터 서부지소,043-871-2371,충청북도 음성군 금왕읍 멍심이길 209,,36.9768038108,127.5412095869,58,4,22,7,13,1,2,0,s.s기 퇴비살포기(4)+ 굴삭기(2)+ 넝쿨파쇄기(1)+동력운반차(2)+ 스키드로더(1)+ 승용예취기(2)+ 인력파종기(1)+ 인삼 정식기(1)+작물수확기(1)+잔가지파쇄기(1)+콩예취기(1)+ 풍구(1)+스피드스프레이어(1),043-872-5959,충청북도 음성군청,2020-07-04,4470000,충청북도 음성군
음성군 농업기술센터 농기계임대사업소 북부지소,043-871-2381,충청북도 음성군 생극면 음성로 1985-3,,37.0621530761,127.6053319789,41,2,23,10,13,1,3,1,s.s기 퇴비살포기(3)+ 굴삭기(1)+ 넝쿨파쇄기(1)+ 농용고소작업차(2)+동력운반차(2)+ 동력항타기(1)+ 스키드로더(1)+ 승용예취기(6)+ 인력파종기(1)+ 인삼정식기(1)+작물수확기(1)+ 잔가지파쇄기(3)+콩예취기(1)+ 풍구(1)+스피드스프레이어(2),043-872-5959,충청북도 음성군청,2020-07-04,4470000,충청북도 음성군
의성군농업기술센터,054-0830-6751,경상북도 의성군 봉양면 경북대로 5225,경상북도 의성군 봉양면 분토리 928,36.3226879787,128.6458998987,74,27,5,14,47,3,0,0,77,054-0830-6751,경상북도 의성군청,2020-06-30,5150000,경상북도 의성군
동부지역(금성지소),054-0830-6483,경상북도 의성군 금성면 탑운길 115,경상북도 의성군 금성면 탑리리 990,36.262311,128.6871140349,39,15,5,12,34,2,0,0,51,054-0830-6483,경상북도 의성군청,2020-06-30,5150000,경상북도 의성군
서부지역(안계지소),054-0830-6486,경상북도 의성군 안계면 서부로 1800,경상북도 의성군 안계면 시안리 367-2,36.3929726681,128.4318306953,96,14,6,14,28,4,0,0,59,054-0830-6486,경상북도 의성군청,2020-06-30,5150000,경상북도 의성군
과수지역(점곡지소),054-0830-6482,경상북도 의성군 점곡면 동변길 159,경상북도 의성군 점곡면 동변리 1075-1,36.4247952739,128.7822936765,22,6,4,6,22,0,0,0,39,054-0830-6482,경상북도 의성군청,2020-06-30,5150000,경상북도 의성군
제주농업기술센터,064-760-7749,제주특별자치도 제주시 애월읍 상귀길 173,,33.4581523548,126.4038544089,75,0,0,1,2,0,0,0,66,064-760-7511,제주특별자치도 농업기술원,2020-07-10,6500000,제주특별자치도
서귀포농업기술센터,064-760-7816,제주특별자치도 서귀포시 남원읍 중산간동로 7413,,33.28833481,126.6072502,12,0,4,0,0,0,0,0,108,064-760-7511,제주특별자치도 농업기술원,2020-07-10,6500000,제주특별자치도
동부농업기술센터,064-760-7671,제주특별자치도 제주시 구좌읍 충렬로 166,,33.51094222,126.8426837,24,1,10,6,0,0,0,0,134,064-760-7511,제주특별자치도 농업기술원,2020-07-10,6500000,제주특별자치도
서부농업기술센터,064-760-7974,제주특별자치도 제주시 한림읍 월림7길 90,,33.3537344837,126.2486386392,33,0,3,12,2,0,0,2,84,064-760-7511,제주특별자치도 농업기술원,2020-07-10,6500000,제주특별자치도
영광군농기계임대사업소 본소,061-350-4835,전라남도 영광군 군서면 복호로 57-25,전라남도 영광군 군서면 만곡리 95-60,35.2863366786,126.4733177021,136,24,61,37,87,28,20,34,402,061-350-4834,전라남도 영광군청,2020-07-13,4970000,전라남도 영광군
영광군농기계임대사업소 북부분소,061-350-4685,전라남도 영광군 홍농읍 상단길 195,전라남도 영광군 홍농읍 상하리 1185-5,35.3826080017,126.4434353540,63,15,18,14,20,5,2,12,82,061-350-4834,전라남도 영광군청,2020-07-13,4970000,전라남도 영광군
영광군농기계임대사업소 남부분소,061-350-4688,전라남도 영광군 군남면 천년로 626-3,전라남도 영광군 군남면 설매리 1434-1,35.2400905150,126.4301944576,72,9,16,14,23,6,0,10,121,061-350-4834,전라남도 영광군청,2020-07-13,4970000,전라남도 영광군
달성군농업기술센터,053-668-3240,대구광역시 달성군 옥포읍 비슬로 2040,대구광역시 달성군 옥포읍 교항리 2521-7,35.7827010779,128.446784,461,24,59,28,27,0,8,4,,053-668-3240,달성군농업기술센터,2020-07-10,3480000,대구광역시 달성군
농업기계임대사업소,061-379-5464,전라남도 화순군 능주면 학포로 2343,전라남도 화순군 능주면 만수리 797-16,35.022312,126.950596,88,18,40,12,20,0,2,1,103,061-379-5464,전라남도 화순군청,2020-07-10,4900000,전라남도 화순군
농업기계임대사업소,061-379-5497,전라남도 화순군 동복면 오지호로 335,전라남도 화순군 동복면 천변리 5-1,35.07481075,127.1282122,36,6,22,9,16,0,1,0,47,061-379-5464,전라남도 화순군청,2020-07-10,4900000,전라남도 화순군
태백시 농기계임대사업소,033-550-2724,강원도 태백시 구와우길 34-10,강원도 태백시 황지동 288-5,37.2065975245,128.9870843334,23,14,43,0,0,0,0,0,4,033-550-2427,강원도 태백시 농업기술센터,2020-07-14,4220000,강원도 태백시
보성군농기계 임대사업소 본점,061-850-5713,전라남도 보성군 보성읍 녹차로 1357,전라남도 보성군 보성읍 옥평리 781,34.7628817818,127.0917480258,81,14,23,0,11,2,0,0,70,061-850-5772,보성군농업기술센터,2020-07-10,4890000,전라남도 보성군
보성군농기계 임대사업소 북부지소,061-852-7167,전라남도 보성군 복내면 송재로 1670,전라남도 보성군 복내면 유정리 796,34.8828995531,127.1237129792,63,13,19,0,10,1,0,0,70,061-852-7167,보성군농업기술센터,2020-07-10,4890000,전라남도 보성군
보성군농기계 임대사업소 남부지소,061-857-2917,전라남도 보성군 조성면 대동길 54,전라남도 보성군 조성면 우천리 169-1,34.8035241477,127.2309402362,65,13,19,0,9,1,0,0,69,061-857-7161,보성군농업기술센터,2020-07-10,4890000,전라남도 보성군
보성군농기계 임대사업소 벌교지소,061-858-5716,전라남도 보성군 벌교읍 채동선로 578-8,,,,46,11,17,0,10,1,0,0,54,061-858-5716,보성군농업기술센터,2020-07-10,4890000,전라남도 보성군
농업기계 임대사업소(연천본소),031-839-4261,경기도 연천군 연천읍 연천로42번길42,경기도 연천군 연천읍 동막리 598-2,38.08456002,127.0779332,61,5,30,7,24,0,0,0,69,031-839-4220,경기도 연천군청,2020-06-19,4140000,경기도 연천군
농업기계 임대사업소(서부지소),031-839-4265,경기도 연천군 미산면 청정로 800,경기도 연천군 미산면 아미리763-8,38.03737381,126.9412994048,64,3,26,7,18,0,0,1,52,031-839-4220,경기도 연천군청,2020-06-19,4140000,경기도 연천군
제천시 농업기술센터,043-641-3412,충청북도 제천시 봉양읍 제천북로3길20,충청북도 제천시 봉양읍 미당리 211-11,37.1618785219,128.1769884212,101,0,57,43,68,0,0,0,76,043-641-3412,충청북도 제천시청,2020-07-10,4400000,충청북도 제천시
본소,063-454-5236,전라북도 군산시 개정면 운회길 32,전라북도 군산시 개정면 운회리 633-7,35.96046969,126.781959,123,4,58,11,21,1,0,1,70,063-454-5236,군산시농업기술센터,2020-07-10,4670000,전라북도 군산시
동부,063-454-5285,전라북도 군산시 임피면 서원석곡로 584,전라북도 군산시 임피면 읍내리 204-2,35.98160505,126.8498059,66,2,32,6,14,1,0,1,68,063-454-5236,군산시농업기술센터,2020-07-10,4670000,전라북도 군산시
서부,063-454-5280,전라북도 군산시 옥서면 옥봉들3길 12,전라북도 군산시 옥서면 옥봉리 1316-3,35.923267,126.643291,58,3,17,4,11,0,0,0,56,063-454-5236,군산시농업기술센터,2020-07-10,4670000,전라북도 군산시
본소,061-531-3835,전라남도 해남군 해남읍 땅끝대로 77-22,전라남도 해남군 해남읍 용정리 26,34.5589281062,126.5907016281,186,3,5,16,24,0,0,0,131,061-531-3801,농업기술센터,2020-07-13,4930000,전라남도 해남군
서부,061-532-1174,전라남도 해남군 문내면 심동길 7,전라남도 해남군 문내면 용암리 889,34.6028431,126.3279550865,116,2,4,8,9,0,0,0,87,061-531-3801,농업기술센터,2020-07-13,4930000,전라남도 해남군
창녕군 임대사업소,055-530-6186,경상남도 창녕군 대지면 우포2로 1069-15,경상남도 창녕군 대지면 효정리 291,,,232,14,14,51,14,11,0,1,114,055-530-6184,창녕군농업기술센터,2019-09-06,6480000,경상남도
남부,061-536-7555,전라남도 해남군 현산면 매화길 37-15,전라남도 해남군 현산면 월송리 207,34.411969,126.5832176,109,2,5,10,12,0,0,0,75,061-531-3801,농업기술센터,2020-07-13,4930000,전라남도 해남군
진천군농기계임대사업장,043-539-7571,충청북도 진천군 진천읍 삼덕1길 45-16,충청북도 진천군 진천읍 삼덕리 786-2,36.863517,127.463265,144,69,131,35,43,24,7,2,156,043-539-7571,충청북도 진천군 농업기술센터,2020-06-25,4450000,충청북도 진천군
연평면 농기계임대사업소,032-899-3283,인천광역시 옹진군 연평면 연평로 821번길 37,인천광역시 옹진군 연평면 연평리 493-5,37.65923958,125.698208,12,7,19,2,0,0,1,0,29,032-899-3233,옹진군농업기술센터,2020-07-02,3580000,인천광역시 옹진군
인제군농업기술센터 농업기계임대사업소 인제본소,033-460-2254,강원도 인제군 인제읍 비봉로44번길 105,,38.0588132880,128.1659613,84,7,59,25,19,0,9,6,탈망기(2)+종자발아기(2)+농용굴삭기(2)+인력파종기(21)+인력비닐피복기(6)+동력이식기(1)+동력살분무기(4)+동력분무기(4)+자주식베일러(2)+동력예취기(2)+승용예취기(2)+농용로우더(1)+콩예취기(7)+콩정선기(3)+오일여과장치(1)+잡곡콤바인(1)+콩콤바인(1)+풍구(3)+목재파쇄기(3)+농용파이프밴딩성형기(1)+농용동력운반차(1)+육묘파종기(1)+승용관리기(1)+퇴비살포기 차량용(2)+퇴비살포기 자주식(1_,033-460-2254,강원도 인제군청,2020-06-19,4330000,강원도 인제군
인제군농업기술센터 농업기계임대사업소 기린지소,033-463-4191,강원도 인제군 기린면 창암길 15-8,,37.94554815,128.3122705,31,5,43,9,11,0,3,2,종자발아기(2)+농용굴삭기(2)+인력파종기(17)+인력비닐피복기(4)+동력이식기(2)+퇴비살포기 자주식(2)+퇴비살포기 차량용(2)+동력살분무기(4)+동력분무기(2)+승용예취기(1)+콩예취기(3)+콩정선기(2)+잡곡콤바인(1)+풍구(3)+목재파쇄기(1)+농용동력운반차(1)+농용파이프벤팅성형기(1)+승용관리기(1)+육묘용파종기(1)+휴립피복기(1),033-463-4191,강원도 인제군청,2020-06-19,4330000,강원도 인제군
무안군농업기술센터농기계임대사업소-일로분소,061-281-8990,전라남도 무안군 일로읍 백련로 112,전라남도 무안군 일로읍 용산리 1363,34.8524040351,126.5077777269,55,0,17,5,15,0,0,1,"곡물적재함(1), 농업용굴삭기(2), 농업트럭퇴비살포기(1), 농업파이프벤딩기(2), 동력배토기(6), 동력살분무기(9), 전엽기(3), 동력예취기(4), 양파정식기(2), 동력이식기(1), 동력제초기(2), 동력퇴비살포기(1),  동력파종기(2), 동력피복기(1), 마늘선별기(1), 마늘쪽분리기(1), 방제기(4), 볍씨발아기(5), 양파파종기(2), 육묘용파종기(3), 인력피복기(1), 인력파종기(10), 자주형콩탈곡기(1), 콩예취기(1), 콩적심기(2), 탈망기(2), 풍구(2), 휴대용전동가위(1)",061-281-8990,전라남도 무안군 농업기술센터,2020-07-09,4950000,전라남도 무안군
무안군농업기술센터농기계임대사업소-해제분소,061-452-4020,전라남도 무안군 해제면 양간로 7,전라남도 무안군 해제면 신정리 124-1,35.1110936535,126.2907134533,68,0,19,11,12,0,0,1,"곡물적재함(1), 농업용굴삭기(2), 농업트럭퇴비살포기(2), 농업파이프벤딩기(2), 동력배토기(2), 동력살분무기(14), 전엽기(3), 동력예취기(4), 양파정식기(3), 동력제초기(2), 동력퇴비살포기(1),  동력파종기(1), 동력피복기(1), 마늘선별기(1), 마늘쪽분리기(1), 방제기(4), 볍씨발아기(3), 양파파종기(3), 육묘용파종기(2), 인력피복기(1), 인력파종기(10), 자주형콩탈곡기(1), 콩예취기(2), 콩적심기(2), 탈망기(1), 풍구(2), 휴대용전동가위(1)",061-452-4020,전라남도 무안군 농업기술센터,2020-07-09,4950000,전라남도 무안군
무안군농업기술센터농기계임대사업소-운남분소,061-452-1812,전라남도 무안군 운남면 운해로 578-7,전라남도 무안군 운남면 연리 403,34.96026245,126.3408909,53,0,15,6,5,0,0,1,"농업용굴삭기(2), 농업트럭퇴비살포기(2), 농업파이프벤딩기(1), 동력배토기(2), 동력살분무기(7), 전엽기(3), 동력예취기(2), 양파정식기(2), 동력제초기(2),동력피복기(1), 마늘선별기(1), 마늘쪽분리기(1), 방제기(4), 볍씨발아기(5), 승용양파정식기(1), 승용예취기(1), 양파파종기(1), 육묘용파종기(3), 인력피복기(1), 인력파종기(6), 자주형콩탈곡기(1), 콩예취기(1), 콩적심기(2), 탈망기(2), 풍구(2)",061-452-1812,전라남도 무안군 농업기술센터,2020-07-09,4950000,전라남도 무안군
무안군농업기술센터농기계임대사업소-무안본소,061-450-4004,전라남도 무안군 무안읍 무안로 339,전라남도 무안군 무안읍 성남리 582-1,34.9776780568,126.4658791129,116,0,22,17,17,0,0,1,"곡물적재함(5), 농업용굴삭기(2), 농업진압기(2), 농업트럭퇴비살포기(4), 농업파이프벤딩기(2), 동력배토기(6), 동력살분무기(16), 전엽기(9), 동력예취기(4), 양파정식기(9), 동력이식기(2), 동력제초기(6), 동력퇴비살포기(1), 마늘파종기(5), 동력파종기(2), 동력피복기(1), 마늘선별기(2), 마늘쪽분리기(2), 방제기(7), 볍씨발아기(7), 승용양파정식기(2), 승용예취기(3), 양파파종기(9), 육묘용파종기(4), 인력피복기(1), 인력파종기(15), 자주형콩탈곡기(2), 콩예취기(4), 콩적심기(3), 탈망기(2), 풍구(3), 휴대용전동가위(3)",061-450-4004,전라남도 무안군 농업기술센터,2020-07-09,4950000,전라남도 무안군
논산시농업기술센터,041-746-8361,충청남도 논산시 부적면 백일헌로 3,충청남도 논산시 부적면 덕평리 40-8,36.2138695,127.1417982,168,15,76,23,17,7,1,1,인력파종기(31)+동력배토기(23)+승용관리기및승용관리기부착기(16)+과수인공교배기(15)+휴대용전동가위(9)+농업용지주목설치기(7)+농용굴삭기(5)+동력중경제초기(4)+농용파이프밴딩성형기(3)+동력예취기(3)+동력이식기(3)+동력파쇄기(3)+과실수확기(2)+농용블로워(2)+동력구굴기(2)+동력제초기(2)+드론(2)+마늘쪽분리기(2)+비닐하우스피복기(2)+육묘파종기(2)+ss기(1)+동력수확기(1)+스키로더(1)+토양소독기(1),041-746-8361,논산시농업기술센터,2020-06-24,4540000,충청남도 논산시
이천시 농기계임대사업소,031-644-4139,경기도 이천시 모가면 사실로720,경기도 이천시 모가면 어농리 615-7,37.17591657,127.4402069,98,12,21,10,13,2,0,0,50,031-644-4139,경기도 이천시청,2020-07-10,4070000,경기도 이천시
이천시 농기계임대사업소(남부분소),031-645-3499,경기도 이천시 장호원읍 서동대로8759번길 97-80,경기도 이천시 장호원읍 진암리 328-5,37.12032373,127.6112318,25,4,14,5,10,2,0,0,44,031-645-3499,경기도 이천시청,2020-07-10,4070000,경기도 이천시
농기계임대사업소(본소),063-430-8791,전라북도 진안군 진안읍 진무로 702-30,전라북도 진안군 진안읍 반월리 1032-1,35.7628515827,127.4372467846,149,8,11,23,36,0,2,10,129,063-430-8647,전라북도 진안군농업기술센터,2020-06-22,4730000,전라북도 진안군
북부권농기계임대사업소,063-430-8488,전라북도 진안군 정천면 진용로 1107,전라북도 진안군 정천면 봉학리 321,35.8736664671,127.4420493833,56,5,3,11,8,0,0,1,21,063-430-8647,전라북도 진안군농업기술센터,2020-06-22,4730000,전라북도 진안군
남부권농기계임대사업소,063-430-8468,전라북도 진안군 마령면 임진로 2132,전라북도 진안군 마령면 평지리 1356-1,35.7357806918,127.3685058702,34,3,3,6,4,0,0,1,23,063-430-8647,전라북도 진안군농업기술센터,2020-06-22,4730000,전라북도 진안군
동부권농기계임대사업소,063-430-8428,전라북도 진안군 동향면 창촌길 40,전라북도 진안군 동향면 대량리 184-1,35.8354010771,127.5708527056,18,3,2,3,3,0,0,1,12,063-430-8647,전라북도 진안군농업기술센터,2020-06-22,4730000,전라북도 진안군
충주시농업기술센터 농기계임대사업장(본소),043-850-3236,충청북도 충주시 동량면 충원대로1350,충청북도 충주시 동량면 대전리 1667,37.0468328861,127.9303297862,16,13,30,12,31,4,10,4,볍씨발아기(9)+파종기(38)+잔가지파쇄기(14)+분무기(8)+살포기(23)+피트모스배합기(1)+예초기(15)+밴딩성형기(3)+전동가위(7)+사다리(12)+굴삭기(6),043-850-3233,충청북도 충주시청,2020-06-30,4390000,충청북도 충주시
충주시농업기술센터 제2농기계임대사업장(대소원),043-850-3238,충청북도 충주시 대소원면 화곡1길30-29,충청북도 충주시 대소원면 영평리 479-69,36.97762428,127.8062798,9,12,23,11,29,1,6,3,볍씨발아기(7)+파종기(20)+잔가지파쇄기(12)+분무기(4)+살포기(20)+예초기(10)+밴딩성형기(2)+전동가위(5)+사다리(7)+굴삭기(4)+결속기(2)+디스크모아(2)+하베스타(1)+건초모으기(2)+랩피복기(4),043-850-3233,충청북도 충주시청,2020-06-30,4390000,충청북도 충주시
김해시농기계임대사업소,055-330-4319,경상남도 김해시 전하로198번길 102(전하동),경상남도 김해시 전하동 900,35.2134571409,128.8703800298,182,13,37,22,20,18,0,0,103,055-330-4933,경상남도 김해시농업기술센터,2020-06-30,5350000,경상남도 김해시
남양주시농업기계은행,031-590-8984,경기도 남양주시 진건읍 사릉로 234-46,경기도 남양주시 진건읍 사능리 92-1,37.64899945,127.1970232,53,1,25,0,11,5,11,11,46,031-590-2572,남양주시농업기술센터,2020-07-09,3990000,경기도 남양주시
화성시농기계임대사업소,031-5189-3612,경기도 화성시 팔탄면 버들로 1613,경기도 화성시 팔탄면 매곡리 172-9번지,37.11451812,126.8795472562,80,21,64,28,85,5,5,2,204,031-5189-3612,화성시농업기술센터,2020-05-29,5530000,경기도 화성시
합천군 중부권 농기계대여은행,055-930-3666,경상남도 합천군 용주면 고품부흥1길 7,경상남도 합천군 용주면 고품리 910-302,35.5521022707,128.1124195241,130,7,20,25,21,18,0,10,112,055-930-3666,경상남도 합천군청,2020-06-30,5480000,경상남도 합천군
창녕시 임대사업소(남부권),055-530-6192,경상남도 창녕군 도천면 신제로 357-3,경상남도 창녕군 도천면 일리 666,,,152,14,12,40,13,10,0,1,31,055-530-6184,창녕군농업기술센터,2019-09-06,6480000,경상남도
합천군 동부권 농기계대여은행,055-930-4184,경상남도 합천군 적중면 황강옥전로 1889,경상남도 합천군 적중면 부수리 403,35.5564638227,128.2870688303,89,10,18,16,9,4,0,8,71,055-930-4194,경상남도 합천군청,2020-06-30,5480000,경상남도 합천군
합천군 남부권 농기계대여은행,055-930-4187,경상남도 합천군 삼가면 서부로 170,경상남도 합천군 삼가면 하판리 1314-3,35.4157537544,128.1056802670,66,10,17,17,10,4,0,8,64,055-930-4187,경상남도 합천군청,2020-06-30,5480000,경상남도 합천군
합천군 북부권 농기계대여은행,055-930-4190,경상남도 합천군 야로면 미숭산로 21,경상남도 합천군 야로면 야로리 225-5,35.7091524024,128.1726798739,62,10,13,13,10,3,0,9,64,055-930-4190,경상남도 합천군청,2020-06-30,5480000,경상남도 합천군
북도면 농기계임대사업소,032-899-3281,인천광역시 옹진군 북도면 시도로 86번길 78,인천광역시 옹진군 북도면 시도리 277-7,37.5355653,126.4316112,41,10,36,9,5,0,0,0,66,032-899-3233,옹진군농업기술센터,2020-07-02,3580000,인천광역시 옹진군
북도면 농기계임대사업소 장봉분소,032-899-3282,인천광역시 옹진군 북도면 장봉로 694번길 16,인천광역시 옹진군 북도면 장봉리 546-3,37.5443257,126.333722,25,6,17,5,2,0,0,0,24,032-899-3233,옹진군농업기술센터,2020-07-02,3580000,인천광역시 옹진군
백령면 농기계임대사업소,032-899-2667,인천광역시 옹진군 백령면 화동로 264,인천광역시 옹진군 백령면 남포리 1774-7,37.94553458,124.6740812,118,21,129,21,11,5,2,3,74,032-899-3233,옹진군농업기술센터,2020-07-02,3580000,인천광역시 옹진군
대청면 농기계임대사업소,032-899-3284,인천광역시 옹진군 대청면 대청로 186,인천광역시 옹진군 대청면 대청리 454-9,37.83564799,124.7074673,14,7,17,3,2,0,1,0,28,032-899-3233,옹진군농업기술센터,2020-07-02,3580000,인천광역시 옹진군
덕적면 농기계임대사업소,032-899-3285,인천광역시 옹진군 덕적면 덕적남로 867번길 70,인천광역시 옹진군 덕적면 서포리 868,37.2390537,126.100508,47,15,26,7,6,2,1,0,26,032-899-3233,옹진군농업기술센터,2020-07-02,3580000,인천광역시 옹진군
영흥면 농기계임대사업소,032-899-3288,인천광역시 옹진군 영흥면 영흥남로 435번길 29,인천광역시 옹진군 영흥면 외리 728-2,37.2531738,126.460277,64,13,30,9,7,0,0,0,101,032-899-3233,옹진군농업기술센터,2020-07-02,3580000,인천광역시 옹진군
평창군농업기술센터 평창본소,033-330-1347,강원도 평창군 평창읍 여만길 46,강원도 평창군 평창읍 여만리 357-6,37.3780667783,128.3955482490,169,7,43,27,62,22,12,6,258,033-330-1377,평창군농업기술센터,2020-07-07,4280000,강원도 평창군
평창군농업기술센터 용평분소,033-330-2061,강원도 평창군 용평면 새터마을길 4-21,강원도 평창군 용평면 백옥포리 181-5,37.58643182,128.406524,76,3,15,16,17,14,1,3,72,033-330-1377,평창군농업기술센터,2020-07-07,4280000,강원도 평창군
평창군농업기술센터 진부분소,033-335-0091,강원도 평창군 진부면 오대천로 1970-6,강원도 평창군 진부면 하진부리 351,37.6299178356,128.5543643854,49,4,15,15,27,7,0,0,50,033-330-1377,평창군농업기술센터,2020-07-07,4280000,강원도 평창군
농업기계임대사업소 본소,041-669-5951,충청남도 서산시 인지면 무학재1길 99,충청남도 서산시 인지면 산동리 565-1,36.72069284,126.4127382,132,45,16,41,59,1,0,0,93,041-662-5959,충청남도 서산시 농업기술센터,2020-06-24,4530000,충청남도 서산시
농업기계임대사업소 동부분소,041-688-7766,충청남도 서산시 운산면 홍안벌로 501,충청남도 서산시 운산면 거성리 340-19,36.758273,126.533151,85,30,12,26,40,0,0,0,66,041-662-5959,충청남도 서산시 농업기술센터,2020-06-24,4530000,충청남도 서산시
농업기계임대사업소 중부분소,041-662-3315,충청남도 서산시 성연면 생동사동길 21,충청남도 서산시 성연면 오사리 386-1,36.83451834,126.4392442,77,27,11,26,37,0,0,0,66,041-662-5959,충청남도 서산시 농업기술센터,2020-06-24,4530000,충청남도 서산시
농업기계임대사업소 북부분소,041-681-1006,충청남도 서산시 대산읍 대산1로 70,충청남도 서산시 대산읍 대산리 91-24,36.93867827,126.438036,73,26,12,22,44,0,0,0,61,041-662-5959,충청남도 서산시 농업기술센터,2020-06-24,4530000,충청남도 서산시
경주시 농업기술센터 본소,054-779-8737,경상북도 경주시 서악2길 14(서악동),경상북도 경주시 서악동 1153,35.82859141,129.1894005,133,17,57,13,25,0,0,0,153,054-760-2248,경상북도 경주시청,2020-07-03,5050000,경상북도 경주시
경주시 농업기술센터 동부사업소,054-741-8737,경상북도 경주시 양북면 감은로 288-11,경상북도 경주시 양북면 어일리 430-17,35.77053088,129.4487423,56,7,24,2,13,0,0,0,72,054-760-2248,경상북도 경주시청,2020-07-03,5050000,경상북도 경주시
경주시 농업기술센터 북부사업소,054-763-6461,경상북도 경주시 안강읍 안현로 1294-42,경상북도 경주시 안강읍 갑산리 927,35.9721482,129.2355127,64,12,38,5,15,2,0,1,85,054-760-2248,경상북도 경주시청,2020-07-03,5050000,경상북도 경주시
본소,054-480-4288,경상북도 구미시 선산읍 김선로 947,경상북도 구미시 선산읍 이문리 857,36.2331954827,128.2896402375,157,11,38,53,51,24,2,0,81,054-480-4289,구미농기계임대사업소,2020-07-01,5080000,경상북도 구미시
분소,054-480-4267,경상북도 구미시 산동면 강동로 851-21,경상북도 구미시 산동면 인덕리 520,36.16331043,128.4538769,40,6,11,12,19,4,0,0,38,054-480-4268,산동분소,2020-07-01,5080000,경상북도 구미시
양평군농업기술센터 본소,031-770-3592,경기도 양평군 양평읍 농업기술센터길 59,경기도 양평군 양평읍 공흥리 1-2,37.5103986922,127.512401,94,32,82,18,25,1,10,0,자주식옥수수베일러(3)+농용굴삭기(5)+농용로우더(3)+동력살분무기(3)+승용동력제초기(5)+보행동력중경제초기(5)+자주식동력퇴비살포기(5)+마늘쪽분리기(1)+마늘선별기(1)+주행형동력분무기(5)+동력예취기(4)+휴대용전동가위(3)+발전기(1)+제설기(1)+가금류실청소기(1)+자주식목재파쇄기(3)+대두탈피기(3)+동력이식기(7)+파이프성형밴딩기(1)+보행직파파종기(8)+인력비닐피복기(2)+육묘전엽기(2)+논.밭승용방제기(5)+승용관리기및작업기(4/4)+콩콤바인(5)+엔진부착형덩굴파쇄기(3)+중경제초기(3)+포트전용파종기(1),031-770-3592,경기도 양평군청,2020-03-06,4170000,경기도 양평군
영천시농기계임대사업소,054-339-7228,경상북도 영천시 청통면 호당1길 66-17,경상북도 영천시 청통면 호당리 436,35.99360387,128.8887939,146,47,119,31,61,3,0,0,승용제초기(54)+동력운반차(14)+농용굴삭기(23)+기타(253),054-339-7226,경상북도 영천시청,2020-06-26,5100000,경상북도 영천시
농업기계 임대사업장,054-974-0855,경상북도 칠곡군 약목면 동덕로 146,경상북도 칠곡군 약목면 동안리 831,36.0397544979,128.3822951708,186,42,29,23,33,7,17,2,161,054-979-8302,칠곡군농업기술센터,2020-06-30,5220000,경상북도 칠곡군
함양군농기계임대사업소(남부권),055-960-5570,경상남도 함양군 휴천면 천왕봉로 2426,경상남도 함양군 휴천면 남호리 372,35.4384097853,127.7653347008,17,10,7,8,3,1,0,0,22,055-960-5295,경상남도 함양군청,2020-06-29,5460000,경상남도 함양군
평택시농기계임대사업장,031-8024-4581,경기도 평택시 오성면 청오로 33-58,경기도 평택시 오성면 숙성리 95-3,37.01460543,126.9811584,108,15,39,38,31,0,0,0,90,031-8024-4581,평택시 농업기술센터,2020-04-25,3910000,경기도 평택시
함양군농기계임대사업소(북부권),055-960-5297,경상남도 함양군 안의면 거함대로 1712,경상남도 함양군 안의면 교북리 37,35.6341859742,127.8152199024,29,11,17,8,5,1,0,0,37,055-960-5295,경상남도 함양군청,2020-06-29,5460000,경상남도 함양군
함양군농기계임대사업소(중부권),055-960-5299,경상남도 함양군 함양읍 고운로 539,경상남도 함양군 함양읍 백천리 405-1,35.5256306496,127.7791449770,38,15,22,10,10,1,0,1,41,055-960-5295,경상남도 함양군청,2020-06-29,5460000,경상남도 함양군
대전광역시 농업기술센터,042-270-6932,대전광역시 유성구 교촌대정로 97(교촌동),대전광역시 유성구 교촌동 568-1,36.3078903,127.306361,19,12,21,8,18,0,0,0,농업용리프트(2)+농용굴삭기(7)+파이프정형기(2)+농용로더(2)+육묘상자세척기(1)+잔가지파쇄기(3)+그래플(1)+콩예취기(1)+퇴비살포기(2)+비닐피복기(12)+동력제초기(3)+전동가위(4)+동력이식기(1)+인력파종기(6)+약품분사기(2)+상토혼합기(1)+볏집절단기(1)+줄기절단기(1),042-270-6932,대전광역시 농업기술센터,2020-06-30,6300000,대전광역시
기장군농업기술센터,051-709-5315,부산광역시 기장군 기장읍 반송로 1370-22,부산광역시 기장군 기장읍 만화리 333-28,35.25259076,129.195309,70,8,28,8,11,0,2,2,101,051-709-5307,기장군농업기술센터,2020-01-01,3400000,부산광역시 기장군
고령군농업기술센터,054-956-1234,경상북도 고령군 대가야읍 일량본길 139,경상북도 고령군 대가야읍 내곡리 772,35.695394,128.2818470973,287,33,69,0,27,13,18,0,249,054-956-1234,경상북도고령군청,2020-06-15,5200000,경상북도 고령군
고양시 농업기계 임대사업소,031-8075-4284,경기도 고양시 덕양구 고양대로 1695,경기도 고양시 덕양구 원흥동 471-10,37.64977718,126.8700851,53,0,12,2,2,0,2,1,광역방제기(1)+SS분무기(1)+축산세트장비(1)+인력파종기(6)+적재사다리(6),031-8075-4284,경기도 고양시청,2020-06-24,3940000,경기도 고양시
농기계임대사업소,055-940-8218,경상남도 거창군 거창읍 거함대로3322,경상남도 거창군 거창읍 대평리1359-19,35.6778807,127.922728,74,18,96,41,23,17,13,2,145,055-940-8211,경상남도 거창군청,2019-08-30,5470000,경상남도 거창군
북부임대사업소,055-940-7396,경상남도 거창군 주상면 당대고개길86,경상남도 거창군 주상면 도평리462-3,35.7566876182,127.91684452,48,10,56,13,12,6,4,0,60,055-940-7396,경상남도 거창군청,2019-08-30,5470000,경상남도 거창군
수승대임대사업소,055-940-7596,경상남도 거창군 위천면 송계로 326-31,경상남도 거창군 위천면 장기리 269-9,35.7511513543,127.835033727,30,7,44,12,13,3,2,0,37,055-940-7596,경상남도 거창군청,2019-08-30,5470000,경상남도 거창군
신원임대사업소,055-942-8611,경상남도 거창군 신원면 신차로 3090,경상남도 거창군 신원면 과정리410-4,35.5699302,127.925894,3,4,13,4,4,0,0,0,2,055-942-8611,경상남도 거창군청,2019-08-30,5470000,경상남도 거창군
감물농기계임대사업소,043-833-2763,충청북도 괴산군 감물면 감물로이담4길 5,,36.8641699906,127.8660556377,43,11,17,5,23,4,0,0,41,043-833-2763,괴산군 농업기술센터,2020-06-24,4460000,충청북도 괴산군
청천농기계임대사업소,043-832-0981,충청북도 괴산군 청천면 금평진등2길 13-15,,36.6779849499,127.7642416267,50,15,28,10,18,2,0,0,34,043-832-0981,괴산군 농업기술센터,2020-06-24,4460000,충청북도 괴산군
사리농기계임대사업소,043-836-2763,충청북도 괴산군 사리면 사리로사담1길 5-1,,36.8189494276,127.6489326847,58,12,22,14,18,1,0,0,40,043-836-2769,괴산군 농업기술센터,2020-06-24,4460000,충청북도 괴산군
괴산농기계임대사업소,043-830-2738,충청북도 괴산군 괴산읍 임꺽정로 169,,36.8156391394,127.7783079381,68,10,24,11,18,4,0,0,42,043-830-2738,괴산군 농업기술센터,2020-06-24,4460000,충청북도 괴산군
연풍농기계임대사업소,043-830-4551,충청북도 괴산군 연풍면 연풍로배상길 101,,36.7668071925,127.9897940475,34,0,12,4,6,2,0,0,21,043-833-4551,괴산군 농업기술센터,2020-06-24,4460000,충청북도 괴산군
장성군농업기술센터농기계임대사업소,061-390-8511,전라남도 장성군 장성읍 단풍로 220,전라남도 장성군 장성읍 단풍로 220,35.3207176204,126.8020468545,88,15,75,16,22,4,0,0,탈망기1+벼직파기2+동력배토기3+심경플라우쟁기1+파이프밴딩성형기4+관리기전용배토기4+풍구1+진압기1+고소작업차3+과실수확기5+석회유황합제제조기3+과수인공교배기8+꿀벌응애훈증기1+딸기고설배지파쇄기3+농용고압세척기5,061-390-8511,전라남도 장성군 농업기술센터,2020-06-17,4980000,전라남도 장성군
장성군농업기술센터농기계임대사업소 서부분소,061-390-7191,전라남도 장성군 삼계면 영장로 1620-82,전라남도 장성군 삼계면 사창리 427-1,35.25686685,126.659414,42,11,26,9,19,2,0,0,탈망기1+동력배토기2+잔디기계및수거통7+심경플라우쟁기1+파이프밴딩성형기1+풍구1+진압기1+고소작업차2+석회유황합제제기2+과수인공교배기5+농용고압세척기5,061-390-7191,전라남도 장성군 농업기술센터,2020-06-17,4980000,전라남도 장성군
장성군농업기술센터농기계임대사업소 북부분소,061-390-7195,전라남도 장성군 북이면 방장로 950-10,전라남도 장성군 북이면 사거리 787-32,35.4306236229,126.8054695894,26,8,19,7,11,2,0,0,고소작업차1+농용고압세척기2,061-390-7195,전라남도 장성군 농업기술센터,2020-06-17,4980000,전라남도 장성군
남해군농기계 임대사업소,055-860-8969,경상남도 남해군 이동면 남해대로 2465-9,경상남도 남해군 이동면 다정리 953,34.81729267,127.9216718,77,23,33,7,8,6,2,3,109,055-860-8969,남해군농업기술센터,2020-06-22,5430000,경상남도 남해군
동남권역 농기계 임대사업소,055-860-3569,경상남도 남해군 삼동면 동부대로 1740-20,경상남도 남해군 삼동면 금송리 706-10,34.8309442840,128.0122260709,15,4,12,6,3,3,1,0,41,055-860-3569,남해군농업기술센터,2020-06-22,5430000,경상남도 남해군
북부권역 농기계 임대사업소,055-860-3568,경상남도 남해군 고현면 남해대로 3264-55,,34.877947,127.892599,25,4,19,3,2,3,1,0,50,055-860-3568,남해군농업기술센터,2020-06-22,5430000,경상남도 남해군
상서농기계임대사업소,063-580-3981,전라북도 부안군 상서면 내변산로 1840-5,전라북도 부안군 상서면 통정리 380,35.7095182,126.6592985251,115,23,80,55,39,28,1,0,98,063-580-3822,부안군농업기술센터,2020-06-18,4790000,전라북도 부안군
보안분소농기계임대사업소,063-580-3156,전라북도 부안군 보안면 와동안길 21-16,전라북도 부안군 보안면 영전리 390-4,35.61273529,126.6715591,70,14,73,32,35,32,1,0,43,063-580-3822,부안군농업기술센터,2020-06-18,4790000,전라북도 부안군
청양군농업기술센터농기계임대사업소,041-940-4744,충청남도 청양군 청양읍 구봉로 1026-84,충청남도 청양군 청양읍 정좌리 455,36.4228942862,126.7796518828,64,20,32,28,47,2,3,4,147,041-940-4744,충청남도 청양군청,2020-05-26,4590000,충청남도 청양군
청양군농업기술센터농기계임대사업소(동부지소),041-940-4747,충청남도 청양군 정산면 효자길 62,충청남도 청양군 정산면 서정리 221,36.40861994,126.9463166,62,17,30,26,45,2,3,2,138,041-940-4747,충청남도 청양군청,2020-05-26,4590000,충청남도 청양군
하동군남부권농업기계임대사업소,055-883-2686,경상남도 하동군 고전면 죽전길 9,경상남도 하동군 고하리 154-1,,,1,4,6,6,2,2,0,0,,055-880-2696,경상남도 하동군청,2019-06-16,5440000,경상남도 하동군
김포시농기계임대사업장,031-980-5066,경기도 김포시 통진읍 하성로 58-155,경기도 김포시 통진읍 수참리 373,37.6830091,126.6407727,109,10,19,10,38,7,6,0,111,031-980-5066,김포시 농업기술센터,2020-05-03,4090000,경기도 김포시
여수시농기계임대사업소,061-659-4466,전라남도 여수시 주동1길 32,전라남도 여수시 주삼동 812-2,34.7881842699,127.6532869,5,0,18,7,5,4,6,2,쇄토기(11)+원판쟁기(3)+논두렁조성기(3)+배토기(2)+정지기(4)+심토파쇄기(1)+포트파종기(1)+동력제초기(4)+제초기(1)+동력분무기(1)+비닐피복기(2)+고구마제초기(3)+범용콤바인(1)+랩피복기(1)+스키드로더(1)+집초기(1)+반전집초기(1)+모우어(1)+퇴비살포기(1)+자동전동가위(3)+전동핸드톱(1)+파이프밴딩기(2)+잔가지파쇄기(1),061-659-4466,전라남도 여수시농업기술센터,2020-05-20,4810000,전라남도 여수시
농기계임대사업소 본소,043-420-3428,충청북도 단양군 단양읍 중앙1로 20,충청북도 단양군 단양읍 별곡리 310,36.9852067,128.3667028,37,28,42,26,13,8,2,5,80,043-420-3428,충청북도 단양군 농업기술센터,2020-03-31,4480000,충청북도 단양군
농기계임대사업소 북부지소,043-420-3416,충청북도 단양군 가곡면 남한강로 1093,충청북도 단양군 가곡면 향산리 552,37.06077618,128.4203657,20,33,29,24,20,9,1,3,43,043-420-3416,충청북도 단양군 농업기술센터,2020-03-31,4480000,충청북도 단양군
농기계임대사업소 남부지소,043-420-3436,충청북도 단양군 단성면 월악로 4541,충청북도 단양군 단성면 중방리 414,36.93560724,128.313713,15,13,22,4,9,4,0,0,41,043-420-3436,충청북도 단양군 농업기술센터,2020-03-31,4480000,충청북도 단양군
파주시농기계임대사업소 본소,031-940-4505,경기도 파주시 통일로 620번길 35,경기도 파주시 월롱면 영태리 379-2,37.7651558246,126.796222674,58,4,21,17,22,0,0,0,36,031-940-4918,파주시농업기술센터,2019-03-08,4060000,경기도 파주시
파주시농기계임대사업소 북부지소,031-940-5263,경기도 파주시 파평면 청송로 503-5,경기도 파주시 파평면 덕천리 479-2,37.9353477843,126.865525395,76,4,19,13,19,0,0,0,31,031-940-4918,파주시농업기술센터,2019-03-08,4060000,경기도 파주시
농업기계임대사업소,051-970-3752,부산광역시 강서구 대저로221번길 9,부산광역시 강서구 대저1동 684-4,35.21489986,128.9769203,10,5,8,2,2,0,0,1,34,051-970-3752,부산광역시농업기술센터,2020-04-07,6260000,부산광역시
양주시농기계대여은행,031-8082-6151,경기도 양주시 은현면 그루고개로221번길 264-21,경기도 양주시 은현면 도하리 682,37.8433226484,126.9980276985,215,12,31,18,38,10,15,17,"콩콤바인(4)+농용굴삭기(3)+승용관리기(3)+승용관리기용작업기 6대 +스키드로우더 2대+볍씨파종기(3)+곡물적재함(1)+동력분무기(2)동력살분무기(2)+미스트기(5)+전정가위(3)+콩예취기(4)+동력이식기(3)+동력운반차(1)+중경제초기(2)+승용예취기(2)+목재파쇄기(자주형)(3)+보리방아(1),+색체선별기(1),+논물꼬베토기(1),+땅콜탈피기(1),+인력피복기(9),+동력제초기(2)",031-8082-6150,양주시 농업정책과,2020-04-02,5590000,경기도 양주시
안성시농기계임대사업소 본소,031-678-3077,경기도 안성시 보개면 보개원삼로 219,경기도 안성시 보개면 불현리 189-2,37.0234009120,127.2868005434,41,2,55,16,16,14,0,0,동력살포기 등 54대,031-678-3031,경기도 안성시농업기술센터,2020-03-25,4080000,경기도 안성시
안성시농기계임대사업소 동부분소,031-678-3035,경기도 안성시 죽산면 상삼로 95,경기도 안성시 죽산면 두현리 456-6,37.0807926470,127.4019946264,35,2,49,9,13,8,0,0,동력살포기 등 42대,031-678-3031,경기도 안성시농업기술센터,2020-03-25,4080000,경기도 안성시
안성시농기계임대사업소 서부분소,031-678-0711,경기도 안성시 양성면 만세로 523-34,경기도 안성시 양성면 덕봉리 88-35,37.048953,127.200339,37,2,55,11,9,12,0,0,동력살포기 등 44대,031-678-3031,경기도 안성시농업기술센터,2020-03-25,4080000,경기도 안성시
강릉시농업기술센터/농업기계 임대사업소(본소),033-660-3160,강원도 강릉시 사천면 동해대로3738-17,강원도 강릉시 사천면 미노리 440-1,37.818192,128.853458,136,8,59,25,36,2,13,0,"논두렁제초기2대,농용굴삭기4대,농용로우더1대,농용양수기3대,농용운반차4대,잔가지파쇄기3대,파이프밴딩기2대,덩굴순제초기3대,동력분무기1대,동력살분무기5대,동력살포기2대,동력예취기7대,동력이식기4대,동력퇴비살포기3대,들깨탈곡기10대,비닐피복기1대,볍씨탈망기2대,복숭아전용화분기2대,사각베일러1대,스피드스프레이어1대,승용동력예초기2대,옥수수탈망기2대,육묘포트파종기1대,이동식분무기2대,일체형동력분무기1대자주식베일러1대,하베스타1대,전정거위7대,제설기2대,콩예취기6대,인력파종기5대,화분교배기5대",033-660-3160,강릉시 자원육성과,2020-03-26,4200000,강원도 강릉시
강릉시농업기술센터/농업기계 임대사업소(남부분소),033-640-4850,강원도 강릉시 칠성로 520,강원도 강릉시 유산동 286-3,37.733533,128.913411,38,4,29,12,11,0,0,0,"논두렁제초기2대,농용굴삭기1대,농용운반차1대,잔가지파쇄기2대,덩굴순제초기3대,동력분무기5대,동력살포기2대,동력퇴비살포기2대,들깨탈곡기5대.보행제초기3대,일체형동력분무기3대,인력파종기4대",033-660-3160,강릉시 자원육성과,2020-03-26,4200000,강원도 강릉시
영양군 농기계임대사업소,054-680-5245,경상북도 영양군 영양읍 영양창수로 323,경상북도 영양군 영양읍 대천리 569,36.6561748514,129.1468287788,138,22,59,19,22,2,2,0,84,054-680-5212,영양농업기술센터 임대사업소,2020-03-13,5170000,경상북도 영양군
무주군농기계임대사업장,063-320-2899,전라북도 무주군 무주읍 한풍루로 412,전라북도 무주군 무주읍 당산리 530,36.004692,127.671059,116,51,96,28,38,4,13,12,볍씨발아기(7)+항타기(5)+발전기(4)+잔가지파쇄기(16)+승용예취기(18)+동력운반차(8)+ss기(54)+동력예취기(5),063-320-2863,전라북도 무주군청,2019-11-15,4740000,전라북도 무주군
홍천군 농업기술센터 본소,033-430-4180,강원도 홍천군 홍천읍 홍천로 677,강원도 홍천군 홍천읍 결운리468,37.7091671019,127.9105191738,109,17,44,20,45,31,21,14,31,033-430-4180,강원도 홍천군청,2019-11-20,4250000,강원도 홍천군
홍천군 농업기술센터 동부지소,033-430-4188,강원도 홍천군 서석면 구룡령로2429,강원도 홍천군 서석면 풍암리 1099,37.7184369489,128.1773689985,76,11,28,12,24,9,7,0,9,033-430-4188,강원도 홍천군청,2019-11-20,4250000,강원도 홍천군
홍천군 농업기술센터 서부지소,033-430-4178,강원도 홍천군 서면 감물악길72,강원도 홍천군 서면 반곡리299-1,37.6962747581,127.6647392779,35,12,18,6,13,11,7,5,4,033-430-4178,강원도 홍천군청,2019-11-20,4250000,강원도 홍천군
홍천군 농업기술센터 남부지소,033-430-4158,강원도 홍천군 남면 시동로 50,강원도 홍천군 남면 양덕원리 52-2,37.6111290000,127.7709165839,33,7,20,6,10,7,6,6,4,033-430-4158,강원도 홍천군청,2019-11-20,4250000,강원도 홍천군
농기계임대사업소,033-481-2352,강원도 양구군 남면 양남로 319-21,강원도 양구군 남면 청리 1131-5,38.1072127374,128.0272415255,289,30,54,43,94,60,9,2,53,055-748-0245,샘밑,2019-06-18,4320000,강원도 양구군
남부농기계임대사업소,063-290-3308,전라북도 완주군 구이면 구이로 1481,전라북도 완주군 구이면 원기리 583-1,35.7314673,127.1190470383,23,7,24,3,14,0,6,0,44,063-290-3280,완주군 농업기술센터,2019-09-30,4720000,전라북도 완주군
서부농기계임대사업소,063-290-3270,전라북도 완주군 삼례읍 별산길 36,전라북도 완주군 삼례읍 신금리 937-2,35.9180481027,127.0951949436,29,9,12,8,16,0,2,0,52,063-290-3280,완주군 농업기술센터,2019-09-30,4720000,전라북도 완주군
본소농기계임대사업소,063-290-3306,전라북도 완주군 고산면 고산천로 720-45,전라북도 완주군 고산면 삼기리 945-70,35.9842799103,127.2202532380,41,17,32,12,20,7,16,0,98,063-290-3280,완주군 농업기술센터,2019-09-30,4720000,전라북도 완주군
고흥군농업기계임대사업소,061-830-5840,전라남도 고흥군 풍양면 풍남로 143,전라남도 고흥군 풍양면 율치리 1506,34.5668723379,127.2588128467,14,11,35,3,15,44,1,0,215,061-830-5840,고흥군농업기술센터,2019-09-25,4880000,전라남도 고흥군
농기계임대사업소(봉성),054-679-6824,경상북도 봉화군 봉성면 농업인길 24,경상북도 봉화군 봉성면 금봉리 908,36.9036680242,128.7725370827,142,16,65,23,38,0,0,0,논두렁제초기(2)+동력중경제초기(4)+탈망기(2)+파종기(11)+동력제초기(7)+SS기(2)+잔가지파쇄기(5)+파이프밴딩정형기(3)+심경로터리(1)+농용굴삭기(8)+동력배토기(1)+퇴비살포기(자주형)(2)+SS기(2)동력농용운반차(2)+동력살분무기(1)+동력호스권취기(3)+풍구(1)+유압도끼(1)+알호두탈각기(1)+동력이식기(7)+다목적운반차(2)+볏짚절단기(2),054-673-3502,경상북도 봉화군청,2019-10-08,5240000,경상북도 봉화군
농기계임대사업소(춘양),054-679-6805,경상북도 봉화군 춘양면 춘양로 216,경상북도 봉화군 춘양면 의양리 189-27,36.9403474,128.9182484584,22,2,19,4,12,0,0,0,"동력운반차(1)+동력배토기(1)+동력중경제초기(1)+동력제초기(6)+잔가지파쇄기(2)+SS기(1)+퇴비살포기2대(자주형 1대, SS기부착1대)+농용굴삭기(5)+파종기(6)+동력호스권취기(2)+유압도끼(1)",054-673-3502,경상북도 봉화군청,2019-10-08,5240000,경상북도 봉화군
농기계임대사업소(명호),054-679-6804,경상북도 봉화군 명호면 봉명로 1369,경상북도 봉화군 명호면 도천리 338-1,36.862577,128.884605,31,6,14,6,8,0,0,0,운반차(2)+논두렁조성기(1)+농용굴삭기(5)+동력제초기(5)+파종기(3),054-673-3502,경상북도 봉화군청,2019-10-08,5240000,경상북도 봉화군
금산군농업기술센터 농기계임대사업소,041-750-3544,충청남도 금산군 금성면 의총길 25,,36.1259602596,127.4960740336,113,19,48,54,46,22,0,0,196,041-750-3542,금산군농업기술센터,2019-07-31,4550000,충청남도 금산군
장수 농기계 임대사업장,063-351-5398,전라북도 장수군 장수읍 와동길 56,전라북도 장수군 장수읍 개정리 621,35.6181476368,127.5104157697,82,2,17,10,22,19,9,7,100,063-350-2842,장수군 농업기술센터,2019-08-01,4750000,전라북도 장수군
산서 농기계 임대사업장,063-353-5398,전라북도 장수군 산서면 충효로 2843,전라북도 장수군 산서면 신창리 991,35.5850265,127.3912048215,31,2,13,12,11,10,2,2,27,063-350-2842,장수군 농업기술센터,2019-08-01,4750000,전라북도 장수군
번암 농기계 임대사업장,063-352-5398,전라북도 장수군 번암면 지지로 70,전라북도 장수군 번암면 노단리 962-4,35.5378265,127.5463437900,25,1,9,4,9,4,2,1,27,063-350-2842,장수군 농업기술센터,2019-08-01,4750000,전라북도 장수군
장계 농기계 임대사업장,063-351-5399,전라북도 장수군 장계면 장무로 334-11,전라북도 장수군 장계면 금덕리 637,35.7406454,127.5859524788,49,1,13,10,23,12,3,3,54,063-350-2842,장수군 농업기술센터,2019-08-01,4750000,전라북도 장수군
천천 농기계 임대사업장,063-352-5399,전라북도 장수군 천천면 장천로 1144-11,전라북도 장수군 천천면 봉덕리 687,35.7296912383,127.5315395110,24,1,10,4,8,4,2,1,21,063-350-2842,장수군 농업기술센터,2019-08-01,4750000,전라북도 장수군
수원시 농업기술센터,031-228-2564,경기도 수원시 권선구 온정로45,경기도 수원시 권선구 오목천동 40,37.250161,126.963138,4,2,8,1,5,2,1,2,인력파종기(1)+비료살포기(1)+동력분무기(1)+파이프성형기(1)+스키드로더(1)+농용굴삭기(1)+고구마수확기(2)+감자수확기(2),031-228-2564,경기도 수원시,2019-10-01,3740000,경기도 수원시
영주시농업기술센터 본소,054-639-7389,경상북도 영주시 안정면 안정로 30,경상북도 영주시 안정면 안심리 131,36.847602,128.5591198,95,20,11,19,32,2,0,1,농용굴삭기(2)+다목적파종기(14)+동력전정기(4)+목재파쇄기(14)+자주식 퇴비살포기(6)+승용관리기 및 작업기(2)+콩예취기(2)+풍구(2),054-639-7377,경상북도 영주시청,2019-09-30,5090000,경상북도 영주시
영주시농업기술센터 남부분소,054-639-3872,경상북도 영주시 문수면 종릉로 516,경상북도 영주시 문수면 만방리 918-2,36.7731837,128.6552531,55,16,5,26,14,2,0,0,농용굴삭기(2)+다목적파종기(11)+동력전정기(4)+목재파쇄기(5)+풍구(2)+자주식 퇴비살포기(2)+승용관리기 및 작업기(5)+풍구(2),054-639-7377,경상북도 영주시청,2019-09-30,5090000,경상북도 영주시
영주시농업기술센터 북부분소,054-639-3783,경상북도 영주시 단산면 아호로 6,경상북도 영주시 단산면 옥대리 135-4,36.9481751,128.6173496,45,7,5,10,13,0,0,3,농용굴삭기(3)+다목적파종기(10)+목재파쇄기(3)+자주식 퇴비살포기(3)+승용관리기 및 작업기(2),054-639-7377,경상북도 영주시청,2019-09-30,5090000,경상북도 영주시
태안군농업기술센터(본소),041-673-8282,충청남도 태안군 태안읍 송암로 523,충청남도 태안군 태안읍 송암리 770-2,36.7332033527,126.3055442996,93,45,37,83,56,0,0,0,197,041-673-8282,태안군농업기술센터,2019-05-31,4620000,충청남도 태안군
태안군농업기술센터(남부지소),041-670-2455,충청남도 태안군 안면읍 장터로 10,충청남도 태안군 안면읍 승언리 341-125,36.5111701193,126.3508553034,46,20,32,29,9,0,0,0,53,041-670-2455,태안군농업기술센터,2019-05-31,4620000,충청남도 태안군
태안군농업기술센터(북부지소),041-670-2249,충청남도 태안군 원북면 원이로 1015,충청남도 태안군 원북면 원이로 1015,36.8348597047,126.270937989,32,14,11,30,37,2,0,0,37,041-670-2249,태안군농업기술센터,2019-05-31,4620000,충청남도 태안군
태안군농업기술센터(중부지소),041-670-5078,충청남도 태안군 근흥면 마금로 227,충청남도 태안군 근흥면 마금리 326,36.7519720657,126.2256278543,23,13,21,31,26,0,0,0,34,041-670-5078,태안군농업기술센터,2019-05-31,4620000,충청남도 태안군
담양군농기계임대사업소(본소),061-380-3434,전라남도 담양군 담양읍 면앙정로 730,전라남도 담양군 담양읍 천변리 396-4,35.3118527214,126.9741809127,127,10,31,13,2,2,26,1,121,061-380-3420,담양군농업기술센터,2019-09-17,4850000,전라남도 담양군
울산광역시농업기술센터,052-229-5431,울산광역시 울주군 청량면 청량천변로 211,울산광역시 울주군 청량면 문죽리 253,35.314017,129.151995,65,22,42,14,7,0,0,0,굴삭기(11)+굴삭기버켓+소(2)+굴삭기버켓+대(2)+동력박피기(5)+동력퇴비살포기(4)+SS기(2)+콩예취기(2)+탈망기(2)+자동전동가위(5)+인력파종기(8)+동력이식기(채소)(2)+동력이식기(고구마)(1)+승용제초기(4)+잔가지파쇄기(7)+동력운반차(5)+승용배토기(3)+엔진주행식분무기(1)+구굴기(2)+동력제초기(2)+밭전용배토기(2)+양파이식기(1)+고소작업차(1)+인공수분기(5),052-229-5431,울산광역시농업기술센터,2019-09-27,6310000,울산광역시
함안군농기계대여은행(가야권),055-580-4482,경상남도 함안군 가야읍 삼봉로 422,경상남도 함안군 가야읍 묘사리 910,35.29098022,128.3813658,89,5,21,10,18,1,1,1,61,055-580-4401,함안군농업기술센터,2019-09-23,5400000,경상남도 함안군
함안군농기계대여은행(삼칠권),055-580-4492,경상남도 함안군 칠서면 회산길 108,경상남도 함안군 칠서면 회산리 34-3,35.31777848,128.499122,63,5,10,4,15,1,1,1,51,055-580-4401,함안군농업기술센터,2019-09-23,5400000,경상남도 함안군
강화군농기계은행 본점,032-930-4174,인천광역시 강화군 불은면 중앙로 742-2,인천광역시 강화군 불은면 삼성리 1027-42,37.7034251994,126.4355979555,159,13,39,27,42,5,0,0,114대,032-930-3114,인천광역시 강화군청,2019-09-20,3570000,인천광역시 강화군
강화군농기계은행 교동분점,032-932-4121,인천광역시 강화군 교동면 교동남로 333,인천광역시 강화군 교동면 상용리 876-9,37.7759740474,126.305462,73,1,13,5,17,0,0,0,37대,032-930-3114,인천광역시 강화군청,2019-09-20,3570000,인천광역시 강화군
강화군농기계은행 삼산분점,032-932-3209,인천광역시 강화군 삼산면 삼산북로 468-8,인천광역시 강화군 삼산면 석모리 525-1,37.7051130350,126.3222588925,65,2,6,3,6,0,0,0,30대,032-930-3114,인천광역시 강화군청,2019-09-20,3570000,인천광역시 강화군
강화군농기계은행 북부분점,032-933-4174,인천광역시 강화군 송해면 강화대로 842-12,인천광역시 강화군 송해면 하도리 1218,37.7664082795,126.4513763255,92,3,12,15,15,3,0,0,52대,032-930-3114,인천광역시 강화군청,2019-09-20,3570000,인천광역시 강화군
광양시 농업기술센터 기술보급과,061-797-3433,전라남도 광양시 봉강면 인덕로 1169-20,전라남도 광양시 봉강면 지곡리 862-36,34.98789317,127.576521,94,26,72,13,15,17,22,15,335,061-797-3558,전라남도 광양시청,2019-03-22,4840000,전라남도 광양시
본점,061-339-2601,전라남도 나주시 동방1길 14,전라남도 나주시 동수동 144,34.9786343202,126.681862,24,2,15,9,9,2,21,15,"SS기(1)+SS퇴비살포기(4)+과수용작업대(1)외  108종,325대",061-339-2601,전라남도 나주시청,2019-07-01,4830000,전라남도 나주시
북부권역(금천),061-339-2602,전라남도 나주시 금천면 벽류길 18,전라남도 나주시 오강리 482-1,35.030685,126.750684,10,2,5,8,7,2,0,16,"SS기(1)+SS퇴비살포기(5)외 109종,147대",061-339-2602,전라남도 나주시청,2019-07-01,4830000,전라남도 나주시
동부권역(봉황),061-331-4423,전라남도 나주시 봉황면 봉황로 708,전라남도 나주시 죽석리 6991,34.9557542659,126.7797834308,9,2,3,3,7,1,0,7,"SS퇴비살포기(5) 외  110종, 152대",061-331-4423,전라남도 나주시청,2019-07-01,4830000,전라남도 나주시
서부권역(문평),061-339-2604,전라남도 나주시 문평면 금신길 5,전라남도 나주시 문평면 옥당리 412,35.025986,126.6222158767,8,2,5,3,5,1,0,8,"SS퇴비살포기(3) 외  110종,125대",061-339-2604,전라남도 나주시청,2019-07-01,4830000,전라남도 나주시
북동권역(남평),061-339-2605,전라남도 나주시 남평읍 세남로 1726-19,전라남도 나주시 남평읍 대교리 202-7,35.042097,126.8378149256,5,2,3,3,4,1,0,5,"SS퇴비살포기(2) 외  110종,81대",061-339-2605,전라남도 나주시청,2019-07-01,4830000,전라남도 나주시
북서권역(노안),061-335-5994,전라남도 나주시 노안면 금산로 80,전라남도 나주시 금동리 301,35.0805065237,126.7288955112,3,2,3,2,4,0,0,4,"SS퇴비살포기(2) 외  110종,65대",061-335-5994,전라남도 나주시청,2019-07-01,4830000,전라남도 나주시
남부권역(공산),061-339-2606,전라남도 나주시 공산면 나주서부로 1385,전라남도 나주시 공산면 동촌리 906-3,34.9366440701,126.5808218059,3,0,0,2,4,0,0,4,"SS퇴비살포기(1) 외  110종, 63대",061-339-2606,전라남도 나주시청,2019-07-01,4830000,전라남도 나주시
예산군 농기계임대사업장(본소),041-339-8134,충청남도 예산군 신암면 오신로 852,충청남도 예산군 신암면 종경리 281-22,36.74272204,126.8140246,155,15,23,22,29,14,6,4,자주형 동력기계 보험가입필요,041-339-8134,예산군 농업기술센터,2019-09-26,4610000,충청남도 예산군
천안시농업기술센터동남구임대사업소,041-521-2966,충청남도 천안시 동남구 목천읍 목천안터1길15,충청남도 천안시 동남구 목천읍 신계리 280-1,36.7755080592,127.2078977638,89,17,34,11,20,8,7,1,논두렁예취기(3)+콩예취기(2)+동력배토기(1)+육묘운반기(1)+인삼종자과육제거기(1)+보리정맥기(1)+동력분무기(3)+과수박피기(8)+승용제초기(21)+잔가지파쇄기(7)+휴대용전동가위(11)+SS방제기(1)+자동릴방제기(2)+퇴비살포기(10)+스키드로더(3)+액비살포기(1)+농용굴삭기(8)+동력운반차(4)+동력절단기(2)+잡곡수확기(1),041-521-2962,충청남도천안시농업기술센터,2019-08-28,4490000,충청남도 천안시
천안시농업기술센터서북구구임대사업소,041-521-2267,충청남도 천안시 서북구 성거읍 오목모전길38-17,충청남도 천안시 서북구 성거읍 오목리 산35-1,36.8985118152,127.2083251786,75,19,18,11,22,5,5,2,논두렁예취기(2)+콩예취기(2)+훈탄제조기(1)+과수박피기(6)+승용제초기(15)+잔가지파쇄기(4)+동력제초기(2)+휴대용전동가위(7)+동물사체처리기(1)+무인모우아(1)+자동릴방제기(1)+퇴비살포기(5)+사각볏집절단기(1)+스키드로더(1)+농용굴삭기(5)+동력운반차(2)+동력절단기(1)+동력제초기(1),041-521-2962,충청남도천안시농업기술센터,2019-08-28,4490000,충청남도 천안시
남원시 농기계임대사업(이백본소),063-620-8023,전라북도 남원시 이백로 309,전라북도 남원시 이백면 서곡리 429,35.4253754041,127.4406483462,69,17,18,18,16,2,2,0,70,063-620-8022,전라북도 남원시,2019-09-10,4700000,전라북도 남원시
남원시 농기계임대사업(금지분소),063-620-5554,전라북도 남원시 금지면 물머리로 12,전라북도 남원시 금지면 창산리 72-2,35.346001,127.3032268,64,15,24,20,17,1,1,0,71,063-620-8022,전라북도 남원시,2019-09-10,4700000,전라북도 남원시
남원시 농기계임대사업(인월분소),063-620-5557,전라북도 남원시 인월면 황산로 1733,전라북도 남원시 인월면 서무리 1055-4,35.46172141,127.5935733,65,18,19,16,20,2,1,0,71,063-620-8022,전라북도 남원시,2019-09-10,4700000,전라북도 남원시
남원시 농기계임대사업(사매분소),036-620-5551,전라북도 남원시 사매면 덕오로 52,전라북도 남원시 사매면 오신리 818-1,35.49467987,127.3576326,59,14,17,15,13,2,1,0,56,063-620-8022,전라북도 남원시,2019-09-10,4700000,전라북도 남원시
영덕군농업기술센터 농기계임대사업소 본소,054-730-6891,경상북도 영덕군 영덕읍 구미2길 16,경상북도 영덕군 영덕읍 구미리 70,36.4352270654,129.357369233,2,0,12,11,14,0,0,0,농용동력운반차(3)+농용굴삭기(3)+동력제초기(6)+스프드스프레이어(4)+동력파쇄기(6)+동력퇴비살포기(1),054-730-6861,경상북도 영덕군청,2019-09-19,5180000,경상북도 영덕군
영덕군농업기술센터 농기계임대사업소 북부분소,054-730-7761,경상북도 영덕군 영해면 창수영해로 487,경상북도 영덕군 영해면 벌영리 563-2,36.5423100341,129.396328,2,0,10,9,7,0,0,0,농용동력운반차(2)+농용굴삭기(2)+동력제초기(2)+스프드스프레이어(2)+동력파쇄기(3)+동력퇴비살포기(2),054-730-6861,경상북도 영덕군청,2019-09-19,5180000,경상북도 영덕군
본소임대사업소,063-650-5141,전라북도 순창군 유등면 담순로 1548,전라북도 순창군 유등면 건곡리 750-1,35.379684,127.1638438863,102,17,26,16,17,21,2,1,176,063-650-5128,순창군농업기술센터,2019-06-30,4770000,전라북도 순창군
서부권임대사업소,063-650-5158,전라북도 순창군 구림면 삭골길 37,전라북도 순창군 구림면 월정리 498-1,35.435528569,127.0414132603,51,10,20,16,13,15,0,1,86,063-650-5128,순창군농업기술센터,2019-06-30,4770000,전라북도 순창군
농기계임대사업(본점),061-320-2502,전라남도 함평군 학교면 학교화산길 88,전라남도 함평군 학교면 월산리 1544,35.0530551,126.5408855858,71,0,15,6,10,13,2,0,44,061-320-2470,함평군 농업기술센터,2019-09-24,4960000,전라남도 함평군
농기계임대사업(동부점),061-320-2900,전라남도 함평군 해보면 해삼로 392-12,전라남도 함평군 해보면 문장리 647,35.18428906,126.6066281,41,4,10,4,6,8,2,0,30,061-320-2470,함평군 농업기술센터,2019-09-24,4960000,전라남도 함평군
농기계임대사업(서부점),061-320-2903,전라남도 함평군 손불면 손무로 728,전라남도 함평군 손불면 대전리 190,35.14173886,126.4338171,47,0,10,5,6,6,1,0,33,061-320-2470,함평군 농업기술센터,2019-09-24,4960000,전라남도 함평군
담양군농기계임대사업소(남부지소),061-380-3426,전라남도 담양군 창평면 용운길 31,전라남도 담양군 창평면 삼천리 192-3,35.23314427,127.0238255,47,5,12,8,5,1,5,0,31,061-380-3420,담양군농업기술센터,2019-09-17,4850000,전라남도 담양군
신북읍사무소,033-250-3601,강원도 춘천시 신북읍 율문길 75,강원도 춘천시 신북읍 율문리 293-1,37.9257076,127.7460859,3,0,0,0,0,0,6,2,9,033-250-3601,신북읍사무소,2019-08-29,4180000,강원도 춘천시
동면사무소,033-250-3602,강원도 춘천시 동면 가산로 69,강원도 춘천시 동면 지내리 209-15,37.9103502,127.7811101810,5,5,4,0,0,0,1,0,6,033-250-3602,동면사무소,2019-08-29,4180000,강원도 춘천시
동산면사무소,033-250-3603,강원도 춘천시 동산면 조양길 270,강원도 춘천시 동산면 조양리 363-4,37.7521968318,127.7964605382,10,0,15,0,1,0,3,1,15,033-250-3603,동산면사무소,2019-08-29,4180000,강원도 춘천시
신동면사무소,033-250-3604,강원도 춘천시 신동면 김유정로 1418,강원도 춘천시 신동 면증리 933-4,37.8176127,127.7156245459,1,0,8,0,1,0,5,1,4,033-250-3604,신동면사무소,2019-08-29,4180000,강원도 춘천시
동내면사무소,033-250-3605,강원도 춘천시 동내면 동내로 78,강원도 춘천시 동내면 신촌리 583-1,37.8478901893,127.7611497597,7,1,6,0,0,0,3,0,16,033-250-3605,동내면사무소,2019-08-29,4180000,강원도 춘천시
남면사무소,033-250-3606,강원도 춘천시 남면 충효로 1130,강원도 춘천시 남면 발산리 693,37.7319260417,127.5996338128,14,0,3,0,0,0,2,2,10,033-250-3606,남면사무소,2019-08-29,4180000,강원도 춘천시
남산면사무소,033-250-3607,강원도 춘천시 남산면 한치로 73,강원도 춘천시 남산면 창촌리 67-3,37.7918609995,127.6461900066,13,0,1,0,0,0,5,3,5,033-250-3607,남산면사무소,2019-08-29,4180000,강원도 춘천시
서면사무소,033-250-3608,강원도 춘천시 서면 금산길 31,강원도 춘천시 서면 금산리 925-2,37.8987108,127.6927959,31,0,18,2,2,0,3,0,3,033-250-3608,서면사무소,2019-08-29,4180000,강원도 춘천시
사북면사무소,033-250-3609,강원도 춘천시 사북면 영서로 4721,강원도 춘천시 사북면 신포리 413-3,38.02976027,127.6406282,14,1,6,1,0,0,5,3,11,033-250-3609,사북면사무소,2019-08-29,4180000,강원도 춘천시
북산면사무소,033-250-3610,강원도 춘천시 북산면 493,강원도 춘천시 북산면 오항리 398,37.9872196532,127.8861208567,6,2,0,0,1,0,3,1,5,033-250-3610,북산면사무소,2019-08-29,4180000,강원도 춘천시
강남동주민센터,033-250-3624,강원도 춘천시 방송길 86,강원도 춘천시 온의동 17-5,37.86791566,127.7189513,0,0,0,0,0,0,0,0,0,033-250-3624,강남동주민센터,2019-08-29,4180000,강원도 춘천시
신사우동사무소,033-250-3625,강원도 춘천시 사우4길 28,강원도 춘천시 사농동 99-7,37.90593288,127.7279040784,0,0,0,0,0,0,0,0,3,033-250-3625,신사우동사무소,2019-08-29,4180000,강원도 춘천시
농업기술센터,033-250-3381,강원도 춘천시 신북읍 신샘밭로 365,강원도 춘천시 신북읍 율문리 272-14,37.9261996366,127.7514834473,81,3,25,1,13,1,3,11,71,033-250-3381,농업기술센터,2019-08-29,4180000,강원도 춘천시
보은군농업기술센터 농기계임대사업소,043-540-5754,충청북도 보은군 보은읍 남부로 4737,충청북도 보은군 보은읍 강산리 55-1,36.5048113097,127.7153866157,88,82,168,17,60,2,2,0,194,043-543-5959,보은군농업기술센터,2019-09-16,4420000,충청북도 보은군
가평군농업기술센터,031-580-2880,경기도 가평군 가평읍 아랫마장길 59,경기도 가평군 가평읍 승안리 100,37.8459716369,127.4986540628,15,1,6,3,18,17,19,14,동력이식기(5)+돌수집기(3)+ㅡ키로더(3),031-580-2880,가평군농업기술센터,2019-09-05,4160000,경기도 가평군
단성농기계임대사업소,055-970-7961,경상남도 산청군 단성면 목화로909,경상남도 산청군 단성면 사월리 22,35.2924418576,127.9581545393,65,17,18,2,8,10,0,1,30,055-970-7961,경상남도 산청군 농업기술센터,2019-05-14,5450000,경상남도 산청군
산청농기계임대사업소,055-970-7953,경상남도 산청군 산청읍 정곡척지로3번길62,경상남도 산청군 산청읍 병정리326-1,35.4026965919,127.9007669874,86,18,18,3,10,14,0,5,35,055-970-7953,경상남도 산청군 농업기술센터,2019-05-14,5450000,경상남도 산청군
남부농기계임대사업소,054-650-8144,경상북도 예천군 풍양면 삼강로 451-1,경상북도 예천군 풍양면 낙상리 205,36.509640,128.302591,40,10,7,8,17,1,0,0,인력파종기(21)+농용굴삭기(1)+자주형콩탈곡기(2)+자주형야채이식기(1)+엔진형콩탈곡기(5)+자주형콩탈곡기(2)+보행제초기(2)+자주형퇴비살포기(1)+자주형잔가지파쇄기(1)+모터형잡곡탈곡기(2)+모터형파이프밴딩성형기(2)+자주형콩수확기(5)+모터형탈망기(1)+자주형동력배토기(2)+거치식풍구(1)+동력덩굴파쇄기(2)+동력파종기(1),054-650-8200,경상북도 예천군농업기술센터,2019-09-17,5230000,경상북도 예천군
농기계임대사업소,054-650-8200,경상북도 예천군 예천읍 도효자로 87-56,경상북도 예천군 예천읍 생천리 721-25,36.677143,128.461609,116,31,63,51,41,2,0,2,자주형잔가지파쇄기(16)+스피드스프레이어(2)+자주형승용제초기(3)+자주형콩수확기(10)+모터형콩탈곡기(15)+자주형농용굴삭기(9)+모터형마늘쪽분리기(3)+인력파종기(32)+모터형파이프밴딩성형기(4)+모터형탈망기(4)+SS기탑재형퇴비살포기(3)+자주형덩굴파쇄기(6)+모터형잡곡탈곡기(2)+엔진형콩탈곡기(3)+자주형보행제초기(5)+자주형야채이식기(3)+모터형풍구(2)+모터형땅콩탈곡기(1)+땅콩탈피기(2)+자주형참깨수확기(3)+자주형들깨탈곡기(2),054-650-8200,경상북도 예천군농업기술센터,2019-09-17,5230000,경상북도 예천군
농업기계임대사업소 금마분소,063-859-4955,전라북도 익산시 금마면 제석사지로 21-2,전라북도 익산시 금마면 동고도리 952-17,35.9842958012,127.056385,45,1,35,7,10,5,0,0,고추세척기(3)외 14종(29),063-859-4954,익산시농업기술센터,2019-09-16,4680000,전라북도 익산시
농업기계임대사업소 함열본소,063-859-4325,전라북도 익산시 함열읍 익산대로 1366-20,전라북도 익산시 함열읍 다송리 721-36,36.0404244,126.9586473,75,4,66,13,20,15,0,0,고추세척기(2)외 18종(46),063-859-4959,익산시농업기술센터,2019-09-16,4680000,전라북도 익산시
농기계 임대은행 본점,054-421-2563,경상북도 김천시 구성면 남김천대로 3296-22,경상북도 김천시 구성면 하강리 56번지,36.0777132148,128.099372335,42,5,5,16,13,0,10,0,25,054-421-2551,김천시농업기술센터,2019-09-16,5060000,경상북도 김천시
농기계 임대은행 동부지점,054-430-1429,경상북도 김천시 초곡길 25(율곡동),경상북도 김천시 율곡동 6-1691,36.1303606581,128.178097283,32,3,3,8,14,0,4,0,18,054-421-2551,김천시농업기술센터,2019-09-16,5060000,경상북도 김천시
농기계 임대은행 서부지점,054-432-5166,경상북도 김천시 봉산면 봉산2로 30,경상북도 김천시 봉산면 신리 205,36.132835,128.056820547,30,3,3,5,9,0,6,0,31,054-421-2551,김천시농업기술센터,2019-09-16,5060000,경상북도 김천시
농기계 임대은행 남부지점,054-435-1044,경상북도 김천시 지례면 지례로 40,경상북도 김천시 지례면 상부리 111,35.9887168508,128.034491099,33,4,5,6,11,0,5,0,15,054-421-2551,김천시농업기술센터,2019-09-16,5060000,경상북도 김천시
농기계 임대은행 북부지점,054-433-5273,경상북도 김천시 감문면 감문로 1043,경상북도 김천시 감문면 보광리 393,36.2135137412,128.180067769,42,3,3,8,11,0,8,0,22,054-421-2551,김천시농업기술센터,2019-09-16,5060000,경상북도 김천시
동해시농업기술센터 망상지소,033-530-2438,강원도 동해시 초구길 2,강원도 동해시 초구동 110,37.5764959060,129.0880274337,20,7,15,6,11,1,3,0,0,033-530-2438,강원도 동해시농업기술센터,2019-09-10,4210000,강원도 동해시
동해시농업기술센터 북평지소,033-530-2439,강원도 동해시 이원길 77-5,강원도 동해시 이도동 657-4,37.4809988,129.1006932,21,8,14,6,11,0,3,0,0,033-530-2438,강원도 동해시농업기술센터,2019-09-10,4210000,강원도 동해시
농업기계임대센터본소,054-873-2161,경상북도 청송군 청송읍 주왕산로 172-9,경상북도 청송군 청송읍 송생리 715,36.3903162889,129.078227913,69,15,22,8,26,5,3,0,SS기(3)+농용굴삭기(5)+농용고소작업차(8)+동력살분무기(4)+승용제초기(9)+잔가지파쇄기(10)+콩수확기(9)+퇴비살포기(6)+파이프밴딩기(1)+농용고압세척기(3)+동력제초기(5)+농용로우더(1)+사료작물수확기(1)+꿀벌응애기화훈증기(1)+채소이식기(2),054-873-2440,경상북도 청송군 농업기술센터,2019-09-09,5160000,경상북도 청송군
농업기계임대센터남부상담소,054-870-6557,경상북도 청송군 안덕면 안덕로 47,경상북도 청송군 안덕면 명당리 368,36.288317889,128.956575359,30,9,11,3,16,1,2,0,SS기(2)+농용굴삭기(3)+농용고소작업차(3)+동력살분무기(2)+승용제초기(11)+잔가지파쇄기(5)+콩수확기(3)+퇴비살포기(1)+파이프밴딩기(1)+농용고압세척기(2)+동력제초기(3)+농용로우더(1)+사료작물수확기(1)+채소이식기(1),054-873-2440,경상북도 청송군 농업기술센터,2019-09-09,5160000,경상북도 청송군
농업기계임대센터진보상담소,054-870-6871,경상북도 청송군 진보면 양정길 47,경상북도 청송군 진보면 각산리 501-1,36.5335984398,129.053435,21,7,6,3,11,12,4,0,SS기(2)+농용굴삭기(2)+농용고소작업차(5)+승용제초기(4)+잔가지파쇄기(5)+콩수확기(4)+퇴비살포기(5)+농용로우더(1),054-873-2440,경상북도 청송군 농업기술센터,2019-09-09,5160000,경상북도 청송군
중부임대사업소,063-640-4515,전라북도 임실군 임실읍 봉황로 371,전라북도 임실군 임실읍 두곡리 42-1,35.6300363,127.2900121,121,17,35,33,28,6,2,4,57,063-640-2773,전라북도 임실군청,2019-05-01,4760000,전라북도 임실군
남부임대사업소,063-640-4516,전라북도 임실군 오수면 오수로 195-60,전라북도 임실군 오수면 대명리 699-2,35.5363203,127.3321234,67,24,10,13,19,3,2,6,50,063-640-2773,전라북도 임실군청,2019-05-01,4760000,전라북도 임실군
북부임대사업소,063-640-4517,전라북도 임실군 신덕면 수지로 36,전라북도 임실군 신덕면 수천리 894-3,35.6806259715,127.173232246,32,13,13,16,9,1,0,1,22,063-640-2773,전라북도 임실군청,2019-05-01,4760000,전라북도 임실군
서부임대사업소,063-640-4518,전라북도 임실군 강진면 강동로 1346,전라북도 임실군 강진면 갈담리 505,35.5283218287,127.1603291,39,13,9,16,12,1,0,2,42,063-640-2773,전라북도 임실군청,2019-05-01,4760000,전라북도 임실군